-- --------------------------------------------------------
-- Host:                         localhost
-- Server version:               10.4.28-MariaDB - mariadb.org binary distribution
-- Server OS:                    Win64
-- HeidiSQL Version:             12.10.0.7000
-- --------------------------------------------------------

/*!40101 SET @OLD_CHARACTER_SET_CLIENT=@@CHARACTER_SET_CLIENT */;
/*!40101 SET NAMES utf8 */;
/*!50503 SET NAMES utf8mb4 */;
/*!40103 SET @OLD_TIME_ZONE=@@TIME_ZONE */;
/*!40103 SET TIME_ZONE='+00:00' */;
/*!40014 SET @OLD_FOREIGN_KEY_CHECKS=@@FOREIGN_KEY_CHECKS, FOREIGN_KEY_CHECKS=0 */;
/*!40101 SET @OLD_SQL_MODE=@@SQL_MODE, SQL_MODE='NO_AUTO_VALUE_ON_ZERO' */;
/*!40111 SET @OLD_SQL_NOTES=@@SQL_NOTES, SQL_NOTES=0 */;

-- Dumping structure for table pos_resto.auto_number
CREATE TABLE IF NOT EXISTS `auto_number` (
  `id` int(11) NOT NULL AUTO_INCREMENT,
  `name` varchar(50) CHARACTER SET utf8mb4 COLLATE utf8mb4_bin DEFAULT NULL,
  `prefix` varchar(50) CHARACTER SET utf8mb4 COLLATE utf8mb4_bin DEFAULT NULL,
  `digit` int(11) NOT NULL DEFAULT 6,
  `runningNumber` int(11) NOT NULL DEFAULT 0,
  `lastRecord` varchar(50) DEFAULT NULL,
  `updateDate` datetime DEFAULT '2024-01-01 00:00:00',
  PRIMARY KEY (`id`) USING BTREE
) ENGINE=InnoDB AUTO_INCREMENT=321 DEFAULT CHARSET=utf8mb4 COLLATE=utf8mb4_general_ci;

-- Dumping data for table pos_resto.auto_number: ~0 rows (approximately)
INSERT INTO `auto_number` (`id`, `name`, `prefix`, `digit`, `runningNumber`, `lastRecord`, `updateDate`) VALUES
	(1, 'cart', 'yymmdd', 6, 17, '250526000017', '2025-05-26 19:40:55'),
	(320, 'sendOrder', 'SO', 6, 67, 'SO000067', '2025-05-26 18:50:03');

-- Dumping structure for table pos_resto.cart
CREATE TABLE IF NOT EXISTS `cart` (
  `id` varchar(50) NOT NULL DEFAULT '',
  `outletId` int(11) NOT NULL DEFAULT 0,
  `outletTableMapId` int(11) NOT NULL DEFAULT 0,
  `cover` int(11) NOT NULL DEFAULT 0,
  `tableMapStatusId` int(11) NOT NULL DEFAULT 0,
  `close` tinyint(4) NOT NULL DEFAULT 0,
  `totalItem` tinyint(4) NOT NULL DEFAULT 0,
  `totalAmount` int(11) NOT NULL DEFAULT 0,
  `tips` int(11) NOT NULL DEFAULT 0,
  `grandTotal` int(11) NOT NULL DEFAULT 0,
  `startDate` datetime NOT NULL DEFAULT '2025-01-01 00:00:00',
  `endDate` datetime NOT NULL DEFAULT '2025-01-01 00:00:00',
  `presence` tinyint(2) NOT NULL DEFAULT 1,
  `inputDate` datetime NOT NULL DEFAULT '2025-01-01 00:00:00',
  `inputBy` smallint(6) NOT NULL DEFAULT 1,
  `updateDate` datetime NOT NULL DEFAULT '2025-01-01 00:00:00',
  `updateBy` smallint(6) NOT NULL DEFAULT 1,
  PRIMARY KEY (`id`)
) ENGINE=InnoDB DEFAULT CHARSET=utf16 COLLATE=utf16_bin;

-- Dumping data for table pos_resto.cart: ~20 rows (approximately)
INSERT INTO `cart` (`id`, `outletId`, `outletTableMapId`, `cover`, `tableMapStatusId`, `close`, `totalItem`, `totalAmount`, `tips`, `grandTotal`, `startDate`, `endDate`, `presence`, `inputDate`, `inputBy`, `updateDate`, `updateBy`) VALUES
	('250515000006', 1002, 82, 4, 10, 1, 2, 80800, 0, 80800, '2025-05-15 15:59:04', '2025-05-19 01:12:03', 1, '2025-05-15 15:59:04', 1, '2025-05-19 01:12:03', 1),
	('250515000010', 1002, 74, 4, 10, 1, 7, 663318, 0, 712318, '2025-05-15 16:52:27', '2025-05-18 19:28:21', 1, '2025-05-15 16:52:27', 1, '2025-05-18 19:28:21', 1),
	('250515000011', 1002, 75, 5, 10, 1, 6, 448800, 0, 448800, '2025-05-15 16:53:54', '2025-05-18 19:28:59', 1, '2025-05-15 16:53:54', 1, '2025-05-18 19:28:59', 1),
	('250515000012', 1002, 81, 4, 10, 1, 5, 240400, 0, 240400, '2025-05-15 18:34:46', '2025-05-19 01:00:14', 1, '2025-05-15 18:34:46', 1, '2025-05-19 01:00:14', 1),
	('250517000002', 1002, 76, 4, 10, 1, 3, 103700, 0, 103700, '2025-05-17 17:53:20', '2025-05-19 19:27:28', 1, '2025-05-17 17:53:20', 1, '2025-05-19 19:27:28', 1),
	('250518000002', 1002, 74, 4, 10, 1, 4, 367100, 0, 367100, '2025-05-18 19:29:10', '2025-05-18 23:51:33', 1, '2025-05-18 19:29:10', 1, '2025-05-18 23:51:33', 1),
	('250519000003', 1002, 74, 4, 10, 1, 4, 140600, 0, 140600, '2025-05-19 01:08:57', '2025-05-19 01:11:46', 1, '2025-05-19 01:08:57', 1, '2025-05-19 01:11:46', 1),
	('250519000004', 0, 74, 4, 10, 0, 0, 0, 0, 0, '2025-05-19 01:35:40', '2025-05-19 01:35:40', 1, '2025-05-19 01:35:40', 1, '2025-01-01 00:00:00', 1),
	('250519000005', 0, 80, 3, 10, 0, 0, 0, 0, 0, '2025-05-19 01:37:40', '2025-05-19 01:37:40', 1, '2025-05-19 01:37:40', 1, '2025-01-01 00:00:00', 1),
	('250519000006', 0, 28, 4, 10, 1, 2, 61800, 0, 61800, '2025-05-19 01:39:59', '2025-05-19 19:27:45', 1, '2025-05-19 01:39:59', 1, '2025-05-19 19:27:45', 1),
	('250519000008', 15, 15, 4, 10, 1, 3, 103700, 0, 103700, '2025-05-19 15:29:08', '2025-05-19 19:25:22', 1, '2025-05-19 15:29:08', 1, '2025-05-19 19:25:22', 1),
	('250519000009', 15, 10, 5, 10, 1, 7, 517600, 0, 566600, '2025-05-19 16:42:39', '2025-05-19 19:27:11', 1, '2025-05-19 16:42:39', 1, '2025-05-19 19:27:11', 1),
	('250519000010', 15, 50, 4, 10, 1, 4, 284200, 0, 284200, '2025-05-19 16:54:39', '2025-05-26 19:22:33', 1, '2025-05-19 16:54:39', 1, '2025-05-26 19:22:33', 1),
	('250519000011', 15, 41, 4, 10, 1, 4, 147600, 0, 147600, '2025-05-19 19:27:57', '2025-05-19 19:28:17', 1, '2025-05-19 19:27:57', 1, '2025-05-19 19:28:17', 1),
	('250519000012', 15, 4, 4, 10, 1, 5, 214020, 0, 243540, '2025-05-19 19:29:50', '2025-05-26 17:07:47', 1, '2025-05-19 19:29:50', 1, '2025-05-26 17:07:47', 1),
	('250526000013', 15, 3, 4, 10, 0, 0, 0, 0, 0, '2025-05-26 17:11:21', '2025-05-26 17:11:21', 0, '2025-05-26 17:11:21', 1, '2025-05-26 17:27:52', 1),
	('250526000014', 15, 15, 4, 10, 0, 0, 0, 0, 0, '2025-05-26 17:50:07', '2025-05-26 17:50:07', 0, '2025-05-26 17:50:07', 1, '2025-05-26 18:11:11', 1),
	('250526000015', 15, 15, 4, 10, 1, 3, 326308, 0, 371316, '2025-05-26 18:11:14', '2025-05-26 19:40:38', 1, '2025-05-26 18:11:14', 1, '2025-05-26 19:40:38', 1),
	('250526000016', 15, 15, 4, 10, 1, 3, 120292, 0, 136884, '2025-05-26 18:49:52', '2025-05-26 19:40:28', 1, '2025-05-26 18:49:52', 1, '2025-05-26 19:40:28', 1),
	('250526000017', 15, 1, 4, 10, 0, 0, 0, 0, 0, '2025-05-26 19:40:55', '2025-05-26 19:40:55', 1, '2025-05-26 19:40:55', 1, '2025-01-01 00:00:00', 1);

-- Dumping structure for table pos_resto.cart_copy_bill
CREATE TABLE IF NOT EXISTS `cart_copy_bill` (
  `id` int(11) NOT NULL AUTO_INCREMENT,
  `cartId` varchar(50) NOT NULL DEFAULT '0',
  `presence` tinyint(2) NOT NULL DEFAULT 1,
  `inputDate` datetime NOT NULL DEFAULT '2025-01-01 00:00:00',
  `inputBy` smallint(6) NOT NULL DEFAULT 1,
  `updateDate` datetime NOT NULL DEFAULT '2025-01-01 00:00:00',
  `updateBy` smallint(6) NOT NULL DEFAULT 1,
  PRIMARY KEY (`id`)
) ENGINE=InnoDB AUTO_INCREMENT=8 DEFAULT CHARSET=utf16 COLLATE=utf16_bin;

-- Dumping data for table pos_resto.cart_copy_bill: ~0 rows (approximately)
INSERT INTO `cart_copy_bill` (`id`, `cartId`, `presence`, `inputDate`, `inputBy`, `updateDate`, `updateBy`) VALUES
	(1, '250526000016', 1, '2025-05-26 19:35:42', 1, '2025-05-26 19:35:42', 1),
	(2, '250526000016', 1, '2025-05-26 19:35:58', 1, '2025-05-26 19:35:58', 1),
	(3, '250526000016', 1, '2025-05-26 19:36:00', 1, '2025-05-26 19:36:00', 1),
	(4, '250526000016', 1, '2025-05-26 19:40:08', 1, '2025-05-26 19:40:08', 1),
	(5, '250526000016', 1, '2025-05-26 19:40:32', 1, '2025-05-26 19:40:32', 1),
	(6, '250526000015', 1, '2025-05-26 19:40:40', 1, '2025-05-26 19:40:40', 1),
	(7, '250526000015', 1, '2025-05-26 19:40:41', 1, '2025-05-26 19:40:41', 1);

-- Dumping structure for table pos_resto.cart_item
CREATE TABLE IF NOT EXISTS `cart_item` (
  `id` int(11) NOT NULL AUTO_INCREMENT,
  `cartId` varchar(50) NOT NULL DEFAULT '',
  `menuId` int(11) NOT NULL DEFAULT 0,
  `menuTaxScId` tinyint(4) NOT NULL DEFAULT 0,
  `originPrice` int(11) NOT NULL DEFAULT 0,
  `taxRate` tinyint(4) NOT NULL DEFAULT 0,
  `taxAmount` int(11) NOT NULL DEFAULT 0,
  `taxStatus` tinyint(4) NOT NULL DEFAULT 0,
  `scRate` tinyint(4) NOT NULL DEFAULT 0,
  `scAmount` int(11) NOT NULL DEFAULT 0,
  `scStatus` tinyint(4) NOT NULL DEFAULT 0,
  `price` int(11) NOT NULL DEFAULT 0,
  `sendOrder` varchar(50) NOT NULL DEFAULT '',
  `void` tinyint(4) NOT NULL DEFAULT 0,
  `menuCategoryId` int(11) NOT NULL DEFAULT 0,
  `menuDepartmentId` int(11) NOT NULL DEFAULT 0,
  `presence` tinyint(2) NOT NULL DEFAULT 1,
  `inputDate` datetime NOT NULL DEFAULT '2025-01-01 00:00:00',
  `inputBy` smallint(6) NOT NULL DEFAULT 1,
  `updateDate` datetime NOT NULL DEFAULT '2025-01-01 00:00:00',
  `updateBy` smallint(6) NOT NULL DEFAULT 1,
  PRIMARY KEY (`id`) USING BTREE
) ENGINE=InnoDB AUTO_INCREMENT=209 DEFAULT CHARSET=utf16 COLLATE=utf16_bin;

-- Dumping data for table pos_resto.cart_item: ~189 rows (approximately)
INSERT INTO `cart_item` (`id`, `cartId`, `menuId`, `menuTaxScId`, `originPrice`, `taxRate`, `taxAmount`, `taxStatus`, `scRate`, `scAmount`, `scStatus`, `price`, `sendOrder`, `void`, `menuCategoryId`, `menuDepartmentId`, `presence`, `inputDate`, `inputBy`, `updateDate`, `updateBy`) VALUES
	(12, '250515000006', 20, 0, 0, 0, 0, 0, 0, 0, 0, 36900, '0', 0, 1, 2, 0, '2025-05-15 16:23:13', 1, '2025-05-19 01:08:34', 1),
	(13, '250515000006', 21, 0, 0, 0, 0, 0, 0, 0, 0, 43900, '0', 0, 1, 2, 0, '2025-05-15 16:23:14', 1, '2025-05-19 01:08:34', 1),
	(14, '250515000006', 27, 0, 0, 0, 0, 0, 0, 0, 0, 27900, '0', 0, 7, 2, 0, '2025-05-15 16:23:29', 1, '2025-05-19 01:08:34', 1),
	(15, '250515000006', 22, 0, 0, 0, 0, 0, 0, 0, 0, 48900, '0', 0, 1, 2, 0, '2025-05-15 16:23:30', 1, '2025-05-19 01:08:34', 1),
	(16, '250515000006', 18, 0, 0, 0, 0, 0, 0, 0, 0, 43900, '0', 0, 1, 2, 0, '2025-05-15 16:23:39', 1, '2025-05-19 01:08:34', 1),
	(17, '250515000006', 18, 0, 0, 0, 0, 0, 0, 0, 0, 43900, '0', 0, 1, 2, 0, '2025-05-15 16:23:39', 1, '2025-05-19 01:08:34', 1),
	(18, '250515000010', 24, 0, 0, 0, 0, 0, 0, 0, 0, 31900, '0', 1, 5, 1, 0, '2025-05-15 16:53:59', 1, '2025-05-17 00:12:13', 1),
	(19, '250515000010', 25, 0, 0, 0, 0, 0, 0, 0, 0, 29900, '1', 0, 5, 1, 1, '2025-05-15 16:53:59', 1, '2025-05-17 17:16:44', 1),
	(20, '250515000010', 26, 0, 0, 0, 0, 0, 0, 0, 0, 41900, '0', 1, 5, 1, 0, '2025-05-15 16:54:00', 1, '2025-05-16 15:22:09', 1),
	(21, '250515000010', 18, 0, 0, 0, 0, 0, 0, 0, 0, 43900, '0', 1, 1, 2, 0, '2025-05-15 16:54:01', 1, '2025-05-16 19:10:41', 1),
	(22, '250515000010', 19, 0, 0, 0, 0, 0, 0, 0, 0, 36900, '0', 1, 1, 2, 0, '2025-05-15 16:54:01', 1, '2025-05-16 19:10:37', 1),
	(23, '250515000010', 24, 0, 0, 0, 0, 0, 0, 0, 0, 31900, '0', 1, 5, 1, 0, '2025-05-15 17:17:32', 1, '2025-05-17 00:12:13', 1),
	(24, '250515000010', 24, 0, 0, 0, 0, 0, 0, 0, 0, 31900, '0', 1, 5, 1, 0, '2025-05-15 17:17:32', 1, '2025-05-17 00:12:13', 1),
	(25, '250515000010', 24, 0, 0, 0, 0, 0, 0, 0, 0, 31900, '0', 1, 5, 1, 0, '2025-05-15 17:18:20', 1, '2025-05-17 00:12:13', 1),
	(26, '250515000010', 26, 0, 0, 0, 0, 0, 0, 0, 0, 41900, '0', 1, 5, 1, 0, '2025-05-15 17:18:24', 1, '2025-05-16 15:22:09', 1),
	(27, '250515000010', 22, 0, 0, 0, 0, 0, 0, 0, 0, 48900, '1', 1, 1, 2, 0, '2025-05-15 17:18:43', 1, '2025-05-16 23:39:47', 1),
	(28, '250515000010', 32, 0, 0, 0, 0, 0, 0, 0, 0, 19900, '0', 1, 7, 2, 0, '2025-05-15 17:18:46', 1, '2025-05-16 13:09:50', 1),
	(29, '250515000010', 40, 0, 0, 0, 0, 0, 0, 0, 0, 36900, '1', 0, 9, 2, 1, '2025-05-15 17:21:42', 1, '2025-05-17 17:16:44', 1),
	(30, '250515000010', 18, 0, 0, 0, 0, 0, 0, 0, 0, 43900, '0', 1, 0, 0, 0, '2025-05-15 18:02:19', 1, '2025-05-16 19:10:41', 1),
	(31, '250515000010', 18, 0, 0, 0, 0, 0, 0, 0, 0, 43900, '0', 1, 0, 0, 0, '2025-05-15 18:03:03', 1, '2025-05-16 19:10:41', 1),
	(32, '250515000010', 18, 0, 0, 0, 0, 0, 0, 0, 0, 43900, '0', 1, 0, 0, 0, '2025-05-15 18:03:03', 1, '2025-05-16 19:10:41', 1),
	(33, '250515000010', 18, 0, 0, 0, 0, 0, 0, 0, 0, 43900, '0', 1, 0, 0, 0, '2025-05-15 18:03:03', 1, '2025-05-16 19:10:41', 1),
	(34, '250515000010', 18, 0, 0, 0, 0, 0, 0, 0, 0, 43900, '0', 1, 0, 0, 0, '2025-05-15 18:03:03', 1, '2025-05-16 19:10:41', 1),
	(35, '250515000010', 25, 0, 0, 0, 0, 0, 0, 0, 0, 29900, '1', 0, 0, 0, 1, '2025-05-15 18:03:30', 1, '2025-05-17 17:16:44', 1),
	(36, '250515000010', 25, 0, 0, 0, 0, 0, 0, 0, 0, 29900, '1', 0, 0, 0, 1, '2025-05-15 18:03:30', 1, '2025-05-17 17:16:44', 1),
	(37, '250515000010', 19, 0, 0, 0, 0, 0, 0, 0, 0, 36900, '0', 1, 0, 0, 0, '2025-05-15 18:03:43', 1, '2025-05-16 19:10:37', 1),
	(38, '250515000010', 19, 0, 0, 0, 0, 0, 0, 0, 0, 36900, '0', 1, 0, 0, 0, '2025-05-15 18:03:43', 1, '2025-05-16 19:10:37', 1),
	(39, '250515000010', 19, 0, 0, 0, 0, 0, 0, 0, 0, 36900, '0', 1, 0, 0, 0, '2025-05-15 18:03:43', 1, '2025-05-16 19:10:37', 1),
	(40, '250515000010', 19, 0, 0, 0, 0, 0, 0, 0, 0, 36900, '0', 1, 0, 0, 0, '2025-05-15 18:03:43', 1, '2025-05-16 19:10:37', 1),
	(41, '250515000010', 19, 0, 0, 0, 0, 0, 0, 0, 0, 36900, '0', 1, 0, 0, 0, '2025-05-15 18:03:43', 1, '2025-05-16 19:10:37', 1),
	(42, '250515000010', 19, 0, 0, 0, 0, 0, 0, 0, 0, 36900, '0', 1, 0, 0, 0, '2025-05-15 18:03:43', 1, '2025-05-16 19:10:37', 1),
	(43, '250515000010', 19, 0, 0, 0, 0, 0, 0, 0, 0, 36900, '0', 1, 0, 0, 0, '2025-05-15 18:03:43', 1, '2025-05-16 19:10:37', 1),
	(44, '250515000010', 19, 0, 0, 0, 0, 0, 0, 0, 0, 36900, '0', 1, 0, 0, 0, '2025-05-15 18:03:43', 1, '2025-05-16 19:10:37', 1),
	(45, '250515000010', 19, 0, 0, 0, 0, 0, 0, 0, 0, 36900, '0', 1, 0, 0, 0, '2025-05-15 18:03:43', 1, '2025-05-16 19:10:37', 1),
	(46, '250515000010', 19, 0, 0, 0, 0, 0, 0, 0, 0, 36900, '0', 1, 0, 0, 0, '2025-05-15 18:03:43', 1, '2025-05-16 19:10:37', 1),
	(47, '250515000010', 19, 0, 0, 0, 0, 0, 0, 0, 0, 36900, '0', 1, 0, 0, 0, '2025-05-15 18:03:43', 1, '2025-05-16 19:10:37', 1),
	(48, '250515000010', 19, 0, 0, 0, 0, 0, 0, 0, 0, 36900, '0', 1, 0, 0, 0, '2025-05-15 18:03:43', 1, '2025-05-16 19:10:37', 1),
	(49, '250515000010', 24, 0, 0, 0, 0, 0, 0, 0, 0, 31900, '0', 1, 0, 0, 0, '0000-00-00 00:00:00', 1, '2025-05-17 00:12:13', 1),
	(50, '250515000010', 24, 0, 0, 0, 0, 0, 0, 0, 0, 31900, '0', 1, 0, 0, 0, '0000-00-00 00:00:00', 1, '2025-05-17 00:12:13', 1),
	(51, '250515000010', 24, 0, 0, 0, 0, 0, 0, 0, 0, 31900, '0', 1, 0, 0, 0, '0000-00-00 00:00:00', 1, '2025-05-17 00:12:13', 1),
	(52, '250515000010', 26, 0, 0, 0, 0, 0, 0, 0, 0, 41900, '0', 1, 0, 0, 0, '0000-00-00 00:00:00', 1, '2025-05-16 15:22:09', 1),
	(53, '250515000010', 26, 0, 0, 0, 0, 0, 0, 0, 0, 41900, '0', 1, 0, 0, 0, '0000-00-00 00:00:00', 1, '2025-05-16 15:22:09', 1),
	(54, '250515000010', 89, 0, 0, 0, 0, 0, 0, 0, 0, 9999, '0', 1, 16, 2, 0, '2025-05-15 18:16:48', 1, '2025-05-16 22:10:40', 1),
	(55, '250515000010', 89, 0, 0, 0, 0, 0, 0, 0, 0, 9999, '0', 1, 0, 0, 0, '0000-00-00 00:00:00', 1, '2025-05-16 22:10:40', 1),
	(56, '250515000010', 89, 0, 0, 0, 0, 0, 0, 0, 0, 9999, '0', 1, 0, 0, 0, '0000-00-00 00:00:00', 1, '2025-05-16 22:10:40', 1),
	(57, '250515000010', 89, 0, 0, 0, 0, 0, 0, 0, 0, 9999, '0', 1, 0, 0, 0, '0000-00-00 00:00:00', 1, '2025-05-16 22:10:40', 1),
	(58, '250515000010', 40, 0, 0, 0, 0, 0, 0, 0, 0, 36900, '1', 0, 9, 2, 1, '0000-00-00 00:00:00', 1, '2025-05-17 17:16:44', 1),
	(59, '250515000012', 24, 0, 0, 0, 0, 0, 0, 0, 0, 31900, '1', 1, 5, 1, 0, '2025-05-15 18:34:48', 1, '2025-05-17 17:30:30', 1),
	(60, '250515000012', 18, 0, 0, 0, 0, 0, 0, 0, 0, 43900, '0', 0, 1, 2, 1, '2025-05-15 18:34:49', 1, '2025-05-17 17:59:01', 1),
	(61, '250515000012', 19, 0, 0, 0, 0, 0, 0, 0, 0, 36900, '0', 0, 1, 2, 1, '2025-05-15 18:34:49', 1, '2025-05-17 17:59:01', 1),
	(62, '250515000012', 21, 0, 0, 0, 0, 0, 0, 0, 0, 43900, '0', 0, 1, 2, 1, '2025-05-15 18:34:50', 1, '2025-05-17 17:59:01', 1),
	(63, '250515000012', 18, 0, 0, 0, 0, 0, 0, 0, 0, 43900, '0', 0, 1, 2, 1, '2025-05-15 18:34:51', 1, '2025-05-17 17:59:01', 1),
	(64, '250515000012', 26, 0, 0, 0, 0, 0, 0, 0, 0, 41900, '0', 0, 5, 1, 1, '2025-05-15 18:34:53', 1, '2025-05-17 17:59:01', 1),
	(65, '250515000012', 25, 0, 0, 0, 0, 0, 0, 0, 0, 29900, '0', 0, 5, 1, 1, '2025-05-15 18:34:53', 1, '2025-05-17 17:59:01', 1),
	(66, '250515000010', 88, 0, 0, 0, 0, 0, 0, 0, 0, 9999, '0', 1, 16, 2, 0, '2025-05-16 18:08:13', 1, '2025-05-16 22:10:40', 1),
	(67, '250515000010', 85, 0, 0, 0, 0, 0, 0, 0, 0, 15000, '1', 0, 15, 2, 1, '2025-05-16 18:08:18', 1, '2025-05-17 17:16:44', 1),
	(68, '250515000010', 18, 0, 0, 0, 0, 0, 0, 0, 0, 43900, '0', 1, 1, 2, 0, '2025-05-16 19:09:08', 1, '2025-05-16 19:10:41', 1),
	(69, '250515000010', 19, 0, 0, 0, 0, 0, 0, 0, 0, 36900, '0', 1, 1, 2, 0, '2025-05-16 19:09:11', 1, '2025-05-16 19:10:37', 1),
	(70, '250515000010', 18, 0, 0, 0, 0, 0, 0, 0, 0, 43900, '0', 1, 1, 2, 0, '2025-05-16 19:09:13', 1, '2025-05-16 19:10:41', 1),
	(71, '250515000010', 19, 0, 0, 0, 0, 0, 0, 0, 0, 36900, '0', 1, 1, 2, 0, '2025-05-16 19:09:15', 1, '2025-05-16 19:10:37', 1),
	(72, '250515000010', 56, 0, 0, 0, 0, 0, 0, 0, 0, 29900, '1', 0, 9, 2, 1, '2025-05-16 19:09:17', 1, '2025-05-17 17:16:44', 1),
	(73, '250515000010', 56, 0, 0, 0, 0, 0, 0, 0, 0, 29900, '1', 0, 9, 2, 1, '0000-00-00 00:00:00', 1, '2025-05-17 17:16:44', 1),
	(74, '250515000010', 56, 0, 0, 0, 0, 0, 0, 0, 0, 29900, '1', 0, 9, 2, 1, '0000-00-00 00:00:00', 1, '2025-05-17 17:16:44', 1),
	(75, '250515000010', 56, 0, 0, 0, 0, 0, 0, 0, 0, 29900, '1', 0, 9, 2, 1, '0000-00-00 00:00:00', 1, '2025-05-17 17:16:44', 1),
	(76, '250515000010', 56, 0, 0, 0, 0, 0, 0, 0, 0, 29900, '1', 0, 9, 2, 1, '0000-00-00 00:00:00', 1, '2025-05-17 17:16:44', 1),
	(77, '250515000010', 30, 0, 0, 0, 0, 0, 0, 0, 0, 49900, '1', 0, 7, 2, 1, '2025-05-16 23:34:38', 1, '2025-05-17 17:16:44', 1),
	(78, '250515000010', 30, 0, 0, 0, 0, 0, 0, 0, 0, 49900, '1', 0, 7, 2, 1, '2025-05-16 23:35:02', 1, '2025-05-17 17:16:44', 1),
	(79, '250515000010', 22, 0, 0, 0, 0, 0, 0, 0, 0, 48900, '0', 1, 1, 2, 0, '0000-00-00 00:00:00', 1, '2025-05-16 23:39:47', 1),
	(80, '250515000010', 22, 0, 0, 0, 0, 0, 0, 0, 0, 48900, '0', 1, 1, 2, 0, '0000-00-00 00:00:00', 1, '2025-05-16 23:39:47', 1),
	(81, '250515000010', 22, 0, 0, 0, 0, 0, 0, 0, 0, 48900, '0', 1, 1, 2, 0, '0000-00-00 00:00:00', 1, '2025-05-16 23:39:47', 1),
	(82, '250515000010', 30, 0, 0, 0, 0, 0, 0, 0, 0, 49900, '1', 0, 7, 2, 1, '0000-00-00 00:00:00', 1, '2025-05-17 17:16:44', 1),
	(83, '250515000010', 30, 0, 0, 0, 0, 0, 0, 0, 0, 49900, '1', 0, 7, 2, 1, '0000-00-00 00:00:00', 1, '2025-05-17 17:16:44', 1),
	(84, '250515000010', 30, 0, 0, 0, 0, 0, 0, 0, 0, 49900, '1', 0, 7, 2, 1, '0000-00-00 00:00:00', 1, '2025-05-17 17:16:44', 1),
	(85, '250515000010', 24, 0, 0, 0, 0, 0, 0, 0, 0, 31900, '0', 1, 5, 1, 0, '2025-05-16 23:59:58', 1, '2025-05-17 00:12:13', 1),
	(86, '250515000012', 24, 0, 0, 0, 0, 0, 0, 0, 0, 31900, '0', 1, 5, 1, 0, '2025-05-17 17:30:26', 1, '2025-05-17 17:30:30', 1),
	(87, '250517000002', 24, 0, 0, 0, 0, 0, 0, 0, 0, 31900, '0', 0, 5, 1, 1, '2025-05-17 17:53:22', 1, '2025-05-17 17:53:22', 1),
	(88, '250517000002', 25, 0, 0, 0, 0, 0, 0, 0, 0, 29900, '0', 0, 5, 1, 1, '2025-05-17 17:53:22', 1, '2025-05-17 17:53:22', 1),
	(89, '250517000002', 26, 0, 0, 0, 0, 0, 0, 0, 0, 41900, '0', 0, 5, 1, 1, '2025-05-17 17:53:22', 1, '2025-05-17 17:53:22', 1),
	(90, '250515000011', 24, 0, 0, 0, 0, 0, 0, 0, 0, 31900, '2', 0, 5, 1, 1, '2025-05-17 18:06:19', 1, '2025-05-17 18:26:05', 1),
	(91, '250515000011', 25, 0, 0, 0, 0, 0, 0, 0, 0, 29900, '2', 0, 5, 1, 1, '2025-05-17 18:06:20', 1, '2025-05-17 18:26:05', 1),
	(92, '250515000011', 26, 0, 0, 0, 0, 0, 0, 0, 0, 41900, '2', 0, 5, 1, 1, '2025-05-17 18:06:20', 1, '2025-05-17 18:26:05', 1),
	(93, '250515000011', 18, 0, 0, 0, 0, 0, 0, 0, 0, 43900, '2', 0, 1, 2, 1, '2025-05-17 18:06:20', 1, '2025-05-17 18:26:05', 1),
	(94, '250515000011', 19, 0, 0, 0, 0, 0, 0, 0, 0, 36900, '2', 0, 1, 2, 1, '2025-05-17 18:06:21', 1, '2025-05-17 18:26:05', 1),
	(95, '250515000011', 21, 0, 0, 0, 0, 0, 0, 0, 0, 43900, '2', 0, 1, 2, 1, '2025-05-17 18:06:21', 1, '2025-05-17 18:26:05', 1),
	(96, '250515000011', 24, 0, 0, 0, 0, 0, 0, 0, 0, 31900, '2', 0, 5, 1, 1, '0000-00-00 00:00:00', 1, '2025-05-17 18:26:05', 1),
	(97, '250515000011', 24, 0, 0, 0, 0, 0, 0, 0, 0, 31900, '2', 0, 5, 1, 1, '0000-00-00 00:00:00', 1, '2025-05-17 18:26:05', 1),
	(98, '250515000011', 24, 0, 0, 0, 0, 0, 0, 0, 0, 31900, '2', 0, 5, 1, 1, '0000-00-00 00:00:00', 1, '2025-05-17 18:26:05', 1),
	(99, '250515000011', 18, 0, 0, 0, 0, 0, 0, 0, 0, 43900, '2', 0, 1, 2, 1, '2025-05-17 18:12:36', 1, '2025-05-17 18:26:05', 1),
	(100, '250515000011', 19, 0, 0, 0, 0, 0, 0, 0, 0, 36900, '2', 0, 1, 2, 1, '2025-05-17 18:12:36', 1, '2025-05-17 18:26:05', 1),
	(101, '250515000011', 21, 0, 0, 0, 0, 0, 0, 0, 0, 43900, '2', 0, 1, 2, 1, '2025-05-17 18:12:37', 1, '2025-05-17 18:26:05', 1),
	(102, '250515000010', 26, 0, 0, 0, 0, 0, 0, 0, 0, 41900, '0', 0, 5, 1, 1, '2025-05-18 01:32:38', 1, '2025-05-18 01:32:44', 1),
	(103, '250515000010', 18, 0, 0, 0, 0, 0, 0, 0, 0, 43900, '0', 0, 1, 2, 1, '2025-05-18 01:32:39', 1, '2025-05-18 01:32:44', 1),
	(104, '250518000002', 24, 0, 0, 0, 0, 0, 0, 0, 0, 31900, '0', 0, 5, 1, 1, '2025-05-18 23:49:33', 1, '2025-05-18 23:50:20', 1),
	(105, '250518000002', 20, 0, 0, 0, 0, 0, 0, 0, 0, 36900, '0', 0, 1, 2, 1, '2025-05-18 23:49:34', 1, '2025-05-18 23:50:20', 1),
	(106, '250518000002', 21, 0, 0, 0, 0, 0, 0, 0, 0, 43900, '0', 0, 1, 2, 1, '2025-05-18 23:49:35', 1, '2025-05-18 23:50:20', 1),
	(107, '250518000002', 22, 0, 0, 0, 0, 0, 0, 0, 0, 48900, '0', 0, 1, 2, 1, '2025-05-18 23:49:35', 1, '2025-05-18 23:50:20', 1),
	(108, '250518000002', 22, 0, 0, 0, 0, 0, 0, 0, 0, 48900, '0', 0, 1, 2, 1, '0000-00-00 00:00:00', 1, '2025-05-18 23:50:20', 1),
	(109, '250518000002', 21, 0, 0, 0, 0, 0, 0, 0, 0, 43900, '0', 0, 1, 2, 1, '0000-00-00 00:00:00', 1, '2025-05-18 23:50:20', 1),
	(110, '250518000002', 20, 0, 0, 0, 0, 0, 0, 0, 0, 36900, '0', 0, 1, 2, 1, '0000-00-00 00:00:00', 1, '2025-05-18 23:50:20', 1),
	(111, '250518000002', 24, 0, 0, 0, 0, 0, 0, 0, 0, 31900, '0', 0, 5, 1, 1, '0000-00-00 00:00:00', 1, '2025-05-18 23:50:20', 1),
	(112, '250518000002', 21, 0, 0, 0, 0, 0, 0, 0, 0, 43900, '0', 0, 1, 2, 1, '0000-00-00 00:00:00', 1, '2025-05-18 23:50:20', 1),
	(113, '250519000003', 24, 0, 0, 0, 0, 0, 0, 0, 0, 31900, '0', 0, 5, 1, 1, '2025-05-19 01:08:58', 1, '2025-05-19 01:09:34', 1),
	(114, '250519000003', 25, 0, 0, 0, 0, 0, 0, 0, 0, 29900, '0', 0, 5, 1, 1, '2025-05-19 01:08:59', 1, '2025-05-19 01:09:34', 1),
	(115, '250519000003', 26, 0, 0, 0, 0, 0, 0, 0, 0, 41900, '0', 0, 5, 1, 1, '2025-05-19 01:08:59', 1, '2025-05-19 01:09:34', 1),
	(116, '250519000003', 19, 0, 0, 0, 0, 0, 0, 0, 0, 36900, '0', 0, 1, 2, 1, '2025-05-19 01:09:00', 1, '2025-05-19 01:09:34', 1),
	(117, '250515000006', 18, 0, 0, 0, 0, 0, 0, 0, 0, 43900, '0', 0, 1, 2, 1, '2025-05-19 01:11:54', 1, '2025-05-19 01:12:01', 1),
	(118, '250515000006', 19, 0, 0, 0, 0, 0, 0, 0, 0, 36900, '0', 0, 1, 2, 1, '2025-05-19 01:11:55', 1, '2025-05-19 01:12:01', 1),
	(119, '250519000004', 26, 0, 0, 0, 0, 0, 0, 0, 0, 41900, '0', 0, 5, 1, 1, '2025-05-19 01:36:47', 1, '2025-05-19 01:36:47', 1),
	(120, '250519000004', 25, 0, 0, 0, 0, 0, 0, 0, 0, 29900, '0', 0, 5, 1, 1, '2025-05-19 01:36:47', 1, '2025-05-19 01:36:47', 1),
	(121, '250519000004', 24, 0, 0, 0, 0, 0, 0, 0, 0, 31900, '0', 0, 5, 1, 1, '2025-05-19 01:36:47', 1, '2025-05-19 01:36:47', 1),
	(122, '250519000005', 24, 0, 0, 0, 0, 0, 0, 0, 0, 31900, '0', 0, 5, 1, 1, '2025-05-19 01:37:41', 1, '2025-05-19 01:47:18', 1),
	(123, '250519000005', 25, 0, 0, 0, 0, 0, 0, 0, 0, 29900, '0', 0, 5, 1, 1, '2025-05-19 01:37:41', 1, '2025-05-19 01:47:18', 1),
	(124, '250519000005', 26, 0, 0, 0, 0, 0, 0, 0, 0, 41900, '0', 0, 5, 1, 1, '2025-05-19 01:37:42', 1, '2025-05-19 01:47:18', 1),
	(125, '250519000006', 24, 0, 0, 0, 0, 0, 0, 0, 0, 31900, '0', 0, 5, 1, 1, '2025-05-19 01:40:00', 1, '2025-05-19 19:27:42', 1),
	(126, '250519000006', 25, 0, 0, 0, 0, 0, 0, 0, 0, 29900, '0', 0, 5, 1, 1, '2025-05-19 01:40:00', 1, '2025-05-19 19:27:42', 1),
	(127, '250519000008', 24, 0, 0, 0, 0, 0, 0, 0, 0, 31900, '0', 0, 5, 1, 1, '2025-05-19 15:29:10', 1, '2025-05-19 15:29:22', 1),
	(128, '250519000008', 25, 0, 0, 0, 0, 0, 0, 0, 0, 29900, '0', 0, 5, 1, 1, '2025-05-19 15:29:11', 1, '2025-05-19 15:29:22', 1),
	(129, '250519000008', 26, 0, 0, 0, 0, 0, 0, 0, 0, 41900, '0', 0, 5, 1, 1, '2025-05-19 15:29:11', 1, '2025-05-19 15:29:22', 1),
	(130, '250519000009', 24, 0, 0, 0, 0, 0, 0, 0, 0, 31900, '0', 0, 5, 1, 1, '2025-05-19 16:42:41', 1, '2025-05-19 16:43:23', 1),
	(131, '250519000009', 25, 0, 0, 0, 0, 0, 0, 0, 0, 29900, '0', 0, 5, 1, 1, '2025-05-19 16:42:41', 1, '2025-05-19 16:43:23', 1),
	(132, '250519000009', 19, 0, 0, 0, 0, 0, 0, 0, 0, 36900, '0', 0, 1, 2, 1, '2025-05-19 16:42:42', 1, '2025-05-19 16:43:23', 1),
	(133, '250519000009', 21, 0, 0, 0, 0, 0, 0, 0, 0, 43900, '0', 0, 1, 2, 1, '2025-05-19 16:42:42', 1, '2025-05-19 16:43:23', 1),
	(134, '250519000009', 39, 0, 0, 0, 0, 0, 0, 0, 0, 36900, '0', 0, 9, 2, 1, '2025-05-19 16:42:43', 1, '2025-05-19 16:43:23', 1),
	(135, '250519000009', 41, 0, 0, 0, 0, 0, 0, 0, 0, 36900, '0', 0, 9, 2, 1, '2025-05-19 16:42:44', 1, '2025-05-19 16:43:23', 1),
	(136, '250519000009', 47, 0, 0, 0, 0, 0, 0, 0, 0, 42900, '0', 0, 9, 2, 1, '2025-05-19 16:42:44', 1, '2025-05-19 16:43:23', 1),
	(137, '250519000009', 41, 0, 0, 0, 0, 0, 0, 0, 0, 36900, '0', 0, 9, 2, 1, '0000-00-00 00:00:00', 1, '2025-05-19 16:43:23', 1),
	(138, '250519000009', 41, 0, 0, 0, 0, 0, 0, 0, 0, 36900, '0', 0, 9, 2, 1, '0000-00-00 00:00:00', 1, '2025-05-19 16:43:23', 1),
	(139, '250519000009', 41, 0, 0, 0, 0, 0, 0, 0, 0, 36900, '0', 0, 9, 2, 1, '0000-00-00 00:00:00', 1, '2025-05-19 16:43:23', 1),
	(140, '250519000009', 41, 0, 0, 0, 0, 0, 0, 0, 0, 36900, '0', 0, 9, 2, 1, '0000-00-00 00:00:00', 1, '2025-05-19 16:43:23', 1),
	(141, '250519000009', 19, 0, 0, 0, 0, 0, 0, 0, 0, 36900, '0', 0, 1, 2, 1, '0000-00-00 00:00:00', 1, '2025-05-19 16:43:23', 1),
	(142, '250519000009', 19, 0, 0, 0, 0, 0, 0, 0, 0, 36900, '0', 0, 1, 2, 1, '0000-00-00 00:00:00', 1, '2025-05-19 16:43:23', 1),
	(143, '250519000009', 19, 0, 0, 0, 0, 0, 0, 0, 0, 36900, '0', 0, 1, 2, 1, '0000-00-00 00:00:00', 1, '2025-05-19 16:43:23', 1),
	(144, '250519000010', 24, 0, 0, 0, 0, 0, 0, 0, 0, 31900, '0', 0, 5, 1, 1, '2025-05-19 16:54:40', 1, '2025-05-19 16:54:40', 1),
	(145, '250519000010', 18, 0, 0, 0, 0, 0, 0, 0, 0, 43900, '0', 0, 1, 2, 1, '2025-05-19 16:54:41', 1, '2025-05-19 16:54:41', 1),
	(146, '250519000010', 28, 0, 0, 0, 0, 0, 0, 0, 0, 28900, '0', 1, 7, 2, 0, '2025-05-19 16:54:42', 1, '2025-05-19 18:37:13', 1),
	(147, '250519000010', 29, 0, 0, 0, 0, 0, 0, 0, 0, 46900, '0', 1, 7, 2, 0, '2025-05-19 16:54:43', 1, '2025-05-19 18:37:13', 1),
	(148, '250519000010', 42, 0, 0, 0, 0, 0, 0, 0, 0, 36900, '0', 1, 9, 2, 0, '2025-05-19 16:54:44', 1, '2025-05-19 18:37:13', 1),
	(149, '250519000010', 24, 0, 0, 0, 0, 0, 0, 0, 0, 31900, '0', 0, 5, 1, 1, '0000-00-00 00:00:00', 1, '0000-00-00 00:00:00', 1),
	(150, '250519000010', 24, 0, 0, 0, 0, 0, 0, 0, 0, 31900, '0', 0, 5, 1, 1, '0000-00-00 00:00:00', 1, '0000-00-00 00:00:00', 1),
	(151, '250519000010', 24, 0, 0, 0, 0, 0, 0, 0, 0, 31900, '0', 0, 5, 1, 1, '0000-00-00 00:00:00', 1, '0000-00-00 00:00:00', 1),
	(152, '250519000010', 24, 0, 0, 0, 0, 0, 0, 0, 0, 31900, '0', 0, 5, 1, 1, '0000-00-00 00:00:00', 1, '0000-00-00 00:00:00', 1),
	(153, '250519000010', 21, 0, 0, 0, 0, 0, 0, 0, 0, 43900, '0', 0, 1, 2, 1, '2025-05-19 19:24:03', 1, '2025-05-19 19:24:03', 1),
	(154, '250519000010', 19, 0, 0, 0, 0, 0, 0, 0, 0, 36900, '0', 0, 1, 2, 1, '2025-05-19 19:24:03', 1, '2025-05-19 19:24:03', 1),
	(155, '250519000011', 24, 0, 0, 0, 0, 0, 0, 0, 0, 31900, '0', 0, 5, 1, 1, '2025-05-19 19:28:01', 1, '2025-05-19 19:28:06', 1),
	(156, '250519000011', 25, 0, 0, 0, 0, 0, 0, 0, 0, 29900, '0', 0, 5, 1, 1, '2025-05-19 19:28:01', 1, '2025-05-19 19:28:06', 1),
	(157, '250519000011', 26, 0, 0, 0, 0, 0, 0, 0, 0, 41900, '0', 0, 5, 1, 1, '2025-05-19 19:28:02', 1, '2025-05-19 19:28:06', 1),
	(158, '250519000011', 18, 0, 0, 0, 0, 0, 0, 0, 0, 43900, '0', 0, 1, 2, 1, '2025-05-19 19:28:02', 1, '2025-05-19 19:28:06', 1),
	(167, '250519000012', 24, 1, 31900, 10, 3190, 1, 6, 1914, 1, 37004, 'SO000059', 0, 5, 1, 1, '2025-05-26 16:08:52', 1, '2025-05-26 16:19:38', 1),
	(168, '250519000012', 25, 1, 29900, 10, 2990, 1, 6, 1794, 1, 34684, 'SO000059', 0, 5, 1, 1, '2025-05-26 16:08:53', 1, '2025-05-26 16:19:38', 1),
	(169, '250519000012', 26, 1, 41900, 10, 4190, 1, 6, 2514, 1, 48604, 'SO000059', 0, 5, 1, 1, '2025-05-26 16:08:53', 1, '2025-05-26 16:19:38', 1),
	(170, '250519000012', 18, 1, 43900, 10, 4390, 1, 6, 2634, 1, 50924, 'SO000059', 0, 1, 2, 1, '2025-05-26 16:08:54', 1, '2025-05-26 16:19:38', 1),
	(171, '250519000012', 19, 1, 36900, 10, 3690, 1, 6, 2214, 1, 42804, 'SO000059', 0, 1, 2, 1, '2025-05-26 16:08:54', 1, '2025-05-26 16:19:38', 1),
	(172, '250526000013', 24, 1, 31900, 10, 3190, 1, 6, 1914, 1, 37004, 'SO000061', 0, 5, 1, 0, '2025-05-26 17:11:23', 1, '2025-05-26 17:27:52', 1),
	(173, '250526000013', 26, 1, 41900, 10, 4190, 1, 6, 2514, 1, 48604, 'SO000061', 0, 5, 1, 0, '2025-05-26 17:11:24', 1, '2025-05-26 17:27:52', 1),
	(174, '250526000013', 32, 1, 19900, 10, 1990, 1, 6, 1194, 1, 23084, 'SO000061', 0, 7, 2, 0, '2025-05-26 17:11:25', 1, '2025-05-26 17:27:52', 1),
	(175, '250526000013', 75, 1, 15000, 10, 1500, 1, 6, 900, 1, 17400, 'SO000061', 0, 15, 2, 0, '2025-05-26 17:11:35', 1, '2025-05-26 17:27:52', 1),
	(176, '250526000013', 76, 1, 15000, 10, 1500, 1, 6, 900, 1, 17400, 'SO000061', 0, 15, 2, 0, '2025-05-26 17:11:36', 1, '2025-05-26 17:27:52', 1),
	(177, '250526000013', 77, 1, 15000, 10, 1500, 1, 6, 900, 1, 17400, 'SO000061', 0, 15, 2, 0, '2025-05-26 17:11:36', 1, '2025-05-26 17:27:52', 1),
	(178, '250526000013', 24, 1, 31900, 10, 3190, 1, 6, 1914, 1, 37004, '', 0, 5, 1, 0, '2025-05-26 17:21:55', 1, '2025-05-26 17:27:52', 1),
	(179, '250526000013', 25, 1, 29900, 10, 2990, 1, 6, 1794, 1, 34684, '', 0, 5, 1, 0, '2025-05-26 17:21:57', 1, '2025-05-26 17:27:52', 1),
	(180, '250526000014', 25, 1, 29900, 10, 2990, 1, 6, 1794, 1, 34684, 'SO000065', 0, 5, 1, 0, '2025-05-26 17:50:09', 1, '2025-05-26 18:11:11', 1),
	(181, '250526000014', 26, 1, 41900, 10, 4190, 1, 6, 2514, 1, 48604, 'SO000065', 0, 5, 1, 0, '2025-05-26 17:50:09', 1, '2025-05-26 18:11:11', 1),
	(182, '250526000014', 18, 1, 43900, 10, 4390, 1, 6, 2634, 1, 50924, 'SO000065', 0, 1, 2, 0, '2025-05-26 17:50:10', 1, '2025-05-26 18:11:11', 1),
	(183, '250526000014', 19, 1, 36900, 10, 3690, 1, 6, 2214, 1, 42804, 'SO000065', 0, 1, 2, 0, '2025-05-26 17:50:11', 1, '2025-05-26 18:11:11', 1),
	(184, '250526000014', 19, 0, 0, 0, 0, 0, 0, 0, 0, 42804, '', 1, 1, 2, 0, '0000-00-00 00:00:00', 1, '2025-05-26 18:11:11', 1),
	(185, '250526000014', 19, 0, 0, 0, 0, 0, 0, 0, 0, 42804, '', 1, 1, 2, 0, '0000-00-00 00:00:00', 1, '2025-05-26 18:11:11', 1),
	(186, '250526000014', 19, 0, 0, 0, 0, 0, 0, 0, 0, 42804, '', 1, 1, 2, 0, '0000-00-00 00:00:00', 1, '2025-05-26 18:11:11', 1),
	(187, '250526000014', 19, 0, 0, 0, 0, 0, 0, 0, 0, 42804, '', 1, 1, 2, 0, '0000-00-00 00:00:00', 1, '2025-05-26 18:11:11', 1),
	(188, '250526000014', 19, 0, 0, 0, 0, 0, 0, 0, 0, 42804, '', 1, 1, 2, 0, '0000-00-00 00:00:00', 1, '2025-05-26 18:11:11', 1),
	(189, '250526000014', 19, 0, 0, 0, 0, 0, 0, 0, 0, 42804, 'SO000065', 0, 1, 2, 0, '0000-00-00 00:00:00', 1, '2025-05-26 18:11:11', 1),
	(190, '250526000014', 19, 0, 0, 0, 0, 0, 0, 0, 0, 42804, 'SO000065', 0, 1, 2, 0, '0000-00-00 00:00:00', 1, '2025-05-26 18:11:11', 1),
	(191, '250526000015', 24, 1, 31900, 10, 3190, 1, 6, 1914, 1, 37004, 'SO000066', 0, 5, 1, 1, '2025-05-26 18:11:15', 1, '2025-05-26 18:44:43', 1),
	(192, '250526000015', 25, 1, 29900, 10, 2990, 1, 6, 1794, 1, 34684, 'SO000066', 0, 5, 1, 1, '2025-05-26 18:11:15', 1, '2025-05-26 18:44:43', 1),
	(193, '250526000015', 18, 1, 43900, 10, 4390, 1, 6, 2634, 1, 50924, 'SO000066', 0, 1, 2, 1, '2025-05-26 18:11:16', 1, '2025-05-26 18:44:43', 1),
	(194, '250526000015', 19, 1, 36900, 10, 3690, 1, 6, 2214, 1, 42804, '', 1, 1, 2, 0, '2025-05-26 18:11:17', 1, '2025-05-26 18:39:21', 1),
	(195, '250526000015', 19, 1, 36900, 10, 3690, 1, 6, 2214, 1, 42804, '', 1, 1, 2, 0, '0000-00-00 00:00:00', 1, '2025-05-26 18:39:21', 1),
	(196, '250526000015', 19, 1, 36900, 10, 3690, 1, 6, 2214, 1, 42804, '', 1, 1, 2, 0, '0000-00-00 00:00:00', 1, '2025-05-26 18:39:21', 1),
	(197, '250526000015', 19, 1, 36900, 10, 3690, 1, 6, 2214, 1, 42804, '', 1, 1, 2, 0, '0000-00-00 00:00:00', 1, '2025-05-26 18:39:21', 1),
	(198, '250526000015', 19, 1, 36900, 10, 3690, 1, 6, 2214, 1, 42804, '', 1, 1, 2, 0, '0000-00-00 00:00:00', 1, '2025-05-26 18:39:21', 1),
	(199, '250526000015', 18, 1, 43900, 10, 4390, 1, 6, 2634, 1, 50924, 'SO000066', 0, 1, 2, 1, '0000-00-00 00:00:00', 1, '2025-05-26 18:44:43', 1),
	(200, '250526000015', 18, 1, 43900, 10, 4390, 1, 6, 2634, 1, 50924, 'SO000066', 0, 1, 2, 1, '0000-00-00 00:00:00', 1, '2025-05-26 18:44:43', 1),
	(201, '250526000015', 18, 1, 43900, 10, 4390, 1, 6, 2634, 1, 50924, 'SO000066', 0, 1, 2, 1, '0000-00-00 00:00:00', 1, '2025-05-26 18:44:43', 1),
	(202, '250526000015', 18, 1, 43900, 10, 4390, 1, 6, 2634, 1, 50924, 'SO000066', 0, 1, 2, 1, '0000-00-00 00:00:00', 1, '2025-05-26 18:44:43', 1),
	(203, '250526000016', 24, 1, 31900, 10, 3190, 1, 6, 1914, 1, 37004, 'SO000067', 0, 5, 1, 1, '2025-05-26 18:49:54', 1, '2025-05-26 18:50:03', 1),
	(204, '250526000016', 25, 1, 29900, 10, 2990, 1, 6, 1794, 1, 34684, 'SO000067', 0, 5, 1, 1, '2025-05-26 18:49:54', 1, '2025-05-26 18:50:03', 1),
	(205, '250526000016', 26, 1, 41900, 10, 4190, 1, 6, 2514, 1, 48604, 'SO000067', 0, 5, 1, 1, '2025-05-26 18:49:54', 1, '2025-05-26 18:50:03', 1),
	(206, '250526000017', 51, 1, 17900, 10, 1790, 1, 6, 1074, 1, 20764, '', 0, 9, 2, 1, '2025-05-26 19:41:02', 1, '2025-05-26 19:41:02', 1),
	(207, '250526000017', 52, 1, 22900, 10, 2290, 1, 6, 1374, 1, 26564, '', 0, 9, 2, 1, '2025-05-26 19:41:02', 1, '2025-05-26 19:41:02', 1),
	(208, '250526000017', 53, 1, 31900, 10, 3190, 1, 6, 1914, 1, 37004, '', 0, 9, 2, 1, '2025-05-26 19:41:03', 1, '2025-05-26 19:41:03', 1);

-- Dumping structure for table pos_resto.cart_item_modifier
CREATE TABLE IF NOT EXISTS `cart_item_modifier` (
  `id` int(11) NOT NULL AUTO_INCREMENT,
  `applyDiscount` tinyint(4) NOT NULL DEFAULT 0,
  `cartId` varchar(50) NOT NULL DEFAULT '',
  `cartItemId` int(11) NOT NULL DEFAULT 0,
  `modifierId` tinyint(4) NOT NULL DEFAULT 0,
  `note` varchar(250) NOT NULL DEFAULT '',
  `price` int(11) NOT NULL DEFAULT 0,
  `sendOrder` varchar(50) NOT NULL DEFAULT '',
  `void` tinyint(4) NOT NULL DEFAULT 0,
  `presence` tinyint(2) NOT NULL DEFAULT 1,
  `inputDate` datetime NOT NULL DEFAULT '2025-01-01 00:00:00',
  `inputBy` smallint(6) NOT NULL DEFAULT 1,
  `updateDate` datetime NOT NULL DEFAULT '2025-01-01 00:00:00',
  `updateBy` smallint(6) NOT NULL DEFAULT 1,
  PRIMARY KEY (`id`) USING BTREE
) ENGINE=InnoDB AUTO_INCREMENT=238 DEFAULT CHARSET=utf16 COLLATE=utf16_bin;

-- Dumping data for table pos_resto.cart_item_modifier: ~131 rows (approximately)
INSERT INTO `cart_item_modifier` (`id`, `applyDiscount`, `cartId`, `cartItemId`, `modifierId`, `note`, `price`, `sendOrder`, `void`, `presence`, `inputDate`, `inputBy`, `updateDate`, `updateBy`) VALUES
	(79, 0, '250515000010', 30, 36, '', 1, '1', 0, 1, '2025-05-16 18:56:07', 1, '2025-05-17 17:16:44', 1),
	(80, 0, '250515000010', 19, 36, '', 12, '1', 0, 1, '2025-05-16 18:56:07', 1, '2025-05-17 17:16:44', 1),
	(81, 0, '250515000010', 22, 36, '', 2, '1', 0, 1, '2025-05-16 18:56:07', 1, '2025-05-17 17:16:44', 1),
	(82, 0, '250515000010', 54, 36, '', 1, '1', 0, 1, '2025-05-16 18:56:07', 1, '2025-05-17 17:16:44', 1),
	(83, 0, '250515000010', 66, 36, '', 1, '1', 0, 1, '2025-05-16 18:56:07', 1, '2025-05-17 17:16:44', 1),
	(84, 0, '250515000010', 67, 36, '', 1, '1', 0, 1, '2025-05-16 18:56:07', 1, '2025-05-17 17:16:44', 1),
	(102, 0, '250515000010', 31, 36, '', 2, '1', 0, 1, '2025-05-16 19:02:33', 1, '2025-05-17 17:16:44', 1),
	(103, 0, '250515000010', 33, 36, '', 2, '1', 0, 1, '2025-05-16 19:02:33', 1, '2025-05-17 17:16:44', 1),
	(104, 0, '250515000010', 34, 36, '', 2, '1', 0, 1, '2025-05-16 19:02:33', 1, '2025-05-17 17:16:44', 1),
	(105, 0, '250515000010', 30, 37, '', 1, '1', 0, 1, '2025-05-16 19:02:33', 1, '2025-05-17 17:16:44', 1),
	(106, 0, '250515000010', 31, 37, '', 1, '1', 0, 1, '2025-05-16 19:02:33', 1, '2025-05-17 17:16:44', 1),
	(107, 0, '250515000010', 33, 37, '', 1, '1', 0, 1, '2025-05-16 19:02:33', 1, '2025-05-17 17:16:44', 1),
	(108, 0, '250515000010', 34, 37, '', 1, '1', 0, 1, '2025-05-16 19:02:33', 1, '2025-05-17 17:16:44', 1),
	(109, 0, '250515000010', 30, 38, '', 1, '1', 0, 1, '2025-05-16 19:02:34', 1, '2025-05-17 17:16:44', 1),
	(110, 0, '250515000010', 31, 38, '', 1, '1', 0, 1, '2025-05-16 19:02:34', 1, '2025-05-17 17:16:44', 1),
	(111, 0, '250515000010', 33, 38, '', 1, '1', 0, 1, '2025-05-16 19:02:34', 1, '2025-05-17 17:16:44', 1),
	(112, 0, '250515000010', 34, 38, '', 1, '1', 0, 1, '2025-05-16 19:02:34', 1, '2025-05-17 17:16:44', 1),
	(116, 0, '250515000010', 30, 39, '', 1, '1', 0, 1, '2025-05-16 19:02:34', 1, '2025-05-17 17:16:44', 1),
	(117, 0, '250515000010', 31, 39, '', 1, '1', 0, 1, '2025-05-16 19:02:34', 1, '2025-05-17 17:16:44', 1),
	(118, 0, '250515000010', 33, 39, '', 1, '1', 0, 1, '2025-05-16 19:02:34', 1, '2025-05-17 17:16:44', 1),
	(119, 0, '250515000010', 34, 39, '', 1, '1', 0, 1, '2025-05-16 19:02:34', 1, '2025-05-17 17:16:44', 1),
	(121, 0, '250515000010', 27, 36, '', 1, '1', 0, 1, '2025-05-16 19:03:04', 1, '2025-05-17 17:16:44', 1),
	(122, 0, '250515000010', 27, 38, '', 1, '1', 0, 1, '2025-05-16 19:03:10', 1, '2025-05-17 17:16:44', 1),
	(123, 0, '250515000010', 27, 40, '', 3, '1', 0, 1, '2025-05-16 19:03:13', 1, '2025-05-17 17:16:44', 1),
	(124, 0, '250515000010', 22, 61, '', 3, '1', 0, 1, '2025-05-16 19:03:49', 1, '2025-05-17 17:16:44', 1),
	(125, 0, '250515000010', 37, 61, '', 3, '1', 0, 1, '2025-05-16 19:03:49', 1, '2025-05-17 17:16:44', 1),
	(126, 0, '250515000010', 38, 61, '', 3, '1', 0, 1, '2025-05-16 19:03:49', 1, '2025-05-17 17:16:44', 1),
	(127, 0, '250515000010', 39, 61, '', 3, '1', 0, 1, '2025-05-16 19:03:49', 1, '2025-05-17 17:16:44', 1),
	(128, 0, '250515000010', 40, 61, '', 1, '1', 0, 1, '2025-05-16 19:03:49', 1, '2025-05-17 17:16:44', 1),
	(129, 0, '250515000010', 41, 61, '', 1, '1', 0, 1, '2025-05-16 19:03:49', 1, '2025-05-17 17:16:44', 1),
	(130, 0, '250515000010', 42, 61, '', 3, '1', 0, 1, '2025-05-16 19:03:49', 1, '2025-05-17 17:16:44', 1),
	(131, 0, '250515000010', 43, 61, '', 3, '1', 0, 1, '2025-05-16 19:03:49', 1, '2025-05-17 17:16:44', 1),
	(132, 0, '250515000010', 44, 61, '', 2, '1', 0, 1, '2025-05-16 19:03:49', 1, '2025-05-17 17:16:44', 1),
	(133, 0, '250515000010', 45, 61, '', 2, '1', 0, 1, '2025-05-16 19:03:49', 1, '2025-05-17 17:16:44', 1),
	(134, 0, '250515000010', 46, 61, '', 2, '1', 0, 1, '2025-05-16 19:03:49', 1, '2025-05-17 17:16:44', 1),
	(135, 0, '250515000010', 47, 61, '', 2, '1', 0, 1, '2025-05-16 19:03:49', 1, '2025-05-17 17:16:44', 1),
	(136, 0, '250515000010', 48, 61, '', 2, '1', 0, 1, '2025-05-16 19:03:49', 1, '2025-05-17 17:16:44', 1),
	(137, 0, '250515000010', 67, 40, '', 1, '1', 0, 1, '2025-05-16 22:14:03', 1, '2025-05-17 17:16:44', 1),
	(138, 0, '250515000010', 67, 45, '', 1, '1', 0, 1, '2025-05-16 22:14:06', 1, '2025-05-17 17:16:44', 1),
	(139, 0, '250515000010', 19, 46, '', 1, '1', 0, 1, '2025-05-16 22:18:33', 1, '2025-05-17 17:16:44', 1),
	(140, 0, '250515000010', 35, 46, '', 1, '1', 0, 1, '2025-05-16 22:18:33', 1, '2025-05-17 17:16:44', 1),
	(141, 0, '250515000010', 36, 46, '', 1, '1', 0, 1, '2025-05-16 22:18:33', 1, '2025-05-17 17:16:44', 1),
	(142, 0, '250515000011', 90, 36, '', 0, '2', 0, 1, '2025-05-17 18:06:28', 1, '2025-05-17 18:26:05', 1),
	(143, 0, '250515000011', 93, 36, '', 0, '2', 0, 1, '2025-05-17 18:06:28', 1, '2025-05-17 18:26:05', 1),
	(144, 0, '250515000011', 92, 36, '', 0, '2', 0, 1, '2025-05-17 18:06:28', 1, '2025-05-17 18:26:05', 1),
	(145, 0, '250515000011', 91, 36, '', 0, '2', 0, 1, '2025-05-17 18:06:28', 1, '2025-05-17 18:26:05', 1),
	(146, 0, '250515000011', 95, 36, '', 0, '2', 0, 1, '2025-05-17 18:06:28', 1, '2025-05-17 18:26:05', 1),
	(147, 0, '250515000011', 90, 40, '', 0, '2', 0, 1, '2025-05-17 18:06:32', 1, '2025-05-17 18:26:05', 1),
	(148, 0, '250515000011', 93, 40, '', 0, '2', 0, 1, '2025-05-17 18:06:32', 1, '2025-05-17 18:26:05', 1),
	(149, 0, '250515000011', 92, 40, '', 0, '2', 0, 1, '2025-05-17 18:06:32', 1, '2025-05-17 18:26:05', 1),
	(150, 0, '250515000011', 91, 40, '', 0, '2', 0, 1, '2025-05-17 18:06:32', 1, '2025-05-17 18:26:05', 1),
	(151, 0, '250518000002', 104, 36, '', 0, 'SO000029', 0, 1, '2025-05-18 23:50:16', 1, '2025-05-18 23:50:20', 1),
	(152, 0, '250518000002', 111, 36, '', 0, 'SO000029', 0, 1, '2025-05-18 23:50:16', 1, '2025-05-18 23:50:20', 1),
	(153, 0, '250518000002', 105, 36, '', 0, 'SO000029', 0, 1, '2025-05-18 23:50:16', 1, '2025-05-18 23:50:20', 1),
	(154, 0, '250518000002', 110, 36, '', 0, 'SO000029', 0, 1, '2025-05-18 23:50:16', 1, '2025-05-18 23:50:20', 1),
	(155, 0, '250518000002', 107, 36, '', 0, 'SO000029', 0, 1, '2025-05-18 23:50:16', 1, '2025-05-18 23:50:20', 1),
	(156, 0, '250518000002', 108, 36, '', 0, 'SO000029', 0, 1, '2025-05-18 23:50:16', 1, '2025-05-18 23:50:20', 1),
	(157, 0, '250519000003', 113, 36, '', 0, 'SO000034', 0, 1, '2025-05-19 01:09:16', 1, '2025-05-19 01:09:34', 1),
	(158, 0, '250519000003', 115, 36, '', 0, 'SO000034', 0, 1, '2025-05-19 01:09:16', 1, '2025-05-19 01:09:34', 1),
	(159, 0, '250519000003', 114, 36, '', 0, 'SO000034', 0, 1, '2025-05-19 01:09:16', 1, '2025-05-19 01:09:34', 1),
	(160, 0, '250519000009', 131, 37, '', 0, 'SO000040', 0, 1, '2025-05-19 16:42:49', 1, '2025-05-19 16:43:23', 1),
	(161, 0, '250519000009', 130, 37, '', 0, 'SO000040', 0, 1, '2025-05-19 16:42:49', 1, '2025-05-19 16:43:23', 1),
	(162, 0, '250519000009', 133, 37, '', 0, 'SO000040', 0, 1, '2025-05-19 16:42:49', 1, '2025-05-19 16:43:23', 1),
	(163, 0, '250519000009', 132, 37, '', 0, 'SO000040', 0, 1, '2025-05-19 16:42:49', 1, '2025-05-19 16:43:23', 1),
	(164, 0, '250519000009', 131, 43, '', 0, 'SO000040', 0, 1, '2025-05-19 16:42:54', 1, '2025-05-19 16:43:23', 1),
	(165, 0, '250519000009', 130, 43, '', 0, 'SO000040', 0, 1, '2025-05-19 16:42:54', 1, '2025-05-19 16:43:23', 1),
	(166, 0, '250519000009', 133, 43, '', 0, 'SO000040', 0, 1, '2025-05-19 16:42:54', 1, '2025-05-19 16:43:23', 1),
	(167, 0, '250519000009', 132, 43, '', 0, 'SO000040', 0, 1, '2025-05-19 16:42:54', 1, '2025-05-19 16:43:23', 1),
	(168, 0, '250519000009', 136, 43, '', 0, 'SO000040', 0, 1, '2025-05-19 16:42:54', 1, '2025-05-19 16:43:23', 1),
	(169, 0, '250519000009', 135, 43, '', 0, 'SO000040', 0, 1, '2025-05-19 16:42:54', 1, '2025-05-19 16:43:23', 1),
	(170, 0, '250519000009', 131, 39, '', 0, 'SO000040', 0, 1, '2025-05-19 16:43:02', 1, '2025-05-19 16:43:23', 1),
	(171, 0, '250519000009', 130, 39, '', 0, 'SO000040', 0, 1, '2025-05-19 16:43:02', 1, '2025-05-19 16:43:23', 1),
	(172, 0, '250519000009', 133, 39, '', 0, 'SO000040', 0, 1, '2025-05-19 16:43:02', 1, '2025-05-19 16:43:23', 1),
	(173, 0, '250519000009', 132, 39, '', 0, 'SO000040', 0, 1, '2025-05-19 16:43:02', 1, '2025-05-19 16:43:23', 1),
	(174, 0, '250519000009', 134, 39, '', 0, 'SO000040', 0, 1, '2025-05-19 16:43:02', 1, '2025-05-19 16:43:23', 1),
	(175, 0, '250519000009', 136, 39, '', 0, 'SO000040', 0, 1, '2025-05-19 16:43:02', 1, '2025-05-19 16:43:23', 1),
	(176, 0, '250519000009', 135, 39, '', 0, 'SO000040', 0, 1, '2025-05-19 16:43:02', 1, '2025-05-19 16:43:23', 1),
	(177, 0, '250519000009', 135, 44, '', 0, 'SO000040', 0, 1, '2025-05-19 16:43:13', 1, '2025-05-19 16:43:23', 1),
	(178, 0, '250519000009', 137, 44, '', 0, 'SO000040', 0, 1, '2025-05-19 16:43:13', 1, '2025-05-19 16:43:23', 1),
	(179, 0, '250519000009', 138, 44, '', 0, 'SO000040', 0, 1, '2025-05-19 16:43:13', 1, '2025-05-19 16:43:23', 1),
	(180, 0, '250519000009', 139, 44, '', 0, 'SO000040', 0, 1, '2025-05-19 16:43:13', 1, '2025-05-19 16:43:23', 1),
	(181, 0, '250519000009', 140, 44, '', 0, 'SO000040', 0, 1, '2025-05-19 16:43:13', 1, '2025-05-19 16:43:23', 1),
	(182, 0, '250519000010', 144, 36, '', 0, '', 1, 0, '2025-05-19 16:55:14', 1, '2025-05-19 18:52:49', 1),
	(183, 0, '250519000010', 145, 36, '', 0, '', 1, 0, '2025-05-19 16:55:14', 1, '2025-05-19 19:23:49', 1),
	(184, 0, '250519000010', 145, 36, '', 0, '', 1, 0, '2025-05-19 16:55:25', 1, '2025-05-19 19:23:49', 1),
	(185, 0, '250519000010', 145, 38, '', 0, '', 1, 0, '2025-05-19 16:55:28', 1, '2025-05-19 19:23:49', 1),
	(186, 1, '250519000010', 144, 22, '', -100000, '', 1, 0, '2025-05-19 17:59:20', 1, '2025-05-19 18:52:49', 1),
	(187, 1, '250519000010', 145, 22, '', -100000, '', 1, 0, '2025-05-19 17:59:20', 1, '2025-05-19 19:23:49', 1),
	(188, 1, '250519000010', 146, 22, '', -100000, '', 1, 0, '2025-05-19 17:59:20', 1, '2025-05-19 18:33:35', 1),
	(190, 1, '250519000010', 144, 8, '', 0, '', 1, 0, '2025-05-19 18:25:01', 1, '2025-05-19 18:52:49', 1),
	(191, 1, '250519000010', 149, 8, '', 0, '', 1, 0, '2025-05-19 18:25:01', 1, '2025-05-19 18:52:49', 1),
	(192, 1, '250519000010', 150, 8, '', 0, '', 1, 0, '2025-05-19 18:25:01', 1, '2025-05-19 18:52:49', 1),
	(193, 1, '250519000010', 151, 8, '', 0, '', 1, 0, '2025-05-19 18:25:01', 1, '2025-05-19 18:52:49', 1),
	(194, 1, '250519000010', 152, 8, '', 0, '', 1, 0, '2025-05-19 18:25:01', 1, '2025-05-19 18:52:49', 1),
	(195, 1, '250519000010', 144, 22, '', -100000, '', 1, 0, '2025-05-19 18:26:45', 1, '2025-05-19 18:52:49', 1),
	(196, 1, '250519000010', 149, 22, '', -100000, '', 1, 0, '2025-05-19 18:26:45', 1, '2025-05-19 18:52:49', 1),
	(197, 1, '250519000010', 150, 22, '', -100000, '', 1, 0, '2025-05-19 18:26:45', 1, '2025-05-19 18:52:49', 1),
	(198, 1, '250519000010', 151, 22, '', -100000, '', 1, 0, '2025-05-19 18:26:45', 1, '2025-05-19 18:52:49', 1),
	(199, 1, '250519000010', 152, 22, '', -100000, '', 1, 0, '2025-05-19 18:26:45', 1, '2025-05-19 18:52:49', 1),
	(200, 1, '250519000010', 144, 22, '', -100000, '', 0, 1, '2025-05-19 18:53:09', 1, '2025-05-19 18:53:09', 1),
	(201, 1, '250519000010', 149, 22, '', -100000, '', 0, 1, '2025-05-19 18:53:09', 1, '2025-05-19 18:53:09', 1),
	(202, 1, '250519000010', 150, 22, '', -100000, '', 0, 1, '2025-05-19 18:53:09', 1, '2025-05-19 18:53:09', 1),
	(203, 1, '250519000010', 151, 22, '', -100000, '', 0, 1, '2025-05-19 18:53:09', 1, '2025-05-19 18:53:09', 1),
	(204, 1, '250519000010', 152, 22, '', -100000, '', 0, 1, '2025-05-19 18:53:09', 1, '2025-05-19 18:53:09', 1),
	(205, 1, '250519000010', 145, 22, '', -100000, '', 1, 0, '2025-05-19 19:14:26', 1, '2025-05-19 19:23:49', 1),
	(206, 1, '250519000010', 145, 8, '', 0, '', 1, 0, '2025-05-19 19:16:34', 1, '2025-05-19 19:23:49', 1),
	(207, 1, '250519000010', 145, 6, '', 0, '', 1, 0, '2025-05-19 19:16:48', 1, '2025-05-19 19:23:49', 1),
	(208, 1, '250519000010', 145, 5, '', 0, '', 1, 0, '2025-05-19 19:17:06', 1, '2025-05-19 19:23:49', 1),
	(209, 1, '250519000010', 145, 5, '', 0, '', 1, 0, '2025-05-19 19:18:25', 1, '2025-05-19 19:23:49', 1),
	(210, 1, '250519000010', 145, 5, '', 0, '', 1, 0, '2025-05-19 19:19:36', 1, '2025-05-19 19:23:49', 1),
	(211, 1, '250519000010', 145, 1, '', 0, '', 1, 0, '2025-05-19 19:22:21', 1, '2025-05-19 19:23:49', 1),
	(212, 1, '250519000010', 145, 1, '', 0, '', 1, 0, '2025-05-19 19:22:59', 1, '2025-05-19 19:23:49', 1),
	(213, 1, '250519000010', 145, 1, '', -4390, '', 1, 0, '2025-05-19 19:23:37', 1, '2025-05-19 19:23:49', 1),
	(214, 1, '250519000010', 145, 7, '', -21950, '', 0, 1, '2025-05-19 19:23:53', 1, '2025-05-19 19:23:53', 1),
	(215, 0, '250526000014', 183, 36, '', 0, '', 1, 0, '2025-05-26 17:50:16', 1, '2025-05-26 18:11:11', 1),
	(216, 0, '250526000014', 182, 36, '', 0, 'SO000065', 0, 0, '2025-05-26 17:50:16', 1, '2025-05-26 18:11:11', 1),
	(217, 0, '250526000014', 183, 37, '', 0, '', 1, 0, '2025-05-26 18:02:10', 1, '2025-05-26 18:11:11', 1),
	(218, 0, '250526000014', 183, 38, '', 0, '', 1, 0, '2025-05-26 18:02:12', 1, '2025-05-26 18:11:11', 1),
	(219, 0, '250526000014', 183, 40, '', 0, '', 1, 0, '2025-05-26 18:02:13', 1, '2025-05-26 18:11:11', 1),
	(220, 0, '250526000014', 183, 36, '', 0, '', 1, 0, '2025-05-26 18:04:01', 1, '2025-05-26 18:11:11', 1),
	(221, 0, '250526000014', 183, 37, '', 0, '', 1, 0, '2025-05-26 18:04:03', 1, '2025-05-26 18:11:11', 1),
	(222, 0, '250526000014', 183, 40, '', 0, 'SO000065', 0, 0, '2025-05-26 18:04:17', 1, '2025-05-26 18:11:11', 1),
	(223, 0, '250526000014', 189, 40, '', 0, 'SO000065', 0, 0, '2025-05-26 18:04:17', 1, '2025-05-26 18:11:11', 1),
	(224, 0, '250526000014', 190, 40, '', 0, 'SO000065', 0, 0, '2025-05-26 18:04:17', 1, '2025-05-26 18:11:11', 1),
	(225, 0, '250526000015', 193, 36, '', 0, 'SO000066', 0, 1, '2025-05-26 18:40:59', 1, '2025-05-26 18:44:43', 1),
	(226, 0, '250526000015', 199, 36, '', 0, 'SO000066', 0, 1, '2025-05-26 18:40:59', 1, '2025-05-26 18:44:43', 1),
	(227, 0, '250526000015', 200, 36, '', 0, 'SO000066', 0, 1, '2025-05-26 18:40:59', 1, '2025-05-26 18:44:43', 1),
	(228, 0, '250526000015', 201, 36, '', 0, 'SO000066', 0, 1, '2025-05-26 18:40:59', 1, '2025-05-26 18:44:43', 1),
	(229, 0, '250526000015', 202, 36, '', 0, 'SO000066', 0, 1, '2025-05-26 18:40:59', 1, '2025-05-26 18:44:43', 1),
	(230, 0, '250526000016', 204, 36, '', 0, 'SO000067', 0, 1, '2025-05-26 18:50:00', 1, '2025-05-26 18:50:03', 1),
	(231, 0, '250526000016', 205, 36, '', 0, 'SO000067', 0, 1, '2025-05-26 18:50:00', 1, '2025-05-26 18:50:03', 1),
	(232, 0, '250526000017', 206, 41, '', 0, '', 0, 1, '2025-05-26 19:41:10', 1, '2025-05-26 19:41:10', 1),
	(233, 0, '250526000017', 207, 41, '', 0, '', 0, 1, '2025-05-26 19:41:10', 1, '2025-05-26 19:41:10', 1),
	(234, 0, '250526000017', 208, 36, '', 0, '', 0, 1, '2025-05-26 19:41:12', 1, '2025-05-26 19:41:12', 1),
	(235, 1, '250526000017', 206, 1, '', -2076, '', 1, 0, '2025-05-26 19:42:27', 1, '2025-05-26 19:42:49', 1),
	(236, 1, '250526000017', 207, 1, '', -2656, '', 0, 1, '2025-05-26 19:42:27', 1, '2025-05-26 19:42:27', 1),
	(237, 1, '250526000017', 208, 1, '', -3700, '', 0, 1, '2025-05-26 19:42:27', 1, '2025-05-26 19:42:27', 1);

-- Dumping structure for table pos_resto.cart_payment
CREATE TABLE IF NOT EXISTS `cart_payment` (
  `id` int(11) NOT NULL AUTO_INCREMENT,
  `cartId` varchar(50) NOT NULL DEFAULT '',
  `checkPaymentTypeId` int(11) NOT NULL DEFAULT 0,
  `checkScTypeId` tinyint(4) NOT NULL DEFAULT 0,
  `checkTaxTypeId` tinyint(4) NOT NULL DEFAULT 0,
  `bill` int(11) NOT NULL DEFAULT 0,
  `paid` int(11) NOT NULL DEFAULT 0,
  `tips` int(11) NOT NULL DEFAULT 0,
  `submit` tinyint(4) NOT NULL DEFAULT 0,
  `presence` tinyint(2) NOT NULL DEFAULT 1,
  `inputDate` datetime NOT NULL DEFAULT '2025-01-01 00:00:00',
  `inputBy` smallint(6) NOT NULL DEFAULT 1,
  `updateDate` datetime NOT NULL DEFAULT '2025-01-01 00:00:00',
  `updateBy` smallint(6) NOT NULL DEFAULT 1,
  PRIMARY KEY (`id`) USING BTREE
) ENGINE=InnoDB AUTO_INCREMENT=63 DEFAULT CHARSET=utf16 COLLATE=utf16_bin;

-- Dumping data for table pos_resto.cart_payment: ~27 rows (approximately)
INSERT INTO `cart_payment` (`id`, `cartId`, `checkPaymentTypeId`, `checkScTypeId`, `checkTaxTypeId`, `bill`, `paid`, `tips`, `submit`, `presence`, `inputDate`, `inputBy`, `updateDate`, `updateBy`) VALUES
	(11, '250515000010', 0, 1, 0, 30000, 0, 0, 1, 1, '2025-05-17 23:19:13', 1, '2025-05-18 00:51:01', 1),
	(12, '250515000010', 0, 0, 1, 19000, 0, 0, 1, 1, '2025-05-17 23:19:13', 1, '2025-05-18 00:51:01', 1),
	(38, '250515000010', 2, 0, 0, 0, 52376, 0, 1, 1, '2025-05-18 19:13:20', 1, '2025-05-18 19:18:28', 1),
	(39, '250515000010', 3, 0, 0, 0, 660000, 0, 0, 0, '2025-05-18 19:14:11', 1, '2025-05-18 19:17:33', 1),
	(40, '250515000010', 12, 0, 0, 0, 660000, 0, 0, 0, '2025-05-18 19:17:32', 1, '2025-05-18 19:17:34', 1),
	(41, '250515000010', 2, 0, 0, 0, 660000, 0, 0, 0, '2025-05-18 19:17:36', 1, '2025-05-18 19:17:39', 1),
	(42, '250515000010', 3, 0, 0, 0, 660000, 0, 1, 0, '2025-05-18 19:17:41', 1, '2025-05-18 19:18:24', 1),
	(43, '250515000010', 3, 0, 0, 0, 660000, 0, 1, 1, '2025-05-18 19:18:26', 1, '2025-05-18 19:18:28', 1),
	(44, '250515000011', 2, 0, 0, 0, 448800, 0, 1, 1, '2025-05-18 19:28:58', 1, '2025-05-18 19:28:59', 1),
	(45, '250518000002', 3, 0, 0, 0, 367100, 0, 1, 1, '2025-05-18 23:51:29', 1, '2025-05-18 23:51:33', 1),
	(46, '250517000002', 3, 0, 0, 0, 103700, 0, 1, 1, '2025-05-19 00:57:50', 1, '2025-05-19 00:57:51', 1),
	(47, '250515000012', 3, 0, 0, 0, 240400, 0, 1, 1, '2025-05-19 00:58:11', 1, '2025-05-19 00:58:12', 1),
	(48, '250519000003', 2, 0, 0, 0, 140600, 0, 1, 1, '2025-05-19 01:11:44', 1, '2025-05-19 01:11:46', 1),
	(49, '250515000006', 2, 0, 0, 0, 80800, 0, 1, 1, '2025-05-19 01:12:02', 1, '2025-05-19 01:12:03', 1),
	(50, '250519000008', 2, 0, 0, 0, 103700, 0, 1, 1, '2025-05-19 15:29:25', 1, '2025-05-19 15:29:26', 1),
	(51, '250519000009', 0, 1, 0, 30000, 0, 0, 1, 1, '2025-05-17 23:19:13', 1, '2025-05-18 00:51:01', 1),
	(52, '250519000009', 0, 0, 1, 19000, 0, 0, 1, 1, '2025-05-17 23:19:13', 1, '2025-05-18 00:51:01', 1),
	(53, '250519000009', 12, 0, 0, 0, 566600, 0, 0, 0, '2025-05-19 16:44:12', 1, '2025-05-19 16:44:13', 1),
	(54, '250519000009', 8, 0, 0, 0, 566600, 0, 1, 1, '2025-05-19 16:44:23', 1, '2025-05-19 16:44:26', 1),
	(55, '250519000006', 2, 0, 0, 0, 61800, 0, 1, 1, '2025-05-19 19:27:44', 1, '2025-05-19 19:27:45', 1),
	(56, '250519000011', 86, 0, 0, 0, 147600, 0, 1, 1, '2025-05-19 19:28:15', 1, '2025-05-19 19:28:17', 1),
	(57, '250519000012', 2, 0, 0, 0, 214020, 0, 1, 0, '2025-05-26 17:00:13', 1, '2025-05-26 17:01:02', 1),
	(58, '250519000012', 2, 0, 0, 0, 243540, 0, 1, 1, '2025-05-26 17:06:32', 1, '2025-05-26 17:06:55', 1),
	(59, '250526000015', 12, 0, 0, 0, 371316, 0, 1, 1, '2025-05-26 18:44:48', 1, '2025-05-26 18:44:57', 1),
	(60, '250526000016', 2, 0, 0, 0, 320, 320, 1, 1, '2025-05-26 18:50:08', 1, '2025-05-26 19:00:24', 1),
	(61, '250526000016', 86, 0, 0, 0, 136884, 0, 0, 0, '2025-05-26 18:51:02', 1, '2025-05-26 18:51:03', 1),
	(62, '250526000016', 12, 0, 0, 0, 136564, 10000, 1, 1, '2025-05-26 19:00:19', 1, '2025-05-26 19:00:24', 1);

-- Dumping structure for table pos_resto.check_cash_type
CREATE TABLE IF NOT EXISTS `check_cash_type` (
  `cashid` smallint(6) NOT NULL AUTO_INCREMENT,
  `desc1` varchar(20) DEFAULT NULL,
  `desc2` varchar(20) DEFAULT NULL,
  `desc3` varchar(20) DEFAULT NULL,
  `value` decimal(8,2) DEFAULT NULL,
  `presence` tinyint(2) NOT NULL DEFAULT 1,
  `inputDate` datetime NOT NULL DEFAULT '2025-01-01 00:00:00',
  `inputBy` smallint(6) NOT NULL DEFAULT 1,
  `updateDate` datetime NOT NULL DEFAULT '2025-01-01 00:00:00',
  `updateBy` smallint(6) NOT NULL DEFAULT 1,
  PRIMARY KEY (`cashid`)
) ENGINE=InnoDB AUTO_INCREMENT=12 DEFAULT CHARSET=utf8mb4 COLLATE=utf8mb4_general_ci ROW_FORMAT=DYNAMIC;

-- Dumping data for table pos_resto.check_cash_type: ~11 rows (approximately)
INSERT INTO `check_cash_type` (`cashid`, `desc1`, `desc2`, `desc3`, `value`, `presence`, `inputDate`, `inputBy`, `updateDate`, `updateBy`) VALUES
	(1, '100000 ', '100000              ', '100000              ', 100000.00, 1, '2025-01-01 00:00:00', 1, '2025-04-29 12:52:46', 1),
	(2, '50000 ', '50000               ', '50000               ', 50000.00, 1, '2025-01-01 00:00:00', 1, '2025-04-29 12:52:46', 1),
	(3, '20000 ', '20000               ', '20000               ', 20000.00, 1, '2025-01-01 00:00:00', 1, '2025-04-29 12:52:46', 1),
	(4, '10000 ', '10000               ', '10000               ', 10000.00, 1, '2025-01-01 00:00:00', 1, '2025-04-29 12:52:46', 1),
	(5, '5000 ', '5000                ', '5000                ', 5000.00, 1, '2025-01-01 00:00:00', 1, '2025-04-29 12:52:46', 1),
	(6, '1000 ', '1000                ', '1000                ', 1000.00, 1, '2025-01-01 00:00:00', 1, '2025-04-29 12:52:46', 1),
	(7, '500 ', '500                 ', '500                 ', 500.00, 1, '2025-01-01 00:00:00', 1, '2025-04-29 12:52:46', 1),
	(8, '200 ', '200                 ', '200                 ', 200.00, 1, '2025-01-01 00:00:00', 1, '2025-04-29 12:52:46', 1),
	(9, '100 ', '100                 ', '100                 ', 100.00, 1, '2025-01-01 00:00:00', 1, '2025-04-29 12:52:46', 1),
	(10, '50 ', '50                  ', '50                  ', 50.00, 1, '2025-01-01 00:00:00', 1, '2025-04-29 12:52:46', 1);

-- Dumping structure for table pos_resto.check_disc_group
CREATE TABLE IF NOT EXISTS `check_disc_group` (
  `discgrp` varchar(20) NOT NULL DEFAULT '',
  `desc1` varchar(20) DEFAULT NULL,
  `desc2` varchar(20) DEFAULT NULL,
  `desc3` varchar(20) DEFAULT NULL,
  `presence` tinyint(2) NOT NULL DEFAULT 1,
  `inputDate` datetime NOT NULL DEFAULT '2025-01-01 00:00:00',
  `inputBy` smallint(6) NOT NULL DEFAULT 1,
  `updateDate` datetime NOT NULL DEFAULT '2025-01-01 00:00:00',
  `updateBy` smallint(6) NOT NULL DEFAULT 1,
  PRIMARY KEY (`discgrp`)
) ENGINE=InnoDB DEFAULT CHARSET=utf8mb4 COLLATE=utf8mb4_general_ci ROW_FORMAT=DYNAMIC;

-- Dumping data for table pos_resto.check_disc_group: ~8 rows (approximately)
INSERT INTO `check_disc_group` (`discgrp`, `desc1`, `desc2`, `desc3`, `presence`, `inputDate`, `inputBy`, `updateDate`, `updateBy`) VALUES
	('D01', 'Drink Discount 2', 'Drink Discount      ', 'Drink Discount      ', 1, '2025-01-01 00:00:00', 1, '2025-04-29 14:41:21', 1),
	('F01', 'Food Discount 3', 'Food Discount       ', 'Food Discount       ', 1, '2025-01-01 00:00:00', 1, '2025-04-29 14:41:21', 1),
	('F02', 'DimSum Discount 4', 'DimSum Discount     ', 'DimSum Discount     ', 1, '2025-01-01 00:00:00', 1, '2025-04-29 14:41:21', 1),
	('F03', 'Cake Discount ', 'Cake Discount       ', 'Cake Discount       ', 1, '2025-01-01 00:00:00', 1, '2025-04-29 14:41:21', 1),
	('F04', 'Dessert Discount ', 'Dessert Discount    ', 'Dessert Discount    ', 1, '2025-01-01 00:00:00', 1, '2025-04-29 14:41:21', 1),
	('F05', 'Pastry Discount ', 'Pastry Discount     ', 'Pastry Discount     ', 1, '2025-01-01 00:00:00', 1, '2025-04-29 14:41:21', 1),
	('gg5', '232323', NULL, NULL, 0, '2025-04-29 14:57:59', 1, '2025-04-29 14:58:04', 1),
	('N01', 'No Discount ', 'No Discount         ', 'No Discount         ', 1, '2025-01-01 00:00:00', 1, '2025-04-29 14:41:21', 1);

-- Dumping structure for table pos_resto.check_disc_type
CREATE TABLE IF NOT EXISTS `check_disc_type` (
  `id` smallint(6) NOT NULL AUTO_INCREMENT,
  `name` varchar(200) DEFAULT NULL,
  `discRate` decimal(5,2) DEFAULT NULL,
  `discAmount` decimal(9,2) DEFAULT NULL,
  `discmeth` tinyint(4) DEFAULT NULL,
  `peritem` varchar(1) DEFAULT NULL,
  `isdiscpre` tinyint(4) DEFAULT NULL,
  `isinctax` varchar(1) DEFAULT NULL,
  `isincsc` tinyint(4) DEFAULT NULL,
  `grprange1` varchar(6) DEFAULT NULL,
  `grprange2` varchar(6) DEFAULT NULL,
  `grprange3` varchar(6) DEFAULT NULL,
  `grprange4` varchar(6) DEFAULT NULL,
  `grprange5` varchar(6) DEFAULT NULL,
  `notonck` varchar(1) DEFAULT NULL,
  `notonitem` varchar(1) DEFAULT NULL,
  `disclevel` varchar(4) DEFAULT NULL,
  `script` varchar(30) DEFAULT NULL,
  `useref` varchar(1) DEFAULT NULL,
  `notcount` varchar(1) DEFAULT NULL,
  `presence` tinyint(2) NOT NULL DEFAULT 1,
  `inputDate` datetime NOT NULL DEFAULT '2025-01-01 00:00:00',
  `inputBy` smallint(6) NOT NULL DEFAULT 1,
  `updateDate` datetime NOT NULL DEFAULT '2025-01-01 00:00:00',
  `updateBy` smallint(6) NOT NULL DEFAULT 1,
  PRIMARY KEY (`id`) USING BTREE
) ENGINE=InnoDB AUTO_INCREMENT=34 DEFAULT CHARSET=utf8mb4 COLLATE=utf8mb4_general_ci ROW_FORMAT=DYNAMIC;

-- Dumping data for table pos_resto.check_disc_type: ~31 rows (approximately)
INSERT INTO `check_disc_type` (`id`, `name`, `discRate`, `discAmount`, `discmeth`, `peritem`, `isdiscpre`, `isinctax`, `isincsc`, `grprange1`, `grprange2`, `grprange3`, `grprange4`, `grprange5`, `notonck`, `notonitem`, `disclevel`, `script`, `useref`, `notcount`, `presence`, `inputDate`, `inputBy`, `updateDate`, `updateBy`) VALUES
	(1, '10% Disc All ', 10.00, 0.00, 1, '1', 1, ' ', 1, 'D01F05', '      ', '      ', '      ', '      ', '1', ' ', '0   ', '                              ', ' ', ' ', 1, '2025-01-01 00:00:00', 1, '2025-04-29 15:32:23', 1),
	(2, '15% Disc all ', 15.00, 0.00, 1, '1', 1, ' ', 1, 'B01F05', '      ', '      ', '      ', '      ', '1', ' ', '0   ', '                              ', ' ', ' ', 1, '2025-01-01 00:00:00', 1, '2025-04-29 15:32:23', 1),
	(3, '20% Disc all ', 20.00, 0.00, 1, '1', 1, ' ', 1, 'B01F05', '      ', '      ', '      ', '      ', '1', ' ', '0   ', '                              ', ' ', ' ', 1, '2025-01-01 00:00:00', 1, '2025-04-29 15:32:23', 1),
	(4, '25% Disc all ', 25.00, 0.00, 1, '1', 1, ' ', 1, 'B01F05', '      ', '      ', '      ', '      ', '1', ' ', '0   ', '                              ', ' ', ' ', 1, '2025-01-01 00:00:00', 1, '2025-04-29 15:32:23', 1),
	(5, '30% Disc All ', 30.00, 0.00, 1, '1', 1, ' ', 1, 'B01F05', '      ', '      ', '      ', '      ', '1', ' ', '0   ', '                              ', ' ', ' ', 1, '2025-01-01 00:00:00', 1, '2025-04-29 15:32:23', 1),
	(6, '35% Disc All ', 35.00, 0.00, 1, '1', 1, ' ', 1, 'B01F05', '      ', '      ', '      ', '      ', '1', ' ', '0   ', '                              ', ' ', ' ', 1, '2025-01-01 00:00:00', 1, '2025-04-29 15:32:23', 1),
	(7, '50% Disc All ', 50.00, 0.00, 1, '1', 1, ' ', 1, 'B01F05', '      ', '      ', '      ', '      ', '1', ' ', '0   ', '                              ', ' ', ' ', 1, '2025-01-01 00:00:00', 1, '2025-04-29 15:32:23', 1),
	(8, '100% Disc All ', 100.00, 0.00, 1, '1', 1, ' ', 1, 'B01F05', '      ', '      ', '      ', '      ', '1', ' ', '0   ', '                              ', ' ', ' ', 1, '2025-01-01 00:00:00', 1, '2025-04-29 15:32:23', 1),
	(9, '50% + 10 % Disc ', 100.00, 0.00, 1, '1', 1, ' ', 1, 'B01F05', '      ', '      ', '      ', '      ', '1', ' ', '0   ', '                              ', ' ', ' ', 1, '2025-01-01 00:00:00', 1, '2025-04-29 15:32:23', 1),
	(10, 'O C ', 100.00, 0.00, 1, '1', 1, ' ', 1, 'B01F05', '      ', '      ', '      ', '      ', '1', ' ', '0   ', '                              ', ' ', ' ', 1, '2025-01-01 00:00:00', 1, '2025-04-29 15:32:23', 1),
	(11, 'ENT ', 100.00, 0.00, 1, '1', 1, ' ', 1, 'B01F05', '      ', '      ', '      ', '      ', '1', ' ', '0   ', '                              ', ' ', ' ', 1, '2025-01-01 00:00:00', 1, '2025-04-29 15:32:23', 1),
	(12, 'COMPLIMENT ', 100.00, 0.00, 1, '1', 1, ' ', 1, 'B01F05', '      ', '      ', '      ', '      ', '1', ' ', '0   ', '                              ', ' ', ' ', 1, '2025-01-01 00:00:00', 1, '2025-04-29 15:32:23', 1),
	(13, '25% + 25% Disc ', 43.75, 0.00, 1, '1', 1, ' ', 1, 'B01F05', '      ', '      ', '      ', '      ', '1', ' ', '0   ', '                              ', ' ', ' ', 1, '2025-01-01 00:00:00', 1, '2025-04-29 15:32:23', 1),
	(14, '17% Disc all ', 17.00, 0.00, 1, '1', 1, ' ', 1, 'F01F01', '      ', '      ', '      ', '      ', '1', ' ', '0   ', '                              ', ' ', ' ', 1, '2025-01-01 00:00:00', 1, '2025-04-29 15:32:23', 1),
	(15, '40% Disc All ', 40.00, 0.00, 1, '1', 1, ' ', 1, 'B01F05', '      ', '      ', '      ', '      ', '1', ' ', '0   ', '                              ', ' ', ' ', 1, '2025-01-01 00:00:00', 1, '2025-04-29 15:32:23', 1),
	(16, '50% Disc Member ', 50.00, 0.00, 1, '1', 1, ' ', 1, 'B01F05', '      ', '      ', '      ', '      ', '1', ' ', '0   ', '                              ', ' ', ' ', 1, '2025-01-01 00:00:00', 1, '2025-04-29 15:32:23', 1),
	(17, '100% Disc Member ', 100.00, 0.00, 1, '1', 1, ' ', 1, 'B01F05', '      ', '      ', '      ', '      ', '1', ' ', '0   ', '                              ', ' ', ' ', 1, '2025-01-01 00:00:00', 1, '2025-04-29 15:32:23', 1),
	(18, 'DISC MAX 100 ', 0.00, 100000.00, 0, ' ', 1, ' ', 1, 'B01F05', '      ', '      ', '      ', '      ', ' ', '1', '0   ', '                              ', ' ', ' ', 1, '2025-01-01 00:00:00', 1, '2025-04-29 15:32:23', 1),
	(19, 'DISC MAX 200 ', 0.00, 200000.00, 0, ' ', 1, ' ', 1, 'B01F05', '      ', '      ', '      ', '      ', ' ', '1', '0   ', '                              ', ' ', ' ', 1, '2025-01-01 00:00:00', 1, '2025-04-29 15:32:23', 1),
	(20, 'DISC MAX 300 ', 0.00, 300000.00, 0, ' ', 1, ' ', 1, 'B01F05', '      ', '      ', '      ', '      ', ' ', '1', '0   ', '                              ', ' ', ' ', 1, '2025-01-01 00:00:00', 1, '2025-04-29 15:32:23', 1),
	(21, '27% Disc all ', 27.00, 0.00, 1, '1', 1, ' ', 1, 'B01F05', '      ', '      ', '      ', '      ', '1', ' ', '0   ', '                              ', ' ', ' ', 1, '2025-01-01 00:00:00', 1, '2025-04-29 15:32:23', 1),
	(22, '45% Disc all ', 45.00, 0.00, 1, '1', 1, ' ', 1, 'B01F05', '      ', '      ', '      ', '      ', '1', ' ', '0   ', '                              ', ' ', ' ', 1, '2025-01-01 00:00:00', 1, '2025-04-29 15:32:23', 1),
	(25, 'DISC MAX 75 34', 0.00, 75000.00, 0, ' ', 1, ' ', 1, 'B01F05', '      ', '      ', '      ', '      ', ' ', '1', '0   ', '                              ', ' ', ' ', 1, '2025-01-01 00:00:00', 1, '2025-04-29 15:32:23', 1),
	(26, 'DISC MAX 50 ', 0.00, 50000.00, 0, ' ', 1, ' ', 1, 'B01F05', '      ', '      ', '      ', '      ', ' ', '1', '0   ', '                              ', ' ', ' ', 1, '2025-01-01 00:00:00', 1, '2025-04-29 15:32:23', 1),
	(27, 'DISC MAX 1000 ', 0.00, 1000000.00, 0, ' ', 1, ' ', 1, 'B01F05', '      ', '      ', '      ', '      ', ' ', '1', '0   ', '                              ', ' ', ' ', 1, '2025-01-01 00:00:00', 1, '2025-04-29 15:32:23', 1),
	(28, 'DISC MAX BCA 105 ', 0.00, 105000.00, 0, ' ', 1, ' ', 1, 'B01F05', '      ', '      ', '      ', '      ', ' ', '1', '0   ', '                              ', ' ', ' ', 1, '2025-01-01 00:00:00', 1, '2025-04-29 15:32:23', 1),
	(29, 'DISC MAX BRI 150 ', 0.00, 150000.00, 0, ' ', 1, ' ', 1, 'B01F05', '      ', '      ', '      ', '      ', ' ', '1', '0   ', '                              ', ' ', ' ', 0, '2025-01-01 00:00:00', 1, '2025-04-29 15:31:13', 1),
	(30, 'DISC MAX 150 ', 0.00, 150000.00, 0, ' ', 1, ' ', 1, 'B01F05', '      ', '      ', '      ', '      ', ' ', '1', '0   ', '                              ', ' ', ' ', 0, '2025-01-01 00:00:00', 1, '2025-04-29 15:31:13', 1),
	(31, 'DISC MAX OCBC 150 ', 0.00, 150000.00, 0, ' ', 1, ' ', 1, 'B01F05', '      ', '      ', '      ', '      ', ' ', '1', '0   ', '                              ', ' ', ' ', 0, '2025-01-01 00:00:00', 1, '2025-04-29 15:31:05', 1),
	(32, 'DISC 50% OCBC ', 50.00, 0.00, 1, '1', 1, ' ', 1, 'B01F05', '      ', '      ', '      ', '      ', '1', ' ', '0   ', '                              ', ' ', ' ', 0, '2025-01-01 00:00:00', 1, '2025-04-29 15:31:05', 1);

-- Dumping structure for table pos_resto.check_payment_group
CREATE TABLE IF NOT EXISTS `check_payment_group` (
  `paygrpid` tinyint(4) NOT NULL AUTO_INCREMENT,
  `desc1` varchar(200) DEFAULT NULL,
  `desc2` varchar(200) DEFAULT NULL,
  `desc3` varchar(200) DEFAULT NULL,
  `presence` tinyint(2) NOT NULL DEFAULT 1,
  `inputDate` datetime NOT NULL DEFAULT '2025-01-01 00:00:00',
  `inputBy` smallint(6) NOT NULL DEFAULT 1,
  `updateDate` datetime NOT NULL DEFAULT '2025-01-01 00:00:00',
  `updateBy` smallint(6) NOT NULL DEFAULT 1,
  PRIMARY KEY (`paygrpid`)
) ENGINE=InnoDB AUTO_INCREMENT=3 DEFAULT CHARSET=utf8mb4 COLLATE=utf8mb4_general_ci ROW_FORMAT=DYNAMIC;

-- Dumping data for table pos_resto.check_payment_group: ~2 rows (approximately)
INSERT INTO `check_payment_group` (`paygrpid`, `desc1`, `desc2`, `desc3`, `presence`, `inputDate`, `inputBy`, `updateDate`, `updateBy`) VALUES
	(1, '', NULL, NULL, 0, '2025-04-29 12:05:06', 1, '2025-04-29 12:05:44', 1),
	(2, '4234234', NULL, NULL, 1, '2025-04-29 12:06:45', 1, '2025-04-29 12:07:26', 1);

-- Dumping structure for table pos_resto.check_payment_type
CREATE TABLE IF NOT EXISTS `check_payment_type` (
  `id` int(11) NOT NULL AUTO_INCREMENT,
  `payid` varchar(3) DEFAULT NULL,
  `name` varchar(200) DEFAULT NULL,
  `autoMatchAmount` tinyint(4) DEFAULT 1,
  `fcyid` varchar(200) DEFAULT NULL,
  `havetips` varchar(200) DEFAULT NULL,
  `tipsaltr` tinyint(4) DEFAULT NULL,
  `payclass` tinyint(4) DEFAULT NULL,
  `paymeth` smallint(6) DEFAULT NULL,
  `maxlimit` decimal(3,2) DEFAULT NULL,
  `nonsales` varchar(200) DEFAULT NULL,
  `openDrawer` varchar(200) DEFAULT NULL,
  `prefix` varchar(200) DEFAULT NULL,
  `paysign` varchar(200) DEFAULT NULL,
  `prtvoid` varchar(200) DEFAULT NULL,
  `reftype` varchar(200) DEFAULT NULL,
  `haveccac` varchar(200) DEFAULT NULL,
  `isguitype` varchar(200) DEFAULT NULL,
  `extpath` varchar(200) DEFAULT NULL,
  `discid` varchar(200) DEFAULT NULL,
  `paygrpid` varchar(200) DEFAULT NULL,
  `disctype` varchar(200) DEFAULT NULL,
  `drwmulti` tinyint(4) DEFAULT NULL,
  `presence` tinyint(2) NOT NULL DEFAULT 1,
  `inputDate` datetime NOT NULL DEFAULT '2025-01-01 00:00:00',
  `inputBy` smallint(6) NOT NULL DEFAULT 1,
  `updateDate` datetime NOT NULL DEFAULT '2025-01-01 00:00:00',
  `updateBy` smallint(6) NOT NULL DEFAULT 1,
  PRIMARY KEY (`id`),
  UNIQUE KEY `payid` (`payid`)
) ENGINE=InnoDB AUTO_INCREMENT=102 DEFAULT CHARSET=utf8mb4 COLLATE=utf8mb4_general_ci ROW_FORMAT=DYNAMIC;

-- Dumping data for table pos_resto.check_payment_type: ~101 rows (approximately)
INSERT INTO `check_payment_type` (`id`, `payid`, `name`, `autoMatchAmount`, `fcyid`, `havetips`, `tipsaltr`, `payclass`, `paymeth`, `maxlimit`, `nonsales`, `openDrawer`, `prefix`, `paysign`, `prtvoid`, `reftype`, `haveccac`, `isguitype`, `extpath`, `discid`, `paygrpid`, `disctype`, `drwmulti`, `presence`, `inputDate`, `inputBy`, `updateDate`, `updateBy`) VALUES
	(1, 'C01', 'CASH', 0, '   fcyid32', ' havetips', 1, 2, 0, 0.00, ' ', '1', '          ', '          ', ' ', ' ', ' ', ' ', '                                                                      ', '   ', '    ', ' ', 0, 1, '2025-01-01 00:00:00', 1, '2025-05-02 13:36:10', 1),
	(2, 'B03', 'BCA CREDIT ', 1, '   ', ' ', 0, 6, 1, 0.00, ' ', ' ', '          ', '          ', ' ', ' ', ' ', ' ', '"C:QRCodeBCAEDCEDCBCA.exe" NONFLAZZ                                ', '   ', '    ', ' ', 0, 1, '2025-01-01 00:00:00', 1, '2025-05-02 13:36:10', 1),
	(3, 'B02', 'BCA DEBIT ', 1, '   ', ' ', 0, 6, 0, 0.00, ' ', ' ', '          ', '          ', ' ', ' ', ' ', ' ', '"C:QRCodeBCAEDCEDCBCA.exe" NONFLAZZ                                ', '   ', '    ', ' ', 0, 1, '2025-01-01 00:00:00', 1, '2025-05-02 13:36:10', 1),
	(4, 'E01', 'ENTERTAIN ', 1, '   ', ' ', 0, 0, 0, 0.00, ' ', ' ', '          ', '          ', ' ', ' ', ' ', ' ', '                                                                      ', '   ', '    ', ' ', 0, 1, '2025-01-01 00:00:00', 1, '2025-05-02 13:36:10', 1),
	(5, 'C21', 'CITILEDGER ', 1, '   ', ' ', 0, 0, 0, 0.00, ' ', ' ', '          ', '          ', ' ', '1', ' ', ' ', '                                                                      ', '   ', '    ', ' ', 0, 1, '2025-01-01 00:00:00', 1, '2025-05-02 13:36:10', 1),
	(6, 'O21', 'OFFICER CHECK ', 1, '   ', ' ', 0, 0, 0, 0.00, ' ', ' ', '          ', '          ', ' ', '1', ' ', ' ', '                                                                      ', '   ', '    ', ' ', 0, 1, '2025-01-01 00:00:00', 1, '2025-05-02 13:36:10', 1),
	(7, 'C31', 'COMPLIMENT ', 1, '   ', ' ', 0, 0, 0, 0.00, ' ', ' ', '          ', '          ', ' ', ' ', ' ', ' ', '                                                                      ', '   ', '    ', ' ', 0, 1, '2025-01-01 00:00:00', 1, '2025-05-02 13:36:10', 1),
	(8, 'O11', 'OVO ', 1, '   ', ' ', 0, 3, 0, 0.00, ' ', ' ', '          ', '          ', ' ', ' ', ' ', ' ', '                                                                      ', '   ', '    ', ' ', 0, 1, '2025-01-01 00:00:00', 1, '2025-05-02 13:36:10', 1),
	(9, 'V08', 'VOUCHER EZ MGM ', 1, '   ', ' ', 0, 2, 0, 0.00, ' ', ' ', '          ', '          ', ' ', '1', ' ', ' ', '                                                                      ', '   ', '    ', ' ', 0, 1, '2025-01-01 00:00:00', 1, '2025-05-02 13:36:10', 1),
	(10, 'V12', 'VOUCHER FAVE ', 1, '   ', ' ', 0, 2, 0, 0.00, ' ', ' ', '          ', '          ', ' ', '1', ' ', ' ', '                                                                      ', '   ', '    ', ' ', 0, 1, '2025-01-01 00:00:00', 1, '2025-05-02 13:36:10', 1),
	(11, 'V09', 'VOUCHER EZ BIRTHDAY ', 1, '   ', ' ', 0, 2, 0, 0.00, ' ', ' ', '          ', '          ', ' ', '1', ' ', ' ', '                                                                      ', '   ', '    ', ' ', 0, 1, '2025-01-01 00:00:00', 1, '2025-05-02 13:36:10', 1),
	(12, 'B01', 'BCA FLAZZ ', 1, '   ', ' ', 0, 6, 0, 0.00, ' ', ' ', '          ', '          ', ' ', ' ', ' ', ' ', '"C:QRCodeBCAEDCEDCBCA.exe" FLAZZ                                   ', '   ', '    ', ' ', 0, 1, '2025-01-01 00:00:00', 1, '2025-05-02 13:36:10', 1),
	(13, 'B11', 'BNI DEBIT ', 1, '   ', ' ', 0, 3, 0, 0.00, ' ', ' ', '          ', '          ', ' ', ' ', ' ', ' ', '                                                                      ', '   ', '    ', ' ', 0, 1, '2025-01-01 00:00:00', 1, '2025-05-02 13:36:10', 1),
	(14, 'B12', 'BNI CREDIT ', 1, '   ', ' ', 0, 1, 1, 0.00, ' ', ' ', '          ', '          ', ' ', ' ', ' ', ' ', '                                                                      ', '   ', '    ', ' ', 0, 1, '2025-01-01 00:00:00', 1, '2025-05-02 13:36:10', 1),
	(15, 'C12', 'CIMB CREDIT ', 1, '   ', ' ', 0, 1, 1, 0.00, ' ', ' ', '          ', '          ', ' ', ' ', ' ', ' ', '                                                                      ', '   ', '    ', ' ', 0, 1, '2025-01-01 00:00:00', 1, '2025-05-02 13:36:10', 1),
	(16, 'C11', 'CIMB DEBIT ', 1, '   ', ' ', 0, 3, 0, 0.00, ' ', ' ', '          ', '          ', ' ', ' ', ' ', ' ', '                                                                      ', '   ', '    ', ' ', 0, 1, '2025-01-01 00:00:00', 1, '2025-05-02 13:36:10', 1),
	(17, 'M01', 'MANDIRI DEBIT ON US ', 1, '   ', ' ', 0, 6, 0, 0.00, ' ', ' ', '          ', '          ', ' ', ' ', ' ', ' ', '"C:QRCodeMandiriEDCEDCMandiri.exe" Mandiri                         ', '   ', '    ', ' ', 0, 1, '2025-01-01 00:00:00', 1, '2025-05-02 13:36:10', 1),
	(18, 'M02', 'MANDIRI CREDIT ON/OF', 1, '   ', ' ', 0, 6, 1, 0.00, ' ', ' ', '          ', '          ', ' ', ' ', ' ', ' ', '"C:QRCodeMandiriEDCEDCMandiri.exe" Mandiri                         ', '   ', '    ', ' ', 0, 1, '2025-01-01 00:00:00', 1, '2025-05-02 13:36:10', 1),
	(19, 'P02', 'PERMATA CREDIT ', 1, '   ', ' ', 0, 1, 1, 0.00, ' ', ' ', '          ', '          ', ' ', ' ', ' ', ' ', '                                                                      ', '   ', '    ', ' ', 0, 1, '2025-01-01 00:00:00', 1, '2025-05-02 13:36:10', 1),
	(20, 'P01', 'PERMATA DEBIT ', 1, '   ', ' ', 0, 3, 0, 0.00, ' ', ' ', '          ', '          ', ' ', ' ', ' ', ' ', '                                                                      ', '   ', '    ', ' ', 0, 1, '2025-01-01 00:00:00', 1, '2025-05-02 13:36:10', 1),
	(21, 'O01', 'OTHERS DEBIT ', 1, '   ', ' ', 0, 3, 0, 0.00, ' ', ' ', '          ', '          ', ' ', ' ', ' ', ' ', '                                                                      ', '   ', '    ', ' ', 0, 1, '2025-01-01 00:00:00', 1, '2025-05-02 13:36:10', 1),
	(22, 'O02', 'OTHERS CREDIT ', 1, '   ', ' ', 0, 1, 1, 0.00, ' ', ' ', '          ', '          ', ' ', ' ', ' ', ' ', '                                                                      ', '   ', '    ', ' ', 0, 1, '2025-01-01 00:00:00', 1, '2025-05-02 13:36:10', 1),
	(23, 'G01', 'GOJEK CASH ', 1, '   ', ' ', 0, 0, 0, 0.00, ' ', '1', '          ', '          ', ' ', ' ', ' ', ' ', '                                                                      ', '   ', '    ', ' ', 0, 1, '2025-01-01 00:00:00', 1, '2025-05-02 13:36:10', 1),
	(24, 'G02', 'GOJEK DEBIT ', 1, '   ', ' ', 0, 3, 0, 0.00, ' ', ' ', '          ', '          ', ' ', ' ', ' ', ' ', '                                                                      ', '   ', '    ', ' ', 0, 1, '2025-01-01 00:00:00', 1, '2025-05-02 13:36:10', 1),
	(25, 'G03', 'GOJEK CREDIT ', 1, '   ', ' ', 0, 1, 1, 0.00, ' ', ' ', '          ', '          ', ' ', ' ', ' ', ' ', '                                                                      ', '   ', '    ', ' ', 0, 1, '2025-01-01 00:00:00', 1, '2025-05-02 13:36:10', 1),
	(26, 'G04', 'GOJEK PAY ', 1, '   ', ' ', 0, 0, 0, 0.00, ' ', ' ', '          ', '          ', ' ', ' ', ' ', ' ', '                                                                      ', '   ', '    ', ' ', 0, 1, '2025-01-01 00:00:00', 1, '2025-05-02 13:36:10', 1),
	(27, 'G05', 'GO BIZ ', 1, '   ', ' ', 0, 0, 0, 0.00, ' ', ' ', '          ', '          ', ' ', ' ', ' ', ' ', '                                                                      ', '   ', '    ', ' ', 0, 1, '2025-01-01 00:00:00', 1, '2025-05-02 13:36:10', 1),
	(28, 'V01', 'VOUCHER GROUP ', 1, '   ', ' ', 0, 2, 0, 0.00, ' ', ' ', '          ', '          ', ' ', '1', ' ', ' ', '                                                                      ', '   ', '    ', ' ', 0, 1, '2025-01-01 00:00:00', 1, '2025-05-02 13:36:10', 1),
	(29, 'V02', 'VOUCHER MAL ', 1, '   ', ' ', 0, 2, 0, 0.00, ' ', ' ', '          ', '          ', ' ', '1', ' ', ' ', '                                                                      ', '   ', '    ', ' ', 0, 1, '2025-01-01 00:00:00', 1, '2025-05-02 13:36:10', 1),
	(30, 'V03', 'VOUCHER BNI ', 1, '   ', ' ', 0, 2, 0, 0.00, ' ', ' ', '          ', '          ', ' ', '1', ' ', ' ', '                                                                      ', '   ', '    ', ' ', 0, 1, '2025-01-01 00:00:00', 1, '2025-05-02 13:36:11', 1),
	(31, 'V04', 'VOUCHER HSBC ', 1, '   ', ' ', 0, 2, 0, 0.00, ' ', ' ', '          ', '          ', ' ', '1', ' ', ' ', '                                                                      ', '   ', '    ', ' ', 0, 1, '2025-01-01 00:00:00', 1, '2025-05-02 13:36:11', 1),
	(32, 'V05', 'VOUCHER EZ STARTERPA', 1, '   ', ' ', 0, 2, 0, 0.00, ' ', ' ', '          ', '          ', ' ', '1', ' ', ' ', '                                                                      ', '   ', '    ', ' ', 0, 1, '2025-01-01 00:00:00', 1, '2025-05-02 13:36:11', 1),
	(33, 'V06', 'VOUCHER EZ TOP UP ', 1, '   ', ' ', 0, 2, 0, 0.00, ' ', ' ', '          ', '          ', ' ', '1', ' ', ' ', '                                                                      ', '   ', '    ', ' ', 0, 1, '2025-01-01 00:00:00', 1, '2025-05-02 13:36:11', 1),
	(34, 'V07', 'VOUCHER EZ CASH BACK', 1, '   ', ' ', 0, 2, 0, 0.00, ' ', ' ', '          ', '          ', ' ', '1', ' ', ' ', '                                                                      ', '   ', '    ', ' ', 0, 1, '2025-01-01 00:00:00', 1, '2025-05-02 13:36:11', 1),
	(35, 'V10', 'VOUCHER GRAB ', 1, '   ', ' ', 0, 2, 0, 0.00, ' ', ' ', '          ', '          ', ' ', '1', ' ', ' ', '                                                                      ', '   ', '    ', ' ', 0, 1, '2025-01-01 00:00:00', 1, '2025-05-02 13:36:11', 1),
	(36, 'V11', 'VOUCHER MFG ', 1, '   ', ' ', 0, 2, 0, 0.00, ' ', ' ', '          ', '          ', ' ', '1', ' ', ' ', '                                                                      ', '   ', '    ', ' ', 0, 1, '2025-01-01 00:00:00', 1, '2025-05-02 13:36:11', 1),
	(37, 'V13', 'VOUCHER TADA STARTER', 1, '   ', ' ', 0, 2, 0, 0.00, ' ', ' ', '          ', '          ', ' ', '1', ' ', ' ', '                                                                      ', '   ', '    ', ' ', 0, 1, '2025-01-01 00:00:00', 1, '2025-05-02 13:36:11', 1),
	(38, 'V14', 'VOUCHER TADA TOP UP ', 1, '   ', ' ', 0, 2, 0, 0.00, ' ', ' ', '          ', '          ', ' ', '1', ' ', ' ', '                                                                      ', '   ', '    ', ' ', 0, 1, '2025-01-01 00:00:00', 1, '2025-05-02 13:36:11', 1),
	(39, 'V15', 'VOUCHER TADACASHBACK', 1, '   ', ' ', 0, 2, 0, 0.00, ' ', ' ', '          ', '          ', ' ', '1', ' ', ' ', '                                                                      ', '   ', '    ', ' ', 0, 1, '2025-01-01 00:00:00', 1, '2025-05-02 13:36:11', 1),
	(40, 'V16', 'VOUCHER TADA MGM ', 1, '   ', ' ', 0, 2, 0, 0.00, ' ', ' ', '          ', '          ', ' ', '1', ' ', ' ', '                                                                      ', '   ', '    ', ' ', 0, 1, '2025-01-01 00:00:00', 1, '2025-05-02 13:36:11', 1),
	(41, 'V17', 'VOUCHER TADABIRTHDA ', 1, '   ', ' ', 0, 2, 0, 0.00, ' ', ' ', '          ', '          ', ' ', '1', ' ', ' ', '                                                                      ', '   ', '    ', ' ', 0, 1, '2025-01-01 00:00:00', 1, '2025-05-02 13:36:11', 1),
	(42, 'C41', 'COMPLIMENT EZ ', 1, '   ', ' ', 0, 0, 0, 0.00, ' ', ' ', '          ', '          ', ' ', ' ', ' ', ' ', '                                                                      ', '   ', '    ', ' ', 0, 1, '2025-01-01 00:00:00', 1, '2025-05-02 13:36:11', 1),
	(43, 'C42', 'COMPLIMENT TADA ', 1, '   ', ' ', 0, 0, 0, 0.00, ' ', ' ', '          ', '          ', ' ', ' ', ' ', ' ', '                                                                      ', '   ', '    ', ' ', 0, 1, '2025-01-01 00:00:00', 1, '2025-05-02 13:36:11', 1),
	(44, 'C43', 'COMPLIMENT MAL ', 1, '   ', ' ', 0, 0, 0, 0.00, ' ', ' ', '          ', '          ', ' ', ' ', ' ', ' ', '                                                                      ', '   ', '    ', ' ', 0, 1, '2025-01-01 00:00:00', 1, '2025-05-02 13:36:11', 1),
	(45, 'C44', 'COMPLIMENT PROMO ', 1, '   ', ' ', 0, 0, 0, 0.00, ' ', ' ', '          ', '          ', ' ', ' ', ' ', ' ', '                                                                      ', '   ', '    ', ' ', 0, 1, '2025-01-01 00:00:00', 1, '2025-05-02 13:36:11', 1),
	(46, 'C51', 'MEGA DEBIT ON US ', 1, '   ', ' ', 0, 3, 0, 0.00, ' ', ' ', '          ', '          ', ' ', ' ', ' ', ' ', '                                                                      ', '   ', '    ', ' ', 0, 1, '2025-01-01 00:00:00', 1, '2025-05-02 13:36:11', 1),
	(47, 'C52', 'MEGA CREDIT ON US ', 1, '   ', ' ', 0, 1, 1, 0.00, ' ', ' ', '          ', '          ', ' ', ' ', ' ', ' ', '                                                                      ', '   ', '    ', ' ', 0, 1, '2025-01-01 00:00:00', 1, '2025-05-02 13:36:11', 1),
	(48, 'V18', 'VOUCHER GOJEK ', 1, '   ', ' ', 0, 2, 0, 0.00, ' ', ' ', '          ', '          ', ' ', '1', ' ', ' ', '                                                                      ', '   ', '    ', ' ', 0, 1, '2025-01-01 00:00:00', 1, '2025-05-02 13:36:11', 1),
	(49, 'V19', 'VOUCHER EZ EXTRA ', 1, '   ', ' ', 0, 2, 0, 0.00, ' ', ' ', '          ', '          ', ' ', '1', ' ', ' ', '                                                                      ', '   ', '    ', ' ', 0, 1, '2025-01-01 00:00:00', 1, '2025-05-02 13:36:11', 1),
	(50, 'V20', 'VOUCHER EATIGO ', 1, '   ', ' ', 0, 2, 0, 0.00, ' ', ' ', '          ', '          ', ' ', '1', ' ', ' ', '                                                                      ', '   ', '    ', ' ', 0, 1, '2025-01-01 00:00:00', 1, '2025-05-02 13:36:11', 1),
	(51, 'V21', 'VOUCHER GIFTN ', 1, '   ', ' ', 0, 2, 0, 0.00, ' ', ' ', '          ', '          ', ' ', '1', ' ', ' ', '                                                                      ', '   ', '    ', ' ', 0, 1, '2025-01-01 00:00:00', 1, '2025-05-02 13:36:11', 1),
	(52, 'V22', 'VOUCHER JD.ID ', 1, '   ', ' ', 0, 2, 0, 0.00, ' ', ' ', '          ', '          ', ' ', '1', ' ', ' ', '                                                                      ', '   ', '    ', ' ', 0, 1, '2025-01-01 00:00:00', 1, '2025-05-02 13:36:11', 1),
	(53, 'V23', 'VOUCHER TRAVELOKA ', 1, '   ', ' ', 0, 2, 0, 0.00, ' ', ' ', '          ', '          ', ' ', '1', ' ', ' ', '                                                                      ', '   ', '    ', ' ', 0, 1, '2025-01-01 00:00:00', 1, '2025-05-02 13:36:11', 1),
	(54, 'GR1', 'GRAB CASH ', 1, '   ', ' ', 0, 0, 0, 0.00, ' ', '1', '          ', '          ', ' ', ' ', ' ', ' ', '                                                                      ', '   ', '    ', ' ', 0, 1, '2025-01-01 00:00:00', 1, '2025-05-02 13:36:11', 1),
	(55, 'GR2', 'GRAB DEBIT ', 1, '   ', ' ', 0, 3, 0, 0.00, ' ', ' ', '          ', '          ', ' ', ' ', ' ', ' ', '                                                                      ', '   ', '    ', ' ', 0, 1, '2025-01-01 00:00:00', 1, '2025-05-02 13:36:11', 1),
	(56, 'GR3', 'GRAB CREDIT ', 1, '   ', ' ', 0, 1, 1, 0.00, ' ', ' ', '          ', '          ', ' ', ' ', ' ', ' ', '                                                                      ', '   ', '    ', ' ', 0, 1, '2025-01-01 00:00:00', 1, '2025-05-02 13:36:11', 1),
	(57, 'GR4', 'GRAB PAY ', 1, '   ', ' ', 0, 0, 0, 0.00, ' ', ' ', '          ', '          ', ' ', ' ', ' ', ' ', '                                                                      ', '   ', '    ', ' ', 0, 1, '2025-01-01 00:00:00', 1, '2025-05-02 13:36:11', 1),
	(58, 'GR5', 'GRAB RESTO ', 1, '   ', ' ', 0, 0, 0, 0.00, ' ', ' ', '          ', '          ', ' ', ' ', ' ', ' ', '                                                                      ', '   ', '    ', ' ', 0, 1, '2025-01-01 00:00:00', 1, '2025-05-02 13:36:11', 1),
	(59, 'V24', 'KVOUCHER ', 1, '   ', ' ', 0, 2, 0, 0.00, ' ', ' ', '          ', '          ', ' ', '1', ' ', ' ', '                                                                      ', '   ', '    ', ' ', 0, 1, '2025-01-01 00:00:00', 1, '2025-05-02 13:36:11', 1),
	(60, 'C61', 'COUPON FAVE ', 1, '   ', ' ', 0, 2, 0, 0.00, ' ', ' ', '          ', '          ', ' ', '1', ' ', ' ', '                                                                      ', '   ', '    ', ' ', 0, 1, '2025-01-01 00:00:00', 1, '2025-05-02 13:36:11', 1),
	(61, 'C62', 'COUPON GRAB ', 1, '   ', ' ', 0, 2, 0, 0.00, ' ', ' ', '          ', '          ', ' ', '1', ' ', ' ', '                                                                      ', '   ', '    ', ' ', 0, 1, '2025-01-01 00:00:00', 1, '2025-05-02 13:36:11', 1),
	(62, 'C63', 'COUPON GOJEK ', 1, '   ', ' ', 0, 2, 0, 0.00, ' ', ' ', '          ', '          ', ' ', '1', ' ', ' ', '                                                                      ', '   ', '    ', ' ', 0, 1, '2025-01-01 00:00:00', 1, '2025-05-02 13:36:11', 1),
	(63, 'C64', 'COUPON GIFTN ', 1, '   ', ' ', 0, 2, 0, 0.00, ' ', ' ', '          ', '          ', ' ', '1', ' ', ' ', '                                                                      ', '   ', '    ', ' ', 0, 1, '2025-01-01 00:00:00', 1, '2025-05-02 13:36:11', 1),
	(64, 'C65', 'COUPON JD ID ', 1, '   ', ' ', 0, 2, 0, 0.00, ' ', ' ', '          ', '          ', ' ', '1', ' ', ' ', '                                                                      ', '   ', '    ', ' ', 0, 1, '2025-01-01 00:00:00', 1, '2025-05-02 13:36:11', 1),
	(65, 'C66', 'COUPON TRAVELOKA ', 1, '   ', ' ', 0, 2, 0, 0.00, ' ', ' ', '          ', '          ', ' ', '1', ' ', ' ', '                                                                      ', '   ', '    ', ' ', 0, 1, '2025-01-01 00:00:00', 1, '2025-05-02 13:36:11', 1),
	(66, 'C67', 'COUPON BLIBLI ', 1, '   ', ' ', 0, 2, 0, 0.00, ' ', ' ', '          ', '          ', ' ', '1', ' ', ' ', '                                                                      ', '   ', '    ', ' ', 0, 1, '2025-01-01 00:00:00', 1, '2025-05-02 13:36:11', 1),
	(67, 'C68', 'COUPON LOCARD ', 1, '   ', ' ', 0, 2, 0, 0.00, ' ', ' ', '          ', '          ', ' ', '1', ' ', ' ', '                                                                      ', '   ', '    ', ' ', 0, 1, '2025-01-01 00:00:00', 1, '2025-05-02 13:36:11', 1),
	(68, 'C69', 'COUPON DANA ', 1, '   ', ' ', 0, 2, 0, 0.00, ' ', ' ', '          ', '          ', ' ', '1', ' ', ' ', '                                                                      ', '   ', '    ', ' ', 0, 1, '2025-01-01 00:00:00', 1, '2025-05-02 13:36:11', 1),
	(69, 'V25', 'VOUCHER BLIBLI ', 1, '   ', ' ', 0, 2, 0, 0.00, ' ', ' ', '          ', '          ', ' ', '1', ' ', ' ', '                                                                      ', '   ', '    ', ' ', 0, 1, '2025-01-01 00:00:00', 1, '2025-05-02 13:36:11', 1),
	(70, 'V26', 'VOUCHER LOCARD ', 1, '   ', ' ', 0, 2, 0, 0.00, ' ', ' ', '          ', '          ', ' ', '1', ' ', ' ', '                                                                      ', '   ', '    ', ' ', 0, 1, '2025-01-01 00:00:00', 1, '2025-05-02 13:36:11', 1),
	(71, 'V27', 'VOUCHER DANA ', 1, '   ', ' ', 0, 2, 0, 0.00, ' ', ' ', '          ', '          ', ' ', '1', ' ', ' ', '                                                                      ', '   ', '    ', ' ', 0, 1, '2025-01-01 00:00:00', 1, '2025-05-02 13:36:11', 1),
	(72, 'D01', 'DANA DEBIT ', 1, '   ', ' ', 0, 3, 0, 0.00, ' ', ' ', '          ', '          ', ' ', '1', ' ', ' ', '                                                                      ', '   ', '    ', ' ', 0, 1, '2025-01-01 00:00:00', 1, '2025-05-02 13:36:11', 1),
	(73, 'D02', 'DANA CREDIT ', 1, '   ', ' ', 0, 1, 0, 0.00, ' ', ' ', '          ', '          ', ' ', '1', ' ', ' ', '                                                                      ', '   ', '    ', ' ', 0, 1, '2025-01-01 00:00:00', 1, '2025-05-02 13:36:11', 1),
	(74, 'C70', 'COUPON EZEELINK ', 1, '   ', ' ', 0, 2, 0, 0.00, ' ', ' ', '          ', '          ', ' ', '1', ' ', ' ', '                                                                      ', '   ', '    ', ' ', 0, 1, '2025-01-01 00:00:00', 1, '2025-05-02 13:36:11', 1),
	(75, 'D03', 'DANA BALANCE ', 1, '   ', ' ', 0, 3, 0, 0.00, ' ', ' ', '          ', '          ', ' ', '1', ' ', ' ', '                                                                      ', '   ', '    ', ' ', 0, 1, '2025-01-01 00:00:00', 1, '2025-05-02 13:36:11', 1),
	(76, 'V28', 'VOUCHER SODEXO ', 1, '   ', ' ', 0, 2, 0, 0.00, ' ', ' ', '          ', '          ', ' ', '1', ' ', ' ', '                                                                      ', '   ', '    ', ' ', 0, 1, '2025-01-01 00:00:00', 1, '2025-05-02 13:36:11', 1),
	(77, 'C71', 'COUPON SHOPEE ', 1, '   ', ' ', 0, 2, 0, 0.00, ' ', ' ', '          ', '          ', ' ', '1', ' ', ' ', '                                                                      ', '   ', '    ', ' ', 0, 1, '2025-01-01 00:00:00', 1, '2025-05-02 13:36:11', 1),
	(78, 'C72', 'COUPON LINK AJA ', 1, '   ', ' ', 0, 2, 0, 0.00, ' ', ' ', '          ', '          ', ' ', '1', ' ', ' ', '                                                                      ', '   ', '    ', ' ', 0, 1, '2025-01-01 00:00:00', 1, '2025-05-02 13:36:11', 1),
	(79, 'V29', 'VOUCHER SHOPEE ', 1, '   ', ' ', 0, 2, 0, 0.00, ' ', ' ', '          ', '          ', ' ', '1', ' ', ' ', '                                                                      ', '   ', '    ', ' ', 0, 1, '2025-01-01 00:00:00', 1, '2025-05-02 13:36:11', 1),
	(80, 'V30', 'VOUCHER LINK AJA ', 1, '   ', ' ', 0, 2, 0, 0.00, ' ', ' ', '          ', '          ', ' ', '1', ' ', ' ', '                                                                      ', '   ', '    ', ' ', 0, 1, '2025-01-01 00:00:00', 1, '2025-05-02 13:36:11', 1),
	(81, 'L01', 'LINK AJA PAY ', 1, '   ', ' ', 0, 0, 0, 0.00, ' ', ' ', '          ', '          ', ' ', ' ', ' ', ' ', '                                                                      ', '   ', '    ', ' ', 0, 1, '2025-01-01 00:00:00', 1, '2025-05-02 13:36:11', 1),
	(82, 'S01', 'SHOPEE PAY ', 1, '   ', ' ', 0, 0, 0, 0.00, ' ', ' ', '          ', '          ', ' ', ' ', ' ', ' ', '                                                                      ', '   ', '    ', ' ', 0, 1, '2025-01-01 00:00:00', 1, '2025-05-02 13:36:11', 1),
	(83, 'E02', 'E-VOUCHER SODEXO ', 1, '   ', ' ', 0, 2, 0, 0.00, ' ', ' ', '          ', '          ', ' ', '1', ' ', ' ', '                                                                      ', '   ', '    ', ' ', 0, 1, '2025-01-01 00:00:00', 1, '2025-05-02 13:36:11', 1),
	(84, 'V31', 'VOUCHER MAGIC PIN ', 1, '   ', ' ', 0, 2, 0, 0.00, ' ', ' ', '          ', '          ', ' ', '1', ' ', ' ', '                                                                      ', '   ', '    ', ' ', 0, 1, '2025-01-01 00:00:00', 1, '2025-05-02 13:36:11', 1),
	(85, 'C73', 'COUPON MAGIC PIN ', 1, '   ', ' ', 0, 2, 0, 0.00, ' ', ' ', '          ', '          ', ' ', '1', ' ', ' ', '                                                                      ', '   ', '    ', ' ', 0, 1, '2025-01-01 00:00:00', 1, '2025-05-02 13:36:11', 1),
	(86, 'B21', 'BALANCE I.CLUB ', 1, '   ', ' ', 0, 0, 0, 0.00, ' ', '1', '          ', '          ', ' ', ' ', ' ', ' ', '                                                                      ', '   ', '    ', ' ', 0, 1, '2025-01-01 00:00:00', 1, '2025-05-02 13:36:11', 1),
	(87, 'V32', 'VOUCHER I.CLUB ', 1, '   ', ' ', 0, 6, 0, 0.00, ' ', ' ', '          ', '          ', ' ', '2', ' ', ' ', '"C:QRCodeImperialClubImperialClub.exe" Voucher                     ', '   ', '    ', ' ', 0, 1, '2025-01-01 00:00:00', 1, '2025-05-02 13:36:11', 1),
	(88, 'V33', 'VOUCHER I.CLUB START', 1, '   ', ' ', 0, 2, 0, 0.00, ' ', ' ', '          ', '          ', ' ', '1', ' ', ' ', '                                                                      ', '   ', '    ', ' ', 0, 1, '2025-01-01 00:00:00', 1, '2025-05-02 13:36:11', 1),
	(89, 'V34', 'VOUCHER I.CLUB B.DAY', 1, '   ', ' ', 0, 2, 0, 0.00, ' ', ' ', '          ', '          ', ' ', '1', ' ', ' ', '                                                                      ', '   ', '    ', ' ', 0, 1, '2025-01-01 00:00:00', 1, '2025-05-02 13:36:11', 1),
	(90, 'C74', 'COUPON I.CLUB ', 1, '   ', ' ', 0, 2, 0, 0.00, ' ', ' ', '          ', '          ', ' ', '1', ' ', ' ', '                                                                      ', '   ', '    ', ' ', 0, 1, '2025-01-01 00:00:00', 1, '2025-05-02 13:36:11', 1),
	(91, 'C75', 'COUPON I.CLUB WELPAC', 1, '   ', ' ', 0, 2, 0, 0.00, ' ', ' ', '          ', '          ', ' ', '1', ' ', ' ', '                                                                      ', '   ', '    ', ' ', 0, 1, '2025-01-01 00:00:00', 1, '2025-05-02 13:36:11', 1),
	(92, 'F01', 'FAVE PAY ', 1, '   ', ' ', 0, 0, 0, 0.00, ' ', ' ', '          ', '          ', ' ', ' ', ' ', ' ', '                                                                      ', '   ', '    ', ' ', 0, 1, '2025-01-01 00:00:00', 1, '2025-05-02 13:36:11', 1),
	(93, 'F02', 'FAVE E-CARD ', 1, '   ', ' ', 0, 0, 0, 0.00, ' ', ' ', '          ', '          ', ' ', ' ', ' ', ' ', '                                                                      ', '   ', '    ', ' ', 0, 1, '2025-01-01 00:00:00', 1, '2025-05-02 13:36:11', 1),
	(94, 'V35', 'VOUCHER TADA ', 1, '   ', ' ', 0, 2, 0, 0.00, ' ', ' ', '          ', '          ', ' ', '1', ' ', ' ', '                                                                      ', '   ', '    ', ' ', 0, 1, '2025-01-01 00:00:00', 1, '2025-05-02 13:36:11', 1),
	(95, 'D04', 'DELIVERY I.CLUB ', 1, '   ', ' ', 0, 2, 0, 0.00, ' ', ' ', '          ', '          ', ' ', ' ', ' ', ' ', '                                                                      ', '   ', '    ', ' ', 0, 1, '2025-01-01 00:00:00', 1, '2025-05-02 13:36:11', 1),
	(96, '001', 'MP TOKPED ', 1, '   ', ' ', 0, 3, 0, 0.00, ' ', ' ', '          ', '          ', ' ', '0', ' ', ' ', '                                                                      ', '   ', '    ', ' ', 0, 0, '2025-01-01 00:00:00', 1, '2025-04-28 18:46:10', 1),
	(97, '002', 'MP SHOPEE ', 1, '   ', ' ', 0, 3, 0, 0.00, ' ', ' ', '          ', '          ', ' ', ' ', ' ', ' ', '                                                                      ', '   ', '    ', ' ', 0, 0, '2025-01-01 00:00:00', 1, '2025-04-28 18:46:10', 1),
	(98, '003', 'MP BLI BLI ', 1, '   ', ' ', 0, 3, 0, 0.00, ' ', ' ', '          ', '          ', ' ', ' ', ' ', ' ', '                                                                      ', '   ', '    ', ' ', 0, 0, '2025-01-01 00:00:00', 1, '2025-04-28 18:46:10', 1),
	(99, '004', 'MP JD.ID ', 1, '   ', ' ', 0, 3, 0, 0.00, ' ', ' ', '          ', '          ', ' ', ' ', ' ', ' ', '                                                                      ', '   ', '    ', ' ', 0, 0, '2025-01-01 00:00:00', 1, '2025-04-28 18:46:10', 1),
	(100, 'C76', 'COUPON TIKET.COM ', 1, '   ', ' ', 0, 2, 0, 0.00, ' ', ' ', '          ', '          ', ' ', '1', ' ', ' ', '                                                                      ', '   ', '    ', ' ', 0, 0, '2025-01-01 00:00:00', 1, '2025-04-28 18:46:10', 1),
	(101, 'OC1', 'Description123', 1, 'null', 'null', 0, 0, 0, 0.00, 'null', 'null', 'null', 'null', 'null', 'null', 'null', 'null', 'null', 'null', 'null', 'null', 0, 1, '2025-04-28 18:49:07', 1, '2025-05-02 13:36:11', 1);

-- Dumping structure for table pos_resto.check_sc_type
CREATE TABLE IF NOT EXISTS `check_sc_type` (
  `id` tinyint(4) NOT NULL AUTO_INCREMENT,
  `name` varchar(20) DEFAULT NULL,
  `scrate` decimal(5,4) DEFAULT NULL,
  `onsc` varchar(20) DEFAULT NULL,
  `nopredisc` varchar(20) DEFAULT NULL,
  `presence` tinyint(2) NOT NULL DEFAULT 1,
  `inputDate` datetime NOT NULL DEFAULT '2025-01-01 00:00:00',
  `inputBy` smallint(6) NOT NULL DEFAULT 1,
  `updateDate` datetime NOT NULL DEFAULT '2025-01-01 00:00:00',
  `updateBy` smallint(6) NOT NULL DEFAULT 1,
  PRIMARY KEY (`id`) USING BTREE
) ENGINE=InnoDB AUTO_INCREMENT=5 DEFAULT CHARSET=utf8mb4 COLLATE=utf8mb4_general_ci ROW_FORMAT=DYNAMIC;

-- Dumping data for table pos_resto.check_sc_type: ~3 rows (approximately)
INSERT INTO `check_sc_type` (`id`, `name`, `scrate`, `onsc`, `nopredisc`, `presence`, `inputDate`, `inputBy`, `updateDate`, `updateBy`) VALUES
	(1, 'S.C. 6%', 6.0000, '1', 'a', 1, '2025-01-01 00:00:00', 1, '2025-04-29 14:04:41', 1),
	(2, 'No S.C.', 1.0000, '3', ' b', 1, '2025-01-01 00:00:00', 1, '2025-04-29 14:04:41', 1),
	(3, 'No S.C.', 1.0000, '45', ' c', 1, '2025-01-01 00:00:00', 1, '2025-04-29 14:04:41', 1);

-- Dumping structure for table pos_resto.check_tax_type
CREATE TABLE IF NOT EXISTS `check_tax_type` (
  `id` tinyint(4) NOT NULL AUTO_INCREMENT,
  `name` varchar(200) DEFAULT NULL,
  `taxrate` decimal(6,4) DEFAULT NULL,
  `tier` decimal(3,2) DEFAULT NULL,
  `ontax` varchar(200) DEFAULT NULL,
  `onsc` varchar(200) DEFAULT NULL,
  `nopredisc` varchar(200) DEFAULT NULL,
  `presence` tinyint(2) NOT NULL DEFAULT 1,
  `inputDate` datetime NOT NULL DEFAULT '2025-01-01 00:00:00',
  `inputBy` smallint(6) NOT NULL DEFAULT 1,
  `updateDate` datetime NOT NULL DEFAULT '2025-01-01 00:00:00',
  `updateBy` smallint(6) NOT NULL DEFAULT 1,
  PRIMARY KEY (`id`) USING BTREE
) ENGINE=InnoDB AUTO_INCREMENT=7 DEFAULT CHARSET=utf8mb4 COLLATE=utf8mb4_general_ci ROW_FORMAT=DYNAMIC;

-- Dumping data for table pos_resto.check_tax_type: ~4 rows (approximately)
INSERT INTO `check_tax_type` (`id`, `name`, `taxrate`, `tier`, `ontax`, `onsc`, `nopredisc`, `presence`, `inputDate`, `inputBy`, `updateDate`, `updateBy`) VALUES
	(1, '10% Tax ', 10.0000, 0.00, '1', '1', '1', 1, '2025-01-01 00:00:00', 1, '2025-04-29 13:30:04', 1),
	(2, '10% no sc ', 10.0000, 0.00, '1', ' ', ' ', 1, '2025-01-01 00:00:00', 1, '2025-04-29 13:30:04', 1),
	(3, 'Include Tax ', 10.0000, 0.00, '1', ' ', ' ', 1, '2025-01-01 00:00:00', 1, '2025-04-29 13:30:04', 1),
	(4, 'NO TAX ', 0.0000, 0.00, '0', ' ', ' ', 1, '2025-01-01 00:00:00', 1, '2025-04-29 13:30:04', 1);

-- Dumping structure for table pos_resto.complaint_category
CREATE TABLE IF NOT EXISTS `complaint_category` (
  `id` int(11) NOT NULL AUTO_INCREMENT,
  `category` varchar(200) DEFAULT NULL,
  `desc1` varchar(200) DEFAULT NULL,
  `desc2` varchar(200) DEFAULT NULL,
  `desc3` varchar(200) DEFAULT NULL,
  `presence` tinyint(2) NOT NULL DEFAULT 1,
  `inputDate` datetime NOT NULL DEFAULT '2025-01-01 00:00:00',
  `inputBy` smallint(6) NOT NULL DEFAULT 1,
  `updateDate` datetime NOT NULL DEFAULT '2025-01-01 00:00:00',
  `updateBy` smallint(6) NOT NULL DEFAULT 1,
  PRIMARY KEY (`id`)
) ENGINE=InnoDB AUTO_INCREMENT=4 DEFAULT CHARSET=utf8mb4 COLLATE=utf8mb4_general_ci ROW_FORMAT=DYNAMIC;

-- Dumping data for table pos_resto.complaint_category: ~3 rows (approximately)
INSERT INTO `complaint_category` (`id`, `category`, `desc1`, `desc2`, `desc3`, `presence`, `inputDate`, `inputBy`, `updateDate`, `updateBy`) VALUES
	(1, '424', '123123', NULL, NULL, 0, '2025-04-30 17:13:23', 1, '2025-04-30 17:17:02', 1),
	(2, '123', 'Description', NULL, NULL, 0, '2025-04-30 17:15:36', 1, '2025-04-30 17:17:02', 1),
	(3, 'Category', 'Description', NULL, NULL, 1, '2025-04-30 17:16:52', 1, '2025-04-30 17:16:57', 1);

-- Dumping structure for table pos_resto.complaint_type
CREATE TABLE IF NOT EXISTS `complaint_type` (
  `id` int(11) NOT NULL AUTO_INCREMENT,
  `type` varchar(200) DEFAULT NULL,
  `desc1` varchar(200) DEFAULT NULL,
  `desc2` varchar(200) DEFAULT NULL,
  `desc3` varchar(200) DEFAULT NULL,
  `presence` tinyint(2) NOT NULL DEFAULT 1,
  `inputDate` datetime NOT NULL DEFAULT '2025-01-01 00:00:00',
  `inputBy` smallint(6) NOT NULL DEFAULT 1,
  `updateDate` datetime NOT NULL DEFAULT '2025-01-01 00:00:00',
  `updateBy` smallint(6) NOT NULL DEFAULT 1,
  PRIMARY KEY (`id`)
) ENGINE=InnoDB AUTO_INCREMENT=3 DEFAULT CHARSET=utf8mb4 COLLATE=utf8mb4_general_ci ROW_FORMAT=DYNAMIC;

-- Dumping data for table pos_resto.complaint_type: ~2 rows (approximately)
INSERT INTO `complaint_type` (`id`, `type`, `desc1`, `desc2`, `desc3`, `presence`, `inputDate`, `inputBy`, `updateDate`, `updateBy`) VALUES
	(1, 'test23', '123123123123123', NULL, NULL, 0, '2025-04-30 17:19:11', 1, '2025-04-30 17:19:27', 1),
	(2, 'asdfa', 'sdfasdf', NULL, NULL, 0, '2025-04-30 17:19:21', 1, '2025-04-30 17:19:27', 1);

-- Dumping structure for table pos_resto.cost_centre
CREATE TABLE IF NOT EXISTS `cost_centre` (
  `id` int(11) NOT NULL AUTO_INCREMENT,
  `costno` varchar(200) DEFAULT NULL,
  `desc1` varchar(200) DEFAULT NULL,
  `desc2` varchar(200) DEFAULT NULL,
  `desc3` varchar(200) DEFAULT NULL,
  `presence` tinyint(2) NOT NULL DEFAULT 1,
  `inputDate` datetime NOT NULL DEFAULT '2025-01-01 00:00:00',
  `inputBy` smallint(6) NOT NULL DEFAULT 1,
  `updateDate` datetime NOT NULL DEFAULT '2025-01-01 00:00:00',
  `updateBy` smallint(6) NOT NULL DEFAULT 1,
  PRIMARY KEY (`id`)
) ENGINE=InnoDB AUTO_INCREMENT=3 DEFAULT CHARSET=utf8mb4 COLLATE=utf8mb4_general_ci ROW_FORMAT=DYNAMIC;

-- Dumping data for table pos_resto.cost_centre: ~2 rows (approximately)
INSERT INTO `cost_centre` (`id`, `costno`, `desc1`, `desc2`, `desc3`, `presence`, `inputDate`, `inputBy`, `updateDate`, `updateBy`) VALUES
	(1, '13123123', 'sadfsdf2323', NULL, NULL, 0, '2025-04-30 16:42:48', 1, '2025-04-30 16:43:21', 1),
	(2, '3123', '123123', NULL, NULL, 0, '2025-04-30 16:43:17', 1, '2025-04-30 16:43:21', 1);

-- Dumping structure for table pos_resto.customer_info
CREATE TABLE IF NOT EXISTS `customer_info` (
  `id` int(11) NOT NULL AUTO_INCREMENT,
  `customerInfoGrpId` smallint(3) NOT NULL,
  `desc1` varchar(200) DEFAULT NULL,
  `desc2` varchar(200) DEFAULT NULL,
  `desc3` varchar(200) DEFAULT NULL,
  `presence` tinyint(2) NOT NULL DEFAULT 1,
  `inputDate` datetime NOT NULL DEFAULT '2025-01-01 00:00:00',
  `inputBy` smallint(6) NOT NULL DEFAULT 1,
  `updateDate` datetime NOT NULL DEFAULT '2025-01-01 00:00:00',
  `updateBy` smallint(6) NOT NULL DEFAULT 1,
  PRIMARY KEY (`id`)
) ENGINE=InnoDB AUTO_INCREMENT=6 DEFAULT CHARSET=utf8mb4 COLLATE=utf8mb4_general_ci ROW_FORMAT=DYNAMIC;

-- Dumping data for table pos_resto.customer_info: ~5 rows (approximately)
INSERT INTO `customer_info` (`id`, `customerInfoGrpId`, `desc1`, `desc2`, `desc3`, `presence`, `inputDate`, `inputBy`, `updateDate`, `updateBy`) VALUES
	(1, 0, '123123', NULL, NULL, 0, '2025-04-30 17:42:03', 1, '2025-04-30 17:42:18', 1),
	(2, 0, '23123', NULL, NULL, 0, '2025-04-30 17:42:14', 1, '2025-04-30 17:42:18', 1),
	(3, 0, '1231231', NULL, NULL, 0, '2025-04-30 17:42:20', 1, '2025-04-30 17:42:30', 1),
	(4, 2, '12', NULL, NULL, 1, '2025-04-30 17:42:22', 1, '2025-04-30 17:57:12', 1),
	(5, 3, 'Test3', NULL, NULL, 1, '2025-04-30 17:57:08', 1, '2025-04-30 17:57:12', 1);

-- Dumping structure for table pos_resto.customer_info_grp
CREATE TABLE IF NOT EXISTS `customer_info_grp` (
  `id` smallint(6) NOT NULL AUTO_INCREMENT,
  `desc1` varchar(200) DEFAULT NULL,
  `desc2` varchar(200) DEFAULT NULL,
  `desc3` varchar(200) DEFAULT NULL,
  `active` varchar(200) DEFAULT NULL,
  `presence` tinyint(2) NOT NULL DEFAULT 1,
  `inputDate` datetime NOT NULL DEFAULT '2025-01-01 00:00:00',
  `inputBy` smallint(6) NOT NULL DEFAULT 1,
  `updateDate` datetime NOT NULL DEFAULT '2025-01-01 00:00:00',
  `updateBy` smallint(6) NOT NULL DEFAULT 1,
  PRIMARY KEY (`id`)
) ENGINE=InnoDB AUTO_INCREMENT=4 DEFAULT CHARSET=utf8mb4 COLLATE=utf8mb4_general_ci ROW_FORMAT=DYNAMIC;

-- Dumping data for table pos_resto.customer_info_grp: ~1 rows (approximately)
INSERT INTO `customer_info_grp` (`id`, `desc1`, `desc2`, `desc3`, `active`, `presence`, `inputDate`, `inputBy`, `updateDate`, `updateBy`) VALUES
	(2, 'G12', NULL, NULL, '1', 1, '2025-04-30 17:46:49', 1, '2025-04-30 17:47:28', 1),
	(3, 'G2', NULL, NULL, '1', 1, '2025-04-30 17:46:53', 1, '2025-04-30 17:47:28', 1);

-- Dumping structure for table pos_resto.employee
CREATE TABLE IF NOT EXISTS `employee` (
  `id` int(11) NOT NULL AUTO_INCREMENT,
  `login` varchar(20) NOT NULL DEFAULT 'R',
  `passwd` varchar(20) DEFAULT NULL,
  `first1` varchar(200) DEFAULT NULL,
  `first2` varchar(200) DEFAULT NULL,
  `first3` varchar(200) DEFAULT NULL,
  `last1` varchar(200) DEFAULT NULL,
  `last2` varchar(200) DEFAULT NULL,
  `last3` varchar(200) DEFAULT NULL,
  `name1` varchar(200) DEFAULT NULL,
  `name2` varchar(200) DEFAULT NULL,
  `name3` varchar(200) DEFAULT NULL,
  `tel` varchar(20) DEFAULT NULL,
  `contact` varchar(200) DEFAULT NULL,
  `addr1` varchar(200) DEFAULT NULL,
  `addr2` varchar(30) DEFAULT NULL,
  `birthday` date NOT NULL DEFAULT '2000-01-01',
  `dob` varchar(20) DEFAULT NULL,
  `sex` varchar(1) DEFAULT NULL,
  `socialid` varchar(200) DEFAULT NULL,
  `email` varchar(200) DEFAULT NULL,
  `empdept` smallint(6) DEFAULT NULL,
  `authlevel` smallint(6) DEFAULT NULL,
  `ordlevel` smallint(6) DEFAULT NULL,
  `disclevel` tinyint(4) DEFAULT NULL,
  `actdate` varchar(8) DEFAULT NULL,
  `card` varchar(40) DEFAULT NULL,
  `emptype` tinyint(4) DEFAULT NULL,
  `presence` tinyint(4) NOT NULL DEFAULT 1,
  `inputDate` datetime NOT NULL DEFAULT '2025-01-01 00:00:00',
  `inputBy` int(11) NOT NULL DEFAULT 0,
  `updteDate` datetime NOT NULL DEFAULT '2025-01-01 00:00:00',
  `updateBy` int(11) NOT NULL DEFAULT 0,
  PRIMARY KEY (`id`) USING BTREE,
  UNIQUE KEY `flogin` (`login`) USING BTREE
) ENGINE=InnoDB AUTO_INCREMENT=61 DEFAULT CHARSET=utf8mb4 COLLATE=utf8mb4_general_ci ROW_FORMAT=DYNAMIC;

-- Dumping data for table pos_resto.employee: ~45 rows (approximately)
INSERT INTO `employee` (`id`, `login`, `passwd`, `first1`, `first2`, `first3`, `last1`, `last2`, `last3`, `name1`, `name2`, `name3`, `tel`, `contact`, `addr1`, `addr2`, `birthday`, `dob`, `sex`, `socialid`, `email`, `empdept`, `authlevel`, `ordlevel`, `disclevel`, `actdate`, `card`, `emptype`, `presence`, `inputDate`, `inputBy`, `updteDate`, `updateBy`) VALUES
	(1, '78951               ', '78951               ', 'IT', 'IT                  ', 'IT                  ', ' asdfasdf tewst   ', '                    ', '                    ', 'IT   ', 'IT                  ', 'IT                  ', 'tel 3  ', '   ', 'addr1   ', ' addr2   ', '1999-12-27', 'dob       ', 'M', 'socialid       ', 'email       ', 1, 1, 1, 9, '        ', '                     123                ', 0, 1, '2025-01-01 00:00:00', 0, '2025-01-01 00:00:00', 0),
	(2, '00                  ', '00                  ', 'Bu Eka ', 'Bu Eka              ', 'Bu Eka              ', ' dfgwertwert   ', '                    ', '                    ', 'Bu Eka   ', 'Bu Eka              ', 'Bu Eka              ', ' test1   ', '   ', ' 43   ', ' 24   ', '2000-01-29', '               234  ', 'F', '                42              ', '234   ', 2, 2, 1, 3, '4   ', '        34                              ', 34, 1, '2025-01-01 00:00:00', 0, '2025-01-01 00:00:00', 0),
	(3, '01                  ', '01                  ', 'Eko TO ', 'Eko TO              ', 'Eko TO              ', ' ', '                    ', '                    ', 'Eko TO              ', 'Eko TO              ', 'Eko TO              ', '                    ', '                    ', '                              ', '                              ', '2000-01-01', '        ', 'M', '                    ', '                                        ', 2, 2, 1, 9, '        ', '                                        ', 0, 0, '2025-01-01 00:00:00', 0, '2025-01-01 00:00:00', 0),
	(4, '02                  ', '02                  ', 'Febryan TO ', 'Febryan TO          ', 'Febryan TO          ', ' ', '                    ', '                    ', 'Febryan TO          ', 'Febryan TO          ', 'Febryan TO          ', '                    ', '                    ', '                              ', '                              ', '2000-01-01', '        ', 'M', '                    ', '                                        ', 2, 2, 1, 9, '        ', '                                        ', 0, 0, '2025-01-01 00:00:00', 0, '2025-01-01 00:00:00', 0),
	(5, '90                  ', '90                  ', 'Febri TO ', 'Febri TO            ', 'Febri TO            ', ' ', '                    ', '                    ', 'Febri TO            ', 'Febri TO            ', 'Febri TO            ', '                    ', '                    ', '                              ', '                              ', '2000-01-01', '        ', 'M', '                    ', '                                        ', 2, 2, 1, 9, '        ', '                                        ', 0, 0, '2025-01-01 00:00:00', 0, '2025-01-01 00:00:00', 0),
	(6, '69                  ', '69                  ', 'Dimas TO ', 'Dimas TO            ', 'Dimas TO            ', ' ', '                    ', '                    ', 'Dimas TO            ', 'Dimas TO            ', 'Dimas TO            ', '                    ', '                    ', '                              ', '                              ', '2000-01-01', '        ', 'M', '                    ', '                                        ', 2, 2, 1, 9, '        ', '                                        ', 0, 0, '2025-01-01 00:00:00', 0, '2025-01-01 00:00:00', 0),
	(7, '202                 ', '202                 ', 'Asep TO ', 'Asep TO             ', 'Asep TO             ', ' ', '                    ', '                    ', 'Asep TO             ', 'Asep TO             ', 'Asep TO             ', '                    ', '                    ', '                              ', '                              ', '2000-01-01', '        ', 'M', '                    ', '                                        ', 2, 2, 1, 9, '        ', '                                        ', 0, 0, '2025-01-01 00:00:00', 0, '2025-01-01 00:00:00', 0),
	(8, '04                  ', '04                  ', 'Reza TO ', 'Reza TO             ', 'Reza TO             ', ' ', '                    ', '                    ', 'Reza TO             ', 'Reza TO             ', 'Reza TO             ', '                    ', '                    ', '                              ', '                              ', '2000-01-01', '        ', 'M', '                    ', '                                        ', 2, 2, 1, 9, '        ', '                                        ', 0, 0, '2025-01-01 00:00:00', 0, '2025-01-01 00:00:00', 0),
	(9, '888                 ', '888                 ', 'Yuni TO ', 'Yuni TO             ', 'Yuni TO             ', ' ', '                    ', '                    ', 'Yuni TO             ', 'Yuni TO             ', 'Yuni TO             ', '                    ', '                    ', '                              ', '                              ', '2000-01-01', '        ', 'F', '                    ', '                                        ', 2, 2, 1, 9, '        ', '                                        ', 0, 0, '2025-01-01 00:00:00', 0, '2025-01-01 00:00:00', 0),
	(10, '55                  ', '55                  ', 'Amel TO ', 'Amel TO             ', 'Amel TO             ', ' 123123   ', '                    ', '                    ', 'Amel TO   ', 'Amel TO             ', 'Amel TO             ', '  232323 ', '   ', '   ', '   ', '1999-12-27', '                  ', 'M', '                              ', '                                                  ', 2, 2, 1, 9, '        ', '                                        ', 0, 1, '2025-01-01 00:00:00', 0, '2025-01-01 00:00:00', 0),
	(11, '28                  ', '28                  ', 'Udjo TO ', 'Udjo TO             ', 'Udjo TO             ', ' 2333333   ', '                    ', '                    ', 'Udjo TO   ', 'Udjo TO             ', 'Udjo TO             ', '   ', '   ', '   ', '   ', '1999-12-27', '                  ', 'M', '                              ', '                                                  ', 2, 2, 1, 9, '        ', '                                        ', 0, 1, '2025-01-01 00:00:00', 0, '2025-01-01 00:00:00', 0),
	(12, '21                  ', '21                  ', 'Adien TO ', 'Adien TO            ', 'Adien TO            ', 'bianca   ', '                    ', '                    ', 'Adien TO   ', 'Adien TO            ', 'Adien TO            ', '   ', '   ', '   ', '   ', '1999-12-27', '                  ', 'F', '                              ', '                                                  ', 2, 2, 1, 9, '        ', '                                        ', 0, 1, '2025-01-01 00:00:00', 0, '2025-01-01 00:00:00', 0),
	(13, '82                  ', '82                  ', 'Andi TO ', 'Andi TO             ', 'Andi TO             ', '   ', '                    ', '                    ', 'Andi TO   ', 'Andi TO             ', 'Andi TO             ', '   ', '   ', '   ', '   ', '1999-12-27', '                  ', 'M', '                              ', '                                                  ', 2, 2, 1, 9, '        ', '                                        ', 0, 1, '2025-01-01 00:00:00', 0, '2025-01-01 00:00:00', 0),
	(14, '4321                ', '777                 ', 'ARIYO ST ', 'ARIYO ST            ', 'ARIYO ST            ', '   ', '                    ', '                    ', 'ARIYO ST   ', 'ARIYO ST            ', 'ARIYO ST            ', '   ', '   ', '   ', '   ', '1999-12-27', '                  ', 'M', '                              ', '                                                  ', 2, 2, 1, 9, '        ', '                                        ', 0, 1, '2025-01-01 00:00:00', 0, '2025-01-01 00:00:00', 0),
	(15, '77                  ', '77                  ', 'Ikhsan TO ', 'Ikhsan TO           ', 'Ikhsan TO           ', '   ', '                    ', '                    ', 'Ikhsan TO   ', 'Ikhsan TO           ', 'Ikhsan TO           ', '   ', '   ', '   ', '   ', '1999-12-27', '                  ', 'M', '                              ', '                                                  ', 2, 2, 1, 9, '        ', '                                        ', 0, 1, '2025-01-01 00:00:00', 0, '2025-01-01 00:00:00', 0),
	(16, '333                 ', '248                 ', 'Hera ', 'Hera                ', 'Hera                ', '   ', '                    ', '                    ', 'Hera   ', 'Hera                ', 'Hera                ', '   ', '   ', '   ', '   ', '1999-12-27', '                  ', 'F', '                              ', '                                                  ', 2, 2, 1, 9, '        ', '                                        ', 0, 1, '2025-01-01 00:00:00', 0, '2025-01-01 00:00:00', 0),
	(17, '0551                ', '                    ', 'OSSY ', 'OSSY                ', 'OSSY                ', '   ', '                    ', '                    ', 'OSSY   ', 'OSSY                ', 'OSSY                ', '   ', '   ', '   ', '   ', '1999-12-27', '                  ', ' ', '                              ', '                                                  ', 2, 2, 1, 0, '        ', '                                        ', 0, 1, '2025-01-01 00:00:00', 0, '2025-01-01 00:00:00', 0),
	(18, '991                 ', '                    ', 'YUNI ', 'YUNI                ', 'YUNI                ', '   ', '                    ', '                    ', 'YUNI   ', 'YUNI                ', 'YUNI                ', '   ', '   ', '   ', '   ', '1999-12-27', '                  ', ' ', '                              ', '                                                  ', 3, 3, 1, 0, '        ', '991                                     ', 0, 1, '2025-01-01 00:00:00', 0, '2025-01-01 00:00:00', 0),
	(19, '99                  ', '                    ', 'FANMI ', 'FANMI               ', 'FANMI               ', '   ', '                    ', '                    ', 'FANMI   ', 'FANMI               ', 'FANMI               ', '   ', '   ', '   ', '   ', '1999-12-27', '                  ', ' ', '                              ', '                                                  ', 4, 4, 1, 0, '        ', '                                        ', 0, 1, '2025-01-01 00:00:00', 0, '2025-01-01 00:00:00', 0),
	(21, '002                 ', '                    ', 'VIO ', 'VIO                 ', 'VIO                 ', '   ', '                    ', '                    ', 'VIO   ', 'VIO                 ', 'VIO                 ', '   ', '   ', '   ', '   ', '1999-12-27', '                  ', ' ', '                              ', '                                                  ', 4, 4, 1, 0, '        ', '                                        ', 0, 1, '2025-01-01 00:00:00', 0, '2025-01-01 00:00:00', 0),
	(24, '005                 ', '005                 ', 'GITA ', 'GITA                ', 'GITA                ', '   ', '                    ', '                    ', 'GITA   ', 'GITA                ', 'GITA                ', '   ', '   ', '   ', '   ', '1999-12-27', '                  ', ' ', '                              ', '                                                  ', 4, 4, 1, 0, '        ', '                                        ', 0, 1, '2025-01-01 00:00:00', 0, '2025-01-01 00:00:00', 0),
	(30, '1                   ', '                    ', 'SELFI ', 'SELFI               ', 'SELFI               ', '   ', '                    ', '                    ', 'SELFI   ', 'SELFI               ', 'SELFI               ', '   ', '   ', '   ', '   ', '1999-12-27', '                  ', ' ', '                              ', '                                                  ', 2, 2, 1, 0, '        ', '1                                       ', 0, 1, '2025-01-01 00:00:00', 0, '2025-01-01 00:00:00', 0),
	(31, '0                   ', '                    ', 'KHARIS ', 'KHARIS              ', 'KHARIS              ', '   ', '                    ', '                    ', 'KHARIS   ', 'KHARIS              ', 'KHARIS              ', '   ', '   ', '   ', '   ', '1999-12-27', '                  ', ' ', '                              ', '                                                  ', 2, 2, 1, 0, '        ', '                                        ', 0, 1, '2025-01-01 00:00:00', 0, '2025-01-01 00:00:00', 0),
	(32, '011                 ', '                    ', 'IRPAN ', 'IRPAN               ', 'IRPAN               ', '   ', '                    ', '                    ', 'IRPAN   ', 'IRPAN               ', 'IRPAN               ', '   ', '   ', '   ', '   ', '1999-12-27', '                  ', ' ', '                              ', '                                                  ', 5, 5, 1, 0, '        ', '                                        ', 0, 1, '2025-01-01 00:00:00', 0, '2025-01-01 00:00:00', 0),
	(33, '111                 ', '                    ', 'HENI ', 'HENI                ', 'HENI                ', '   ', '                    ', '                    ', 'HENI   ', 'HENI                ', 'HENI                ', '   ', '   ', '   ', '   ', '1999-12-27', '                  ', ' ', '                              ', '                                                  ', 4, 4, 1, 0, '        ', '111                                     ', 0, 1, '2025-01-01 00:00:00', 0, '2025-01-01 00:00:00', 0),
	(34, '007                 ', '                    ', 'ADIH ', 'ADIH                ', 'ADIH                ', ' LastName   ', '                    ', '                    ', 'ADIH   ', 'ADIH                ', 'ADIH                ', '   ', '   ', '   ', '   ', '1999-12-26', '                   ', ' ', '                               ', '                                                   ', 6, 6, 1, 0, '        ', '                                        ', 0, 1, '2025-01-01 00:00:00', 0, '2025-01-01 00:00:00', 0),
	(35, '11                  ', '                    ', 'RAHMAT ', 'RAHMAT              ', 'RAHMAT              ', ' LastName   ', '                    ', '                    ', 'RAHMAT   ', 'RAHMAT              ', 'RAHMAT              ', '   ', '   ', '   ', '   ', '1999-12-26', '                   ', ' ', '                               ', '                                                   ', 6, 6, 1, 0, '        ', '                                        ', 0, 1, '2025-01-01 00:00:00', 0, '2025-01-01 00:00:00', 0),
	(36, '12                  ', '                    ', 'RHIDAN ', 'RHIDAN              ', 'RHIDAN              ', '   ', '                    ', '                    ', 'RHIDAN   ', 'RHIDAN              ', 'RHIDAN              ', '   ', '   ', '   ', '   ', '1999-12-26', '                   ', ' ', '                               ', '                                                   ', 6, 6, 1, 0, '        ', '                                        ', 0, 1, '2025-01-01 00:00:00', 0, '2025-01-01 00:00:00', 0),
	(37, '116                 ', '                    ', 'RAHMAWATI ', 'RAHMAWATI           ', 'RAHMAWATI           ', '   ', '                    ', '                    ', 'RAHMAWATI   ', 'RAHMAWATI           ', 'RAHMAWATI           ', '   ', '   ', '   ', '   ', '1999-12-27', '                  ', ' ', '                              ', '                                                  ', 5, 5, 1, 0, '        ', '                                        ', 0, 1, '2025-01-01 00:00:00', 0, '2025-01-01 00:00:00', 0),
	(38, '113                 ', '                    ', 'RIZKY ', 'RIZKY               ', 'RIZKY               ', '   ', '                    ', '                    ', 'RIZKY   ', 'RIZKY               ', 'RIZKY               ', '   ', '   ', '   ', '   ', '1999-12-27', '                  ', ' ', '                              ', '                                                  ', 3, 5, 1, 0, '        ', '                                        ', 0, 1, '2025-01-01 00:00:00', 0, '2025-01-01 00:00:00', 0),
	(39, '101                 ', '                    ', 'LILIS ', 'LILIS               ', 'LILIS               ', '   ', '                    ', '                    ', 'LILIS   ', 'LILIS               ', 'LILIS               ', '   ', '   ', '   ', '   ', '1999-12-27', '                  ', ' ', '                              ', '                                                  ', 5, 5, 1, 0, '        ', '                                        ', 0, 1, '2025-01-01 00:00:00', 0, '2025-01-01 00:00:00', 0),
	(40, '012                 ', '                    ', 'HILDA ', 'HILDA               ', 'HILDA               ', '   ', '                    ', '                    ', 'HILDA   ', 'HILDA               ', 'HILDA               ', '   ', '   ', '   ', '   ', '1999-12-27', '                  ', ' ', '                              ', '                                                  ', 4, 4, 1, 0, '        ', '                                        ', 0, 1, '2025-01-01 00:00:00', 0, '2025-01-01 00:00:00', 0),
	(41, '555                 ', '555                 ', 'ALFIAN ', 'ALFIAN              ', 'ALFIAN              ', '   ', '                    ', '                    ', 'ALFIAN   ', 'ALFIAN              ', 'ALFIAN              ', '   ', '   ', '   ', '   ', '1999-12-27', '                  ', ' ', '                              ', '                                                  ', 2, 2, 1, 0, '        ', '555                                     ', 0, 1, '2025-01-01 00:00:00', 0, '2025-01-01 00:00:00', 0),
	(42, '10                  ', '                    ', 'RISKI ', 'RISKI               ', 'RISKI               ', '   ', '                    ', '                    ', 'RISKI   ', 'RISKI               ', 'RISKI               ', '   ', '   ', '   ', '   ', '1999-12-27', '                  ', ' ', '                              ', '                                                  ', 3, 3, 1, 0, '        ', '                                        ', 0, 1, '2025-01-01 00:00:00', 0, '2025-01-01 00:00:00', 0),
	(43, '1420                ', '1420                ', 'RIRIS ', 'RIRIS               ', 'RIRIS               ', '   ', '                    ', '                    ', 'RIRIS   ', 'RIRIS               ', 'RIRIS               ', '   ', '   ', '   ', '   ', '1999-12-27', '                  ', ' ', '                              ', '                                                  ', 4, 4, 1, 0, '        ', '                                        ', 0, 1, '2025-01-01 00:00:00', 0, '2025-01-01 00:00:00', 0),
	(44, '010                 ', '010                 ', 'DIKA ', 'DIKA                ', 'DIKA                ', '   ', '                    ', '                    ', 'DIKA   ', 'DIKA                ', 'DIKA                ', '   ', '   ', '   ', '   ', '1999-12-27', '                  ', ' ', '                              ', '                                                  ', 3, 3, 1, 0, '        ', '                                        ', 0, 1, '2025-01-01 00:00:00', 0, '2025-01-01 00:00:00', 0),
	(45, '003                 ', '                    ', 'ADITIA ', 'ADITIA              ', 'ADITIA              ', ' LastName   ', '                    ', '                    ', 'ADITIA   ', 'ADITIA              ', 'ADITIA              ', '   ', '   ', '   ', '   ', '1999-12-26', '                   ', ' ', '                               ', '                                                   ', 6, 6, 1, 0, '        ', '                                        ', 0, 1, '2025-01-01 00:00:00', 0, '2025-01-01 00:00:00', 0),
	(46, '020                 ', '                    ', 'DALLI ', 'DALLI               ', 'DALLI               ', '   ', '                    ', '                    ', 'DALLI   ', 'DALLI               ', 'DALLI               ', '   ', '   ', '   ', '   ', '1999-12-27', '                  ', ' ', '                              ', '                                                  ', 4, 4, 1, 0, '        ', '                                        ', 0, 1, '2025-01-01 00:00:00', 0, '2025-01-01 00:00:00', 0),
	(47, '08                  ', '                    ', 'SABIL ', 'SABIL               ', 'SABIL               ', '   ', '                    ', '                    ', 'SABIL   ', 'SABIL               ', 'SABIL               ', '   ', '   ', '   ', '   ', '1999-12-27', '                  ', ' ', '                              ', '                                                  ', 5, 5, 1, 0, '        ', '                                        ', 0, 1, '2025-01-01 00:00:00', 0, '2025-01-01 00:00:00', 0),
	(48, '001                 ', '                    ', 'GISEL ', 'GISEL               ', 'GISEL               ', '   ', '                    ', '                    ', 'GISEL   ', 'GISEL               ', 'GISEL               ', '   ', '   ', '   ', '   ', '1999-12-27', '                  ', ' ', '                              ', '                                                  ', 4, 4, 1, 0, '        ', '                                        ', 0, 1, '2025-01-01 00:00:00', 0, '2025-01-01 00:00:00', 0),
	(49, '008                 ', '                    ', 'YADI ', 'YADI                ', 'YADI                ', '   ', '                    ', '                    ', 'YADI   ', 'YADI                ', 'YADI                ', '   ', '   ', '   ', '   ', '1999-12-27', '                  ', ' ', '                              ', '                                                  ', 5, 5, 1, 0, '        ', '                                        ', 0, 1, '2025-01-01 00:00:00', 0, '2025-01-01 00:00:00', 0),
	(50, '009                 ', '                    ', 'SILVA ', 'SILVA               ', 'SILVA               ', '   ', '                    ', '                    ', 'SILVA   ', 'SILVA               ', 'SILVA               ', '   ', '   ', '   ', '   ', '1999-12-27', '                  ', ' ', '                              ', '                                                  ', 5, 5, 1, 0, '        ', '                                        ', 0, 1, '2025-01-01 00:00:00', 0, '2025-01-01 00:00:00', 0),
	(58, '112232', '54435', 'null', NULL, NULL, 'null ', NULL, NULL, '111 ', NULL, NULL, 'null ', 'null ', 'null ', 'null ', '2009-12-25', 'null ', 'n', 'null ', 'null ', 1, 1, 1, 0, 'null ', 'null ', 0, 1, '2025-04-28 13:03:41', 0, '2025-01-01 00:00:00', 0),
	(59, '7886545', '54435', 'null', NULL, NULL, 'null ', NULL, NULL, 'AkanShari ', NULL, NULL, 'null ', 'null ', 'null ', 'null ', '2009-12-24', 'null ', 'n', 'null ', 'null ', 1, 1, 1, 0, 'null ', 'null ', 0, 1, '2025-04-28 13:04:40', 0, '2025-01-01 00:00:00', 0),
	(60, '2333', '2323', 'null', NULL, NULL, 'null ', NULL, NULL, 'JHoni ', NULL, NULL, 'null ', 'null ', 'null ', 'null ', '2009-12-24', 'null ', 'n', 'null ', 'null ', 1, 1, 2, 0, 'null ', 'null ', 0, 1, '2025-05-02 13:55:25', 0, '2025-01-01 00:00:00', 0);

-- Dumping structure for table pos_resto.employee_auth_level
CREATE TABLE IF NOT EXISTS `employee_auth_level` (
  `authlevel` smallint(6) NOT NULL AUTO_INCREMENT,
  `desc1` varchar(20) DEFAULT NULL,
  `desc2` varchar(20) DEFAULT NULL,
  `desc3` varchar(20) DEFAULT NULL,
  `presence` tinyint(2) NOT NULL DEFAULT 1,
  `inputDate` datetime NOT NULL DEFAULT '2025-01-01 00:00:00',
  `inputBy` smallint(6) NOT NULL DEFAULT 1,
  `updateDate` datetime NOT NULL DEFAULT '2025-01-01 00:00:00',
  `updateBy` smallint(6) NOT NULL DEFAULT 1,
  PRIMARY KEY (`authlevel`)
) ENGINE=InnoDB AUTO_INCREMENT=9 DEFAULT CHARSET=utf8mb4 COLLATE=utf8mb4_general_ci ROW_FORMAT=DYNAMIC;

-- Dumping data for table pos_resto.employee_auth_level: ~8 rows (approximately)
INSERT INTO `employee_auth_level` (`authlevel`, `desc1`, `desc2`, `desc3`, `presence`, `inputDate`, `inputBy`, `updateDate`, `updateBy`) VALUES
	(1, 'Administrator2', 'Administrator       ', 'Administrator       ', 1, '2025-01-01 00:00:00', 1, '2025-05-02 13:36:45', 1),
	(2, 'General Manager ', 'General Manager     ', 'General Manager     ', 1, '2025-01-01 00:00:00', 1, '2025-05-02 13:36:45', 1),
	(3, 'Manager sert', 'Manager             ', 'Manager             ', 1, '2025-01-01 00:00:00', 1, '2025-05-02 13:36:45', 1),
	(4, 'Cashier ', 'Cashier             ', 'Cashier             ', 1, '2025-01-01 00:00:00', 1, '2025-05-02 13:36:45', 1),
	(5, 'Senior Waiter ', 'Senior Waiter       ', 'Senior Waiter       ', 1, '2025-01-01 00:00:00', 1, '2025-05-02 13:36:45', 1),
	(6, 'Waiter ', 'Waiter              ', 'Waiter              ', 1, '2025-01-01 00:00:00', 1, '2025-05-02 13:36:45', 1),
	(7, 'Junior Waiter ', 'Junior Waiter       ', 'Junior Waiter       ', 1, '2025-01-01 00:00:00', 1, '2025-05-02 13:36:45', 1),
	(8, 'test2', NULL, NULL, 0, '2025-04-28 14:39:17', 1, '2025-04-28 14:39:45', 1);

-- Dumping structure for table pos_resto.employee_dept
CREATE TABLE IF NOT EXISTS `employee_dept` (
  `empdept` smallint(6) NOT NULL AUTO_INCREMENT,
  `desc1` varchar(200) DEFAULT '',
  `desc2` varchar(200) DEFAULT '',
  `desc3` varchar(200) DEFAULT '',
  `drawer` varchar(20) DEFAULT '',
  `autopend` varchar(20) DEFAULT '',
  `voidown` varchar(20) DEFAULT '',
  `presence` tinyint(2) NOT NULL DEFAULT 1,
  `inputDate` datetime NOT NULL DEFAULT '2025-01-01 00:00:00',
  `inputBy` smallint(6) NOT NULL DEFAULT 1,
  `updateDate` datetime NOT NULL DEFAULT '2025-01-01 00:00:00',
  `updateBy` smallint(6) NOT NULL DEFAULT 1,
  PRIMARY KEY (`empdept`)
) ENGINE=InnoDB AUTO_INCREMENT=10 DEFAULT CHARSET=utf8mb4 COLLATE=utf8mb4_general_ci ROW_FORMAT=DYNAMIC;

-- Dumping data for table pos_resto.employee_dept: ~6 rows (approximately)
INSERT INTO `employee_dept` (`empdept`, `desc1`, `desc2`, `desc3`, `drawer`, `autopend`, `voidown`, `presence`, `inputDate`, `inputBy`, `updateDate`, `updateBy`) VALUES
	(1, 'Administrator ', 'Administrator       ', 'Administrator       ', 'checkbox', 'checkbox', 'dropdown [order leve', 1, '2025-01-01 00:00:00', 1, '2025-05-02 14:26:51', 1),
	(2, 'General Manager ', 'General Manager     ', 'General Manager     ', '1', ' c', 'zcv ', 1, '2025-01-01 00:00:00', 1, '2025-05-02 14:26:51', 1),
	(3, 'Manager ', 'Manager             ', 'Manager             ', ' 3', ' b', ' ', 1, '2025-01-01 00:00:00', 1, '2025-05-02 14:26:51', 1),
	(4, 'Cashier2534', 'Cashier             ', 'Cashier             ', ' 4', ' s', ' g', 1, '2025-01-01 00:00:00', 1, '2025-05-02 14:26:51', 1),
	(5, 'Senior Waiter ', 'Senior Waiter       ', 'Senior Waiter       ', ' 5', ' e', ' ', 1, '2025-01-01 00:00:00', 1, '2025-05-02 14:26:51', 1),
	(6, 'Waiter ', 'Waiter              ', 'Waiter              ', ' 6', ' e', ' ', 1, '2025-01-01 00:00:00', 1, '2025-05-02 14:26:51', 1),
	(9, 'SPG woman', '', '', '2', '4', '56', 1, '2025-04-28 14:53:59', 1, '2025-05-02 14:26:51', 1);

-- Dumping structure for table pos_resto.employee_order_level
CREATE TABLE IF NOT EXISTS `employee_order_level` (
  `ordlevel` smallint(6) NOT NULL AUTO_INCREMENT,
  `desc1` varchar(20) DEFAULT NULL,
  `desc2` varchar(20) DEFAULT NULL,
  `desc3` varchar(20) DEFAULT NULL,
  `presence` tinyint(2) NOT NULL DEFAULT 1,
  `inputDate` datetime NOT NULL DEFAULT '2025-01-01 00:00:00',
  `inputBy` smallint(6) NOT NULL DEFAULT 1,
  `updateDate` datetime NOT NULL DEFAULT '2025-01-01 00:00:00',
  `updateBy` smallint(6) NOT NULL DEFAULT 1,
  PRIMARY KEY (`ordlevel`)
) ENGINE=InnoDB AUTO_INCREMENT=5 DEFAULT CHARSET=utf8mb4 COLLATE=utf8mb4_general_ci ROW_FORMAT=DYNAMIC;

-- Dumping data for table pos_resto.employee_order_level: ~4 rows (approximately)
INSERT INTO `employee_order_level` (`ordlevel`, `desc1`, `desc2`, `desc3`, `presence`, `inputDate`, `inputBy`, `updateDate`, `updateBy`) VALUES
	(1, 'Department Head ', 'Department Head     ', 'Department Head     ', 1, '2025-01-01 00:00:00', 1, '2025-04-28 15:22:28', 1),
	(2, 'Senior Waiter ', 'Senior Waiter       ', 'Senior Waiter       ', 1, '2025-01-01 00:00:00', 1, '2025-04-28 15:22:28', 1),
	(3, 'Junior Waiter', 'Junior Waiter       ', 'Junior Waiter       ', 1, '2025-01-01 00:00:00', 1, '2025-04-28 15:22:28', 1),
	(4, 'SPG 2', NULL, NULL, 0, '2025-04-28 15:22:34', 1, '2025-04-28 15:22:38', 1);

-- Dumping structure for table pos_resto.foreign_currency_type
CREATE TABLE IF NOT EXISTS `foreign_currency_type` (
  `fcyid` smallint(6) NOT NULL AUTO_INCREMENT,
  `desc1` varchar(20) DEFAULT NULL,
  `desc2` varchar(20) DEFAULT NULL,
  `desc3` varchar(20) DEFAULT NULL,
  `ratefcy` decimal(5,4) DEFAULT NULL,
  `chgbakfcy` tinyint(4) DEFAULT NULL,
  `presence` tinyint(2) NOT NULL DEFAULT 1,
  `inputDate` datetime NOT NULL DEFAULT '2025-01-01 00:00:00',
  `inputBy` smallint(6) NOT NULL DEFAULT 1,
  `updateDate` datetime NOT NULL DEFAULT '2025-01-01 00:00:00',
  `updateBy` smallint(6) NOT NULL DEFAULT 1,
  PRIMARY KEY (`fcyid`) USING BTREE
) ENGINE=InnoDB AUTO_INCREMENT=4 DEFAULT CHARSET=utf8mb4 COLLATE=utf8mb4_general_ci ROW_FORMAT=DYNAMIC;

-- Dumping data for table pos_resto.foreign_currency_type: ~2 rows (approximately)
INSERT INTO `foreign_currency_type` (`fcyid`, `desc1`, `desc2`, `desc3`, `ratefcy`, `chgbakfcy`, `presence`, `inputDate`, `inputBy`, `updateDate`, `updateBy`) VALUES
	(1, 'HK Dollars ', 'HK Dollars          ', 'HK Dollars          ', 0.1282, 1, 1, '2025-01-01 00:00:00', 1, '2025-04-29 16:05:30', 1),
	(2, 'CNY Dollars ', 'CNY Dollars         ', 'CNY Dollars         ', 0.1410, 1, 1, '2025-01-01 00:00:00', 1, '2025-04-29 16:05:30', 1),
	(3, 'ID Currency', NULL, NULL, 1.0000, 1, 0, '2025-04-29 16:05:12', 1, '2025-04-29 16:05:34', 1);

-- Dumping structure for table pos_resto.func_auth_on_off
CREATE TABLE IF NOT EXISTS `func_auth_on_off` (
  `id` int(11) NOT NULL AUTO_INCREMENT,
  `funcgrp` smallint(6) DEFAULT NULL,
  `funcsgrp` smallint(6) DEFAULT NULL,
  `funcauth` smallint(6) DEFAULT NULL,
  `askauth` varchar(200) DEFAULT NULL,
  `presence` tinyint(2) NOT NULL DEFAULT 1,
  `inputDate` datetime NOT NULL DEFAULT '2025-01-01 00:00:00',
  `inputBy` smallint(6) NOT NULL DEFAULT 1,
  `updateDate` datetime NOT NULL DEFAULT '2025-01-01 00:00:00',
  `updateBy` smallint(6) NOT NULL DEFAULT 1,
  PRIMARY KEY (`id`)
) ENGINE=InnoDB AUTO_INCREMENT=102 DEFAULT CHARSET=utf8mb4 COLLATE=utf8mb4_general_ci ROW_FORMAT=DYNAMIC;

-- Dumping data for table pos_resto.func_auth_on_off: ~101 rows (approximately)
INSERT INTO `func_auth_on_off` (`id`, `funcgrp`, `funcsgrp`, `funcauth`, `askauth`, `presence`, `inputDate`, `inputBy`, `updateDate`, `updateBy`) VALUES
	(1, 1, 2, 2, ' 2', 1, '2025-01-01 00:00:00', 1, '2025-04-30 13:09:20', 1),
	(2, 1, 1, 0, ' ', 1, '2025-01-01 00:00:00', 1, '2025-04-30 13:09:20', 1),
	(3, 1, 1, 1, ' ', 1, '2025-01-01 00:00:00', 1, '2025-04-30 13:09:20', 1),
	(4, 1, 1, 2, ' ', 1, '2025-01-01 00:00:00', 1, '2025-04-30 13:09:20', 1),
	(5, 1, 1, 3, ' ', 1, '2025-01-01 00:00:00', 1, '2025-04-30 13:09:20', 1),
	(6, 1, 1, 4, ' ', 1, '2025-01-01 00:00:00', 1, '2025-04-30 13:09:20', 1),
	(7, 1, 1, 5, ' ', 1, '2025-01-01 00:00:00', 1, '2025-04-30 13:09:20', 1),
	(8, 1, 1, 6, ' ', 1, '2025-01-01 00:00:00', 1, '2025-04-30 13:09:20', 1),
	(9, 1, 2, 0, ' ', 1, '2025-01-01 00:00:00', 1, '2025-04-30 13:09:20', 1),
	(10, 1, 2, 1, ' ', 1, '2025-01-01 00:00:00', 1, '2025-04-30 13:09:20', 1),
	(11, 1, 2, 2, ' ', 1, '2025-01-01 00:00:00', 1, '2025-04-30 13:09:20', 1),
	(12, 1, 2, 3, ' ', 1, '2025-01-01 00:00:00', 1, '2025-04-30 13:09:20', 1),
	(13, 1, 2, 4, '1', 1, '2025-01-01 00:00:00', 1, '2025-04-30 13:09:20', 1),
	(14, 1, 2, 5, ' ', 1, '2025-01-01 00:00:00', 1, '2025-04-30 13:09:20', 1),
	(15, 1, 2, 6, ' ', 1, '2025-01-01 00:00:00', 1, '2025-04-30 13:09:20', 1),
	(16, 1, 2, 7, ' ', 1, '2025-01-01 00:00:00', 1, '2025-04-30 13:09:20', 1),
	(17, 1, 2, 8, ' ', 1, '2025-01-01 00:00:00', 1, '2025-04-30 13:09:20', 1),
	(18, 1, 2, 9, ' ', 1, '2025-01-01 00:00:00', 1, '2025-04-30 13:09:20', 1),
	(19, 1, 2, 10, ' ', 1, '2025-01-01 00:00:00', 1, '2025-04-30 13:09:20', 1),
	(20, 1, 2, 11, ' ', 1, '2025-01-01 00:00:00', 1, '2025-04-30 13:09:20', 1),
	(21, 1, 2, 12, ' ', 1, '2025-01-01 00:00:00', 1, '2025-04-30 13:09:20', 1),
	(22, 1, 2, 13, ' ', 1, '2025-01-01 00:00:00', 1, '2025-04-30 13:09:20', 1),
	(23, 1, 3, 0, ' ', 1, '2025-01-01 00:00:00', 1, '2025-04-30 13:09:20', 1),
	(24, 1, 3, 1, ' ', 1, '2025-01-01 00:00:00', 1, '2025-04-30 13:09:20', 1),
	(25, 1, 3, 2, ' ', 1, '2025-01-01 00:00:00', 1, '2025-04-30 13:09:20', 1),
	(26, 1, 4, 0, ' ', 1, '2025-01-01 00:00:00', 1, '2025-04-30 13:09:20', 1),
	(27, 1, 4, 1, ' ', 1, '2025-01-01 00:00:00', 1, '2025-04-30 13:09:20', 1),
	(28, 1, 4, 2, ' ', 1, '2025-01-01 00:00:00', 1, '2025-04-30 13:09:20', 1),
	(29, 1, 4, 3, '1', 1, '2025-01-01 00:00:00', 1, '2025-04-30 13:09:20', 1),
	(30, 1, 4, 4, ' ', 1, '2025-01-01 00:00:00', 1, '2025-04-30 13:09:20', 1),
	(31, 1, 4, 5, ' ', 1, '2025-01-01 00:00:00', 1, '2025-04-30 13:09:20', 1),
	(32, 1, 4, 6, ' ', 1, '2025-01-01 00:00:00', 1, '2025-04-30 13:09:20', 1),
	(33, 1, 4, 7, ' ', 1, '2025-01-01 00:00:00', 1, '2025-04-30 13:09:20', 1),
	(34, 1, 4, 8, ' ', 1, '2025-01-01 00:00:00', 1, '2025-04-30 13:09:20', 1),
	(35, 1, 4, 9, ' ', 1, '2025-01-01 00:00:00', 1, '2025-04-30 13:09:20', 1),
	(36, 1, 4, 10, ' ', 1, '2025-01-01 00:00:00', 1, '2025-04-30 13:09:20', 1),
	(37, 1, 4, 11, ' ', 1, '2025-01-01 00:00:00', 1, '2025-04-30 13:09:20', 1),
	(38, 1, 4, 12, ' ', 1, '2025-01-01 00:00:00', 1, '2025-04-30 13:09:20', 1),
	(39, 1, 5, 0, ' ', 1, '2025-01-01 00:00:00', 1, '2025-04-30 13:09:20', 1),
	(40, 1, 5, 1, ' ', 1, '2025-01-01 00:00:00', 1, '2025-04-30 13:09:20', 1),
	(41, 1, 5, 2, ' ', 1, '2025-01-01 00:00:00', 1, '2025-04-30 13:09:20', 1),
	(42, 1, 5, 3, ' ', 1, '2025-01-01 00:00:00', 1, '2025-04-30 13:09:20', 1),
	(43, 1, 5, 4, ' ', 1, '2025-01-01 00:00:00', 1, '2025-04-30 13:09:20', 1),
	(44, 1, 5, 5, ' ', 1, '2025-01-01 00:00:00', 1, '2025-04-30 13:09:20', 1),
	(45, 1, 5, 6, ' ', 1, '2025-01-01 00:00:00', 1, '2025-04-30 13:09:20', 1),
	(46, 1, 5, 7, ' ', 1, '2025-01-01 00:00:00', 1, '2025-04-30 13:09:20', 1),
	(47, 1, 6, 0, ' ', 1, '2025-01-01 00:00:00', 1, '2025-04-30 13:09:20', 1),
	(48, 1, 6, 1, ' ', 1, '2025-01-01 00:00:00', 1, '2025-04-30 13:09:20', 1),
	(49, 1, 6, 2, '1', 1, '2025-01-01 00:00:00', 1, '2025-04-30 13:09:20', 1),
	(50, 1, 6, 3, ' ', 1, '2025-01-01 00:00:00', 1, '2025-04-30 13:09:20', 1),
	(51, 1, 6, 4, ' ', 1, '2025-01-01 00:00:00', 1, '2025-04-30 13:09:20', 1),
	(52, 1, 6, 5, ' ', 1, '2025-01-01 00:00:00', 1, '2025-04-30 13:09:20', 1),
	(53, 1, 6, 6, ' ', 1, '2025-01-01 00:00:00', 1, '2025-04-30 13:09:20', 1),
	(54, 2, 0, 0, ' ', 1, '2025-01-01 00:00:00', 1, '2025-04-30 13:09:20', 1),
	(55, 2, 1, 0, ' ', 1, '2025-01-01 00:00:00', 1, '2025-04-30 13:09:20', 1),
	(56, 2, 1, 1, ' ', 1, '2025-01-01 00:00:00', 1, '2025-04-30 13:09:20', 1),
	(57, 2, 1, 2, ' ', 1, '2025-01-01 00:00:00', 1, '2025-04-30 13:09:20', 1),
	(58, 2, 2, 0, ' ', 1, '2025-01-01 00:00:00', 1, '2025-04-30 13:09:20', 1),
	(59, 2, 2, 1, ' ', 1, '2025-01-01 00:00:00', 1, '2025-04-30 13:09:20', 1),
	(60, 2, 2, 2, ' ', 1, '2025-01-01 00:00:00', 1, '2025-04-30 13:09:20', 1),
	(61, 2, 2, 3, ' ', 1, '2025-01-01 00:00:00', 1, '2025-04-30 13:09:20', 1),
	(62, 2, 2, 4, ' ', 1, '2025-01-01 00:00:00', 1, '2025-04-30 13:09:20', 1),
	(63, 2, 2, 5, ' ', 1, '2025-01-01 00:00:00', 1, '2025-04-30 13:09:20', 1),
	(64, 2, 2, 6, ' ', 1, '2025-01-01 00:00:00', 1, '2025-04-30 13:09:20', 1),
	(65, 2, 2, 7, ' ', 1, '2025-01-01 00:00:00', 1, '2025-04-30 13:09:20', 1),
	(66, 2, 2, 8, ' ', 1, '2025-01-01 00:00:00', 1, '2025-04-30 13:09:20', 1),
	(67, 2, 2, 9, ' ', 1, '2025-01-01 00:00:00', 1, '2025-04-30 13:09:20', 1),
	(68, 2, 2, 10, ' ', 1, '2025-01-01 00:00:00', 1, '2025-04-30 13:09:20', 1),
	(69, 2, 2, 11, ' ', 1, '2025-01-01 00:00:00', 1, '2025-04-30 13:09:20', 1),
	(70, 2, 3, 0, ' ', 1, '2025-01-01 00:00:00', 1, '2025-04-30 13:09:20', 1),
	(71, 2, 3, 1, ' ', 1, '2025-01-01 00:00:00', 1, '2025-04-30 13:09:20', 1),
	(72, 2, 3, 2, ' ', 1, '2025-01-01 00:00:00', 1, '2025-04-30 13:09:20', 1),
	(73, 2, 3, 3, ' ', 1, '2025-01-01 00:00:00', 1, '2025-04-30 13:09:20', 1),
	(74, 2, 3, 4, ' ', 1, '2025-01-01 00:00:00', 1, '2025-04-30 13:09:20', 1),
	(75, 2, 3, 5, ' ', 1, '2025-01-01 00:00:00', 1, '2025-04-30 13:09:20', 1),
	(76, 2, 4, 0, ' ', 1, '2025-01-01 00:00:00', 1, '2025-04-30 13:09:20', 1),
	(77, 2, 4, 1, ' ', 1, '2025-01-01 00:00:00', 1, '2025-04-30 13:09:20', 1),
	(78, 2, 4, 2, ' ', 1, '2025-01-01 00:00:00', 1, '2025-04-30 13:09:20', 1),
	(79, 2, 4, 3, ' ', 1, '2025-01-01 00:00:00', 1, '2025-04-30 13:09:20', 1),
	(80, 2, 4, 4, ' ', 1, '2025-01-01 00:00:00', 1, '2025-04-30 13:09:20', 1),
	(81, 2, 4, 5, ' ', 1, '2025-01-01 00:00:00', 1, '2025-04-30 13:09:20', 1),
	(82, 2, 4, 6, ' ', 1, '2025-01-01 00:00:00', 1, '2025-04-30 13:09:20', 1),
	(83, 2, 4, 7, ' ', 1, '2025-01-01 00:00:00', 1, '2025-04-30 13:09:20', 1),
	(84, 2, 4, 8, ' ', 1, '2025-01-01 00:00:00', 1, '2025-04-30 13:09:20', 1),
	(85, 2, 4, 9, ' ', 1, '2025-01-01 00:00:00', 1, '2025-04-30 13:09:20', 1),
	(86, 2, 4, 10, ' ', 1, '2025-01-01 00:00:00', 1, '2025-04-30 13:09:20', 1),
	(87, 2, 4, 11, ' ', 1, '2025-01-01 00:00:00', 1, '2025-04-30 13:09:20', 1),
	(88, 2, 4, 12, ' ', 1, '2025-01-01 00:00:00', 1, '2025-04-30 13:09:20', 1),
	(89, 2, 5, 0, ' ', 1, '2025-01-01 00:00:00', 1, '2025-04-30 13:09:20', 1),
	(90, 2, 5, 1, ' ', 1, '2025-01-01 00:00:00', 1, '2025-04-30 13:09:20', 1),
	(91, 2, 6, 0, ' ', 1, '2025-01-01 00:00:00', 1, '2025-04-30 13:09:20', 1),
	(92, 2, 6, 1, ' ', 1, '2025-01-01 00:00:00', 1, '2025-04-30 13:09:20', 1),
	(93, 2, 6, 2, ' ', 1, '2025-01-01 00:00:00', 1, '2025-04-30 13:09:20', 1),
	(94, 2, 6, 3, ' ', 1, '2025-01-01 00:00:00', 1, '2025-04-30 13:09:20', 1),
	(95, 2, 6, 4, ' ', 1, '2025-01-01 00:00:00', 1, '2025-04-30 13:09:20', 1),
	(96, 2, 6, 5, ' ', 1, '2025-01-01 00:00:00', 1, '2025-04-30 13:09:20', 1),
	(97, 2, 6, 6, ' ', 1, '2025-01-01 00:00:00', 1, '2025-04-30 13:09:20', 1),
	(98, 2, 6, 7, ' ', 1, '2025-01-01 00:00:00', 1, '2025-04-30 13:09:20', 1),
	(99, 2, 6, 8, ' ', 1, '2025-01-01 00:00:00', 1, '2025-04-30 13:09:20', 1),
	(100, 2, 6, 9, ' ', 1, '2025-01-01 00:00:00', 1, '2025-04-30 13:09:20', 1),
	(101, 2, 4, 4, 'null', 1, '2025-04-30 13:00:44', 1, '2025-04-30 13:09:20', 1);

-- Dumping structure for table pos_resto.func_short_cut
CREATE TABLE IF NOT EXISTS `func_short_cut` (
  `id` int(11) NOT NULL AUTO_INCREMENT,
  `mode` tinyint(4) DEFAULT NULL,
  `buttonkey` smallint(6) DEFAULT NULL,
  `seq` smallint(6) DEFAULT NULL,
  `desc1` varchar(200) DEFAULT NULL,
  `desc2` varchar(200) DEFAULT NULL,
  `desc3` varchar(200) DEFAULT NULL,
  `ispopup` varchar(200) DEFAULT NULL,
  `func` varchar(200) DEFAULT NULL,
  `param1` varchar(200) DEFAULT NULL,
  `finactive` varchar(200) DEFAULT NULL,
  `presence` tinyint(2) NOT NULL DEFAULT 1,
  `inputDate` datetime NOT NULL DEFAULT '2025-01-01 00:00:00',
  `inputBy` smallint(6) NOT NULL DEFAULT 1,
  `updateDate` datetime NOT NULL DEFAULT '2025-01-01 00:00:00',
  `updateBy` smallint(6) NOT NULL DEFAULT 1,
  PRIMARY KEY (`id`)
) ENGINE=InnoDB AUTO_INCREMENT=30 DEFAULT CHARSET=utf8mb4 COLLATE=utf8mb4_general_ci ROW_FORMAT=DYNAMIC;

-- Dumping data for table pos_resto.func_short_cut: ~28 rows (approximately)
INSERT INTO `func_short_cut` (`id`, `mode`, `buttonkey`, `seq`, `desc1`, `desc2`, `desc3`, `ispopup`, `func`, `param1`, `finactive`, `presence`, `inputDate`, `inputBy`, `updateDate`, `updateBy`) VALUES
	(1, 1, 1, 1, 'Send Check                              ', 'Send Check                              ', 'Send Check                              ', ' ', '002001', '                                                                      ', ' ', 1, '2025-01-01 00:00:00', 1, '2025-01-01 00:00:00', 1),
	(2, 1, 2, 2, 'Print Check                             ', 'Print Check                             ', 'Print Check                             ', ' ', '002006', '                                                                      ', ' ', 1, '2025-01-01 00:00:00', 1, '2025-01-01 00:00:00', 1),
	(3, 1, 3, 3, 'Quit Order                              ', 'Quit Order                              ', 'Quit Order                              ', ' ', '002012', '                                                                      ', ' ', 1, '2025-01-01 00:00:00', 1, '2025-01-01 00:00:00', 1),
	(4, 1, 4, 4, 'Copy                                    ', 'Copy                                    ', 'Copy                                    ', ' ', '009001', '                                                                      ', ' ', 1, '2025-01-01 00:00:00', 1, '2025-01-01 00:00:00', 1),
	(5, 1, 5, 5, 'Paste                                   ', 'Paste                                   ', 'Paste                                   ', ' ', '009002', '                                                                      ', ' ', 1, '2025-01-01 00:00:00', 1, '2025-01-01 00:00:00', 1),
	(6, 1, 6, 6, 'Delete                                  ', 'Delete                                  ', 'Delete                                  ', ' ', '009003', '                                                                      ', ' ', 1, '2025-01-01 00:00:00', 1, '2025-01-01 00:00:00', 1),
	(7, 1, 7, 7, 'Discount                                ', 'Discount                                ', 'Discount                                ', ' ', '002008', '                                                                      ', ' ', 1, '2025-01-01 00:00:00', 1, '2025-01-01 00:00:00', 1),
	(8, 1, 8, 8, 'Apply Modifiers                         ', 'Apply Modifiers                         ', 'Apply Modifiers                         ', ' ', '004008', '                                                                      ', ' ', 1, '2025-01-01 00:00:00', 1, '2025-01-01 00:00:00', 1),
	(9, 1, 9, 9, 'Gen                                     ', 'Gen                                     ', 'Gen                                     ', '1', '      ', '                                                                      ', ' ', 1, '2025-01-01 00:00:00', 1, '2025-01-01 00:00:00', 1),
	(10, 1, 10, 10, 'Chk                                     ', 'Chk                                     ', 'Chk                                     ', '1', '      ', '                                                                      ', ' ', 1, '2025-01-01 00:00:00', 1, '2025-01-01 00:00:00', 1),
	(11, 1, 11, 11, 'Itm                                     ', 'Itm                                     ', 'Itm                                     ', '1', '      ', '                                                                      ', ' ', 1, '2025-01-01 00:00:00', 1, '2025-01-01 00:00:00', 1),
	(12, 1, 12, 12, 'Adv                                     ', 'Adv                                     ', 'Adv                                     ', '1', '      ', '                                                                      ', ' ', 1, '2025-01-01 00:00:00', 1, '2025-01-01 00:00:00', 1),
	(13, 1, 13, 13, 'Pay                                     ', 'Pay                                     ', 'Pay                                     ', '1', '      ', '                                                                      ', ' ', 1, '2025-01-01 00:00:00', 1, '2025-01-01 00:00:00', 1),
	(14, 1, 14, 14, 'Mgr                                     ', 'Mgr                                     ', 'Mgr                                     ', '1', '      ', '                                                                      ', ' ', 1, '2025-01-01 00:00:00', 1, '2025-01-01 00:00:00', 1),
	(15, 0, 1, 1, 'Open New Table                          ', 'Open New Table                          ', 'Open New Table                          ', ' ', '002017', '                                                                      ', ' ', 1, '2025-01-01 00:00:00', 1, '2025-01-01 00:00:00', 1),
	(16, 0, 2, 2, 'Recall Old Check                        ', 'Recall Old Check                        ', 'Recall Old Check                        ', ' ', '002018', '                                                                      ', ' ', 1, '2025-01-01 00:00:00', 1, '2025-01-01 00:00:00', 1),
	(17, 0, 3, 3, 'Create Free Table                       ', 'Create Free Table                       ', 'Create Free Table                       ', ' ', '002019', '                                                                      ', ' ', 1, '2025-01-01 00:00:00', 1, '2025-01-01 00:00:00', 1),
	(18, 0, 4, 4, 'Print Check                             ', 'Print Check                             ', 'Print Check                             ', ' ', '002006', '                                                                      ', ' ', 1, '2025-01-01 00:00:00', 1, '2025-01-01 00:00:00', 1),
	(19, 0, 5, 5, 'Change Display Mode                     ', 'Change Display Mode                     ', 'Change Display Mode                     ', ' ', '009005', '                                                                      ', ' ', 1, '2025-01-01 00:00:00', 1, '2025-01-01 00:00:00', 1),
	(20, 0, 6, 6, 'Chk                                     ', 'Chk                                     ', 'Chk                                     ', '1', '      ', '                                                                      ', ' ', 1, '2025-01-01 00:00:00', 1, '2025-01-01 00:00:00', 1),
	(21, 0, 7, 7, 'Pay                                     ', 'Pay                                     ', 'Pay                                     ', '1', '      ', '                                                                      ', ' ', 1, '2025-01-01 00:00:00', 1, '2025-01-01 00:00:00', 1),
	(22, 0, 8, 8, 'Other                                   ', 'Other                                   ', 'Other                                   ', '1', '      ', '                                                                      ', ' ', 1, '2025-01-01 00:00:00', 1, '2025-01-01 00:00:00', 1),
	(23, 2, 1, 1, 'Redo Payment                            ', 'Redo Payment                            ', 'Redo Payment                            ', ' ', 'CAREDO', '                                                                      ', ' ', 1, '2025-01-01 00:00:00', 1, '2025-01-01 00:00:00', 1),
	(24, 2, 2, 2, 'Release Payments                        ', 'Release Payments                        ', 'Release Payments                        ', ' ', '005007', '                                                                      ', ' ', 1, '2025-01-01 00:00:00', 1, '2025-01-01 00:00:00', 1),
	(25, 2, 3, 3, 'Adjust Tips                             ', 'Adjust Tips                             ', 'Adjust Tips                             ', ' ', '005004', '                                                                      ', ' ', 1, '2025-01-01 00:00:00', 1, '2025-01-01 00:00:00', 1),
	(26, 2, 4, 4, 'Void Payment                            ', 'Void Payment                            ', 'Void Payment                            ', ' ', '009003', '                                                                      ', ' ', 1, '2025-01-01 00:00:00', 1, '2025-01-01 00:00:00', 1),
	(27, 2, 5, 5, 'Close Check                             ', 'Close Check                             ', 'Close Check                             ', ' ', '002012', '                                                                      ', ' ', 1, '2025-01-01 00:00:00', 1, '2025-01-01 00:00:00', 1),
	(28, 1, 15, 15, 'Mem                                     ', 'Mem                                     ', 'Mem                                     ', '1', '      ', '                                                                      ', ' ', 1, '2025-01-01 00:00:00', 1, '2025-01-01 00:00:00', 1),
	(29, NULL, NULL, NULL, 'test 23', NULL, NULL, NULL, NULL, NULL, NULL, 0, '2025-04-30 13:40:47', 1, '2025-04-30 13:40:58', 1);

-- Dumping structure for table pos_resto.func_short_cut_popup
CREATE TABLE IF NOT EXISTS `func_short_cut_popup` (
  `id` int(11) NOT NULL AUTO_INCREMENT,
  `mode` tinyint(4) DEFAULT NULL,
  `buttonkey` smallint(6) DEFAULT NULL,
  `seq` smallint(6) DEFAULT NULL,
  `desc1` varchar(200) DEFAULT NULL,
  `desc2` varchar(200) DEFAULT NULL,
  `desc3` varchar(200) DEFAULT NULL,
  `func` mediumint(9) DEFAULT NULL,
  `param1` varchar(200) DEFAULT NULL,
  `inactive` varchar(10) DEFAULT NULL,
  `presence` tinyint(2) NOT NULL DEFAULT 1,
  `inputDate` datetime NOT NULL DEFAULT '2025-01-01 00:00:00',
  `inputBy` smallint(6) NOT NULL DEFAULT 1,
  `updateDate` datetime NOT NULL DEFAULT '2025-01-01 00:00:00',
  `updateBy` smallint(6) NOT NULL DEFAULT 1,
  PRIMARY KEY (`id`)
) ENGINE=InnoDB AUTO_INCREMENT=73 DEFAULT CHARSET=utf8mb4 COLLATE=utf8mb4_general_ci ROW_FORMAT=DYNAMIC;

-- Dumping data for table pos_resto.func_short_cut_popup: ~72 rows (approximately)
INSERT INTO `func_short_cut_popup` (`id`, `mode`, `buttonkey`, `seq`, `desc1`, `desc2`, `desc3`, `func`, `param1`, `inactive`, `presence`, `inputDate`, `inputBy`, `updateDate`, `updateBy`) VALUES
	(1, 1, 9, 1, 'Switch Order Mode                       ', 'Switch Order Mode                       ', 'Switch Order Mode                       ', 1007, '                                                                      ', ' ', 1, '2025-01-01 00:00:00', 1, '2025-01-01 00:00:00', 1),
	(2, 1, 9, 2, 'Station Details                         ', 'Station Details                         ', 'Station Details                         ', 1002, '                                                                      ', ' ', 1, '2025-01-01 00:00:00', 1, '2025-01-01 00:00:00', 1),
	(3, 1, 9, 3, 'Change Language                         ', 'Change Language                         ', 'Change Language                         ', 1003, '                                                                      ', ' ', 1, '2025-01-01 00:00:00', 1, '2025-01-01 00:00:00', 1),
	(4, 1, 9, 4, 'Hold/Release Staff                      ', 'Hold/Release Staff                      ', 'Hold/Release Staff                      ', 1004, '                                                                      ', ' ', 1, '2025-01-01 00:00:00', 1, '2025-01-01 00:00:00', 1),
	(5, 1, 9, 5, 'View Tables                             ', 'View Tables                             ', 'View Tables                             ', 1005, '                                                                      ', ' ', 1, '2025-01-01 00:00:00', 1, '2025-01-01 00:00:00', 1),
	(6, 1, 9, 6, 'Log Off                                 ', 'Log Off                                 ', 'Log Off                                 ', 1006, '                                                                      ', ' ', 1, '2025-01-01 00:00:00', 1, '2025-01-01 00:00:00', 1),
	(7, 1, 9, 7, 'Change Password                         ', 'Change Password                         ', 'Change Password                         ', 1008, '                                                                      ', ' ', 1, '2025-01-01 00:00:00', 1, '2025-01-01 00:00:00', 1),
	(8, 1, 10, 1, 'Send Order                              ', 'Send Order                              ', 'Send Order                              ', 2001, '                                                                      ', ' ', 1, '2025-01-01 00:00:00', 1, '2025-01-01 00:00:00', 1),
	(9, 1, 10, 2, 'Quit Order                              ', 'Quit Order                              ', 'Quit Order                              ', 2012, '                                                                      ', ' ', 1, '2025-01-01 00:00:00', 1, '2025-01-01 00:00:00', 1),
	(10, 1, 10, 3, 'Check Details                           ', 'Check Details                           ', 'Check Details                           ', 2003, '                                                                      ', ' ', 1, '2025-01-01 00:00:00', 1, '2025-01-01 00:00:00', 1),
	(11, 1, 10, 4, 'Change Table                            ', 'Change Table                            ', 'Change Table                            ', 2004, '                                                                      ', ' ', 1, '2025-01-01 00:00:00', 1, '2025-01-01 00:00:00', 1),
	(12, 1, 10, 5, 'Change Cover                            ', 'Change Cover                            ', 'Change Cover                            ', 2005, '                                                                      ', ' ', 1, '2025-01-01 00:00:00', 1, '2025-01-01 00:00:00', 1),
	(13, 1, 10, 6, 'Print Check                             ', 'Print Check                             ', 'Print Check                             ', 2006, '                                                                      ', ' ', 1, '2025-01-01 00:00:00', 1, '2025-01-01 00:00:00', 1),
	(14, 1, 10, 7, 'Print Detail Check                      ', 'Print Detail Check                      ', 'Print Detail Check                      ', 2007, '                                                                      ', ' ', 1, '2025-01-01 00:00:00', 1, '2025-01-01 00:00:00', 1),
	(15, 1, 10, 8, 'Check Discount                          ', 'Check Discount                          ', 'Check Discount                          ', 2008, '                                                                      ', ' ', 1, '2025-01-01 00:00:00', 1, '2025-01-01 00:00:00', 1),
	(16, 1, 10, 9, 'Merge Check                             ', 'Merge Check                             ', 'Merge Check                             ', 2009, '                                                                      ', ' ', 1, '2025-01-01 00:00:00', 1, '2025-01-01 00:00:00', 1),
	(17, 1, 10, 10, 'Transfer Check                          ', 'Transfer Check                          ', 'Transfer Check                          ', 2010, '                                                                      ', ' ', 1, '2025-01-01 00:00:00', 1, '2025-01-01 00:00:00', 1),
	(18, 1, 10, 11, 'Void Check                              ', 'Void Check                              ', 'Void Check                              ', 2002, '                                                                      ', ' ', 1, '2025-01-01 00:00:00', 1, '2025-01-01 00:00:00', 1),
	(19, 1, 10, 12, 'Add Check Sub-Group                     ', 'Add Check Sub-Group                     ', 'Add Check Sub-Group                     ', 2014, '                                                                      ', ' ', 1, '2025-01-01 00:00:00', 1, '2025-01-01 00:00:00', 1),
	(20, 1, 10, 13, 'Void Check Sub-Group                    ', 'Void Check Sub-Group                    ', 'Void Check Sub-Group                    ', 2015, '                                                                      ', ' ', 1, '2025-01-01 00:00:00', 1, '2025-01-01 00:00:00', 1),
	(21, 1, 10, 14, 'Split Sub-Group Items                   ', 'Split Sub-Group Items                   ', 'Split Sub-Group Items                   ', 2016, '                                                                      ', ' ', 1, '2025-01-01 00:00:00', 1, '2025-01-01 00:00:00', 1),
	(22, 1, 11, 1, 'PLU                                     ', 'PLU                                     ', 'PLU                                     ', 3001, '                                                                      ', ' ', 1, '2025-01-01 00:00:00', 1, '2025-01-01 00:00:00', 1),
	(23, 1, 11, 2, 'Apply Modifier                          ', 'Apply Modifier                          ', 'Apply Modifier                          ', 4008, '                                                                      ', ' ', 1, '2025-01-01 00:00:00', 1, '2025-01-01 00:00:00', 1),
	(24, 1, 11, 3, 'Change Qty                              ', 'Change Qty                              ', 'Change Qty                              ', 4001, '                                                                      ', ' ', 1, '2025-01-01 00:00:00', 1, '2025-01-01 00:00:00', 1),
	(25, 1, 11, 4, 'Item Discount                           ', 'Item Discount                           ', 'Item Discount                           ', 4004, '                                                                      ', ' ', 1, '2025-01-01 00:00:00', 1, '2025-01-01 00:00:00', 1),
	(26, 1, 11, 5, 'Item Details                            ', 'Item Details                            ', 'Item Details                            ', 4007, '                                                                      ', ' ', 1, '2025-01-01 00:00:00', 1, '2025-01-01 00:00:00', 1),
	(27, 1, 11, 6, 'Assign Seat                             ', 'Assign Seat                             ', 'Assign Seat                             ', 4006, '                                                                      ', ' ', 1, '2025-01-01 00:00:00', 1, '2025-01-01 00:00:00', 1),
	(28, 1, 11, 7, 'Repeat Item                             ', 'Repeat Item                             ', 'Repeat Item                             ', 3002, '                                                                      ', ' ', 1, '2025-01-01 00:00:00', 1, '2025-01-01 00:00:00', 1),
	(29, 1, 11, 8, 'Item Takeout                            ', 'Item Takeout                            ', 'Item Takeout                            ', 4012, '                                                                      ', ' ', 1, '2025-01-01 00:00:00', 1, '2025-01-01 00:00:00', 1),
	(30, 1, 11, 9, 'Replace Set Menu Item                   ', 'Replace Set Menu Item                   ', 'Replace Set Menu Item                   ', 3007, '                                                                      ', ' ', 1, '2025-01-01 00:00:00', 1, '2025-01-01 00:00:00', 1),
	(31, 1, 11, 10, 'Resequence Item                         ', 'Resequence Item                         ', 'Resequence Item                         ', 2011, '                                                                      ', ' ', 1, '2025-01-01 00:00:00', 1, '2025-01-01 00:00:00', 1),
	(32, 1, 11, 11, 'Void Item                               ', 'Void Item                               ', 'Void Item                               ', 4003, '                                                                      ', ' ', 1, '2025-01-01 00:00:00', 1, '2025-01-01 00:00:00', 1),
	(33, 1, 12, 1, 'Rush Order                              ', 'Rush Order                              ', 'Rush Order                              ', 4002, '                                                                      ', ' ', 1, '2025-01-01 00:00:00', 1, '2025-01-01 00:00:00', 1),
	(34, 1, 12, 2, 'Pantry Msg                              ', 'Pantry Msg                              ', 'Pantry Msg                              ', 4005, '                                                                      ', ' ', 1, '2025-01-01 00:00:00', 1, '2025-01-01 00:00:00', 1),
	(35, 1, 12, 3, 'Add Tax/SC                              ', 'Add Tax/SC                              ', 'Add Tax/SC                              ', 4009, '                                                                      ', ' ', 1, '2025-01-01 00:00:00', 1, '2025-01-01 00:00:00', 1),
	(36, 1, 12, 4, 'Partial Search                          ', 'Partial Search                          ', 'Partial Search                          ', 3003, '                                                                      ', ' ', 1, '2025-01-01 00:00:00', 1, '2025-01-01 00:00:00', 1),
	(37, 1, 12, 5, 'Category Search                         ', 'Category Search                         ', 'Category Search                         ', 3004, '                                                                      ', ' ', 1, '2025-01-01 00:00:00', 1, '2025-01-01 00:00:00', 1),
	(38, 1, 12, 6, 'Department Search                       ', 'Department Search                       ', 'Department Search                       ', 3005, '                                                                      ', ' ', 1, '2025-01-01 00:00:00', 1, '2025-01-01 00:00:00', 1),
	(39, 1, 12, 7, 'Class Search                            ', 'Class Search                            ', 'Class Search                            ', 3006, '                                                                      ', ' ', 1, '2025-01-01 00:00:00', 1, '2025-01-01 00:00:00', 1),
	(40, 1, 13, 1, 'Cashier Function                        ', 'Cashier Function                        ', 'Cashier Function                        ', 5001, '                                                                      ', ' ', 1, '2025-01-01 00:00:00', 1, '2025-01-01 00:00:00', 1),
	(41, 1, 13, 2, 'Print And Settle                        ', 'Print And Settle                        ', 'Print And Settle                        ', 5003, '                                                                      ', ' ', 1, '2025-01-01 00:00:00', 1, '2025-01-01 00:00:00', 1),
	(42, 1, 13, 3, 'Partial Payment                         ', 'Partial Payment                         ', 'Partial Payment                         ', 5008, '                                                                      ', ' ', 1, '2025-01-01 00:00:00', 1, '2025-01-01 00:00:00', 1),
	(43, 1, 13, 4, 'Cashier Settlement                      ', 'Cashier Settlement                      ', 'Cashier Settlement                      ', 5009, '                                                                      ', ' ', 1, '2025-01-01 00:00:00', 1, '2025-01-01 00:00:00', 1),
	(44, 1, 14, 1, 'Daily Close                             ', 'Daily Close                             ', 'Daily Close                             ', 6002, '                                                                      ', ' ', 1, '2025-01-01 00:00:00', 1, '2025-01-01 00:00:00', 1),
	(45, 1, 14, 2, 'Test Printer                            ', 'Test Printer                            ', 'Test Printer                            ', 6003, '                                                                      ', ' ', 1, '2025-01-01 00:00:00', 1, '2025-01-01 00:00:00', 1),
	(46, 1, 14, 3, 'Switch Panel                            ', 'Switch Panel                            ', 'Switch Panel                            ', 6004, '                                                                      ', ' ', 1, '2025-01-01 00:00:00', 1, '2025-01-01 00:00:00', 1),
	(47, 1, 14, 4, 'Switch Outlet                           ', 'Switch Outlet                           ', 'Switch Outlet                           ', 6005, '                                                                      ', ' ', 1, '2025-01-01 00:00:00', 1, '2025-01-01 00:00:00', 1),
	(48, 1, 14, 5, 'Reset Workstation                       ', 'Reset Workstation                       ', 'Reset Workstation                       ', 6007, '                                                                      ', ' ', 1, '2025-01-01 00:00:00', 1, '2025-01-01 00:00:00', 1),
	(49, 1, 14, 6, 'View General Report                     ', 'View General Report                     ', 'View General Report                     ', 7001, '                                                                      ', ' ', 1, '2025-01-01 00:00:00', 1, '2025-01-01 00:00:00', 1),
	(50, 1, 14, 7, 'View Manager Report                     ', 'View Manager Report                     ', 'View Manager Report                     ', 7002, '                                                                      ', ' ', 1, '2025-01-01 00:00:00', 1, '2025-01-01 00:00:00', 1),
	(51, 0, 6, 1, 'Open New Table                          ', 'Open New Table                          ', 'Open New Table                          ', 2017, '                                                                      ', ' ', 1, '2025-01-01 00:00:00', 1, '2025-01-01 00:00:00', 1),
	(52, 0, 6, 2, 'Recall Old Table                        ', 'Recall Old Table                        ', 'Recall Old Table                        ', 2018, '                                                                      ', ' ', 1, '2025-01-01 00:00:00', 1, '2025-01-01 00:00:00', 1),
	(53, 0, 6, 3, 'Create Free Table                       ', 'Create Free Table                       ', 'Create Free Table                       ', 2019, '                                                                      ', ' ', 1, '2025-01-01 00:00:00', 1, '2025-01-01 00:00:00', 1),
	(54, 0, 6, 4, 'Print Check                             ', 'Print Check                             ', 'Print Check                             ', 2006, '                                                                      ', ' ', 1, '2025-01-01 00:00:00', 1, '2025-01-01 00:00:00', 1),
	(55, 0, 6, 5, 'Take Ownership                          ', 'Take Ownership                          ', 'Take Ownership                          ', 2020, '                                                                      ', ' ', 1, '2025-01-01 00:00:00', 1, '2025-01-01 00:00:00', 1),
	(56, 0, 6, 6, 'Transfer Ownership                      ', 'Transfer Ownership                      ', 'Transfer Ownership                      ', 2021, '                                                                      ', ' ', 1, '2025-01-01 00:00:00', 1, '2025-01-01 00:00:00', 1),
	(57, 0, 6, 7, 'Emp View Tbl                            ', 'Emp View Tbl                            ', 'Emp View Tbl                            ', 1005, '                                                                      ', ' ', 1, '2025-01-01 00:00:00', 1, '2025-01-01 00:00:00', 1),
	(58, 0, 6, 8, 'Manager View Table                      ', 'Manager View Table                      ', 'Manager View Table                      ', 1009, '                                                                      ', ' ', 1, '2025-01-01 00:00:00', 1, '2025-01-01 00:00:00', 1),
	(59, 0, 7, 1, 'Cashier Function                        ', 'Cashier Function                        ', 'Cashier Function                        ', 5001, '                                                                      ', ' ', 1, '2025-01-01 00:00:00', 1, '2025-01-01 00:00:00', 1),
	(60, 0, 7, 2, 'Print And Settle                        ', 'Print And Settle                        ', 'Print And Settle                        ', 5003, '                                                                      ', ' ', 1, '2025-01-01 00:00:00', 1, '2025-01-01 00:00:00', 1),
	(61, 0, 7, 3, 'Partial Payment                         ', 'Partial Payment                         ', 'Partial Payment                         ', 5008, '                                                                      ', ' ', 1, '2025-01-01 00:00:00', 1, '2025-01-01 00:00:00', 1),
	(62, 0, 7, 4, 'Cashier Settlement                      ', 'Cashier Settlement                      ', 'Cashier Settlement                      ', 5009, '                                                                      ', ' ', 1, '2025-01-01 00:00:00', 1, '2025-01-01 00:00:00', 1),
	(63, 0, 8, 1, 'Refresh Page                            ', 'Refresh Page                            ', 'Refresh Page                            ', 9004, '                                                                      ', ' ', 1, '2025-01-01 00:00:00', 1, '2025-01-01 00:00:00', 1),
	(64, 0, 8, 2, 'Change Display Mode                     ', 'Change Display Mode                     ', 'Change Display Mode                     ', 9005, '                                                                      ', ' ', 1, '2025-01-01 00:00:00', 1, '2025-01-01 00:00:00', 1),
	(65, 1, 15, 1, 'Edit Member Profile                     ', 'Edit Member Profile                     ', 'Edit Member Profile                     ', 11002, '                                                                      ', ' ', 1, '2025-01-01 00:00:00', 1, '2025-01-01 00:00:00', 1),
	(66, 1, 15, 2, 'Read Member Profile                     ', 'Read Member Profile                     ', 'Read Member Profile                     ', 11003, '                                                                      ', ' ', 1, '2025-01-01 00:00:00', 1, '2025-01-01 00:00:00', 1),
	(67, 1, 12, 8, 'Set item soldout / resell               ', 'Set item soldout / resell               ', 'Set item soldout / resell               ', 4013, '                                                                      ', ' ', 1, '2025-01-01 00:00:00', 1, '2025-01-01 00:00:00', 1),
	(68, 1, 13, 5, 'Fast Food Payment                       ', 'Fast Food Payment                       ', 'Fast Food Payment                       ', 5002, '                                                                      ', ' ', 1, '2025-01-01 00:00:00', 1, '2025-01-01 00:00:00', 1),
	(69, 1, 14, 8, 'Browse Last Access Check                ', 'Browse Last Access Check                ', 'Browse Last Access Check                ', 6010, '                                                                      ', ' ', 1, '2025-01-01 00:00:00', 1, '2025-01-01 00:00:00', 1),
	(70, 1, 15, 3, 'Assign Member To Check                  ', 'Assign Member To Check                  ', 'Assign Member To Check                  ', 11004, '                                                                      ', ' ', 1, '2025-01-01 00:00:00', 1, '2025-01-01 00:00:00', 1),
	(71, 1, 15, 4, 'Sign Delivery Orders                    ', 'Sign Delivery Orders                    ', 'Sign Delivery Orders                    ', 11006, '                                                                      ', ' ', 1, '2025-01-01 00:00:00', 1, '2025-01-01 00:00:00', 1),
	(72, 0, 8, 3, 'Edit Floor Plan                         ', 'Edit Floor Plan                         ', 'Edit Floor Plan                         ', 1014, '                                                                      ', ' ', 1, '2025-01-01 00:00:00', 1, '2025-01-01 00:00:00', 1);

-- Dumping structure for table pos_resto.holiday_list
CREATE TABLE IF NOT EXISTS `holiday_list` (
  `id` int(11) NOT NULL AUTO_INCREMENT,
  `date` tinyint(4) NOT NULL DEFAULT 0,
  `desc1` varchar(200) DEFAULT NULL,
  `desc2` varchar(200) DEFAULT NULL,
  `desc3` varchar(200) DEFAULT NULL,
  `presence` tinyint(2) NOT NULL DEFAULT 1,
  `inputDate` datetime NOT NULL DEFAULT '2025-01-01 00:00:00',
  `inputBy` smallint(6) NOT NULL DEFAULT 1,
  `updateDate` datetime NOT NULL DEFAULT '2025-01-01 00:00:00',
  `updateBy` smallint(6) NOT NULL DEFAULT 1,
  PRIMARY KEY (`id`) USING BTREE
) ENGINE=InnoDB AUTO_INCREMENT=3 DEFAULT CHARSET=utf8mb4 COLLATE=utf8mb4_general_ci ROW_FORMAT=DYNAMIC;

-- Dumping data for table pos_resto.holiday_list: ~2 rows (approximately)
INSERT INTO `holiday_list` (`id`, `date`, `desc1`, `desc2`, `desc3`, `presence`, `inputDate`, `inputBy`, `updateDate`, `updateBy`) VALUES
	(1, 13, 'test434', NULL, NULL, 1, '2025-01-01 00:00:00', 1, '2025-04-28 17:44:06', 1),
	(2, 12, 'test5', NULL, NULL, 0, '2025-04-28 17:44:18', 1, '2025-04-28 17:44:23', 1);

-- Dumping structure for table pos_resto.ic_card_add_value_type
CREATE TABLE IF NOT EXISTS `ic_card_add_value_type` (
  `id` int(11) NOT NULL AUTO_INCREMENT,
  `desc1` varchar(200) DEFAULT NULL,
  `desc2` varchar(200) DEFAULT NULL,
  `desc3` varchar(200) DEFAULT NULL,
  `seq` varchar(200) DEFAULT NULL,
  `amount` int(11) DEFAULT NULL,
  `free` varchar(200) DEFAULT NULL,
  `extmonth` varchar(200) DEFAULT NULL,
  `openamt` varchar(200) DEFAULT NULL,
  `opendrw` varchar(200) DEFAULT NULL,
  `item` varchar(200) DEFAULT NULL,
  `presence` tinyint(2) NOT NULL DEFAULT 1,
  `inputDate` datetime NOT NULL DEFAULT '2025-01-01 00:00:00',
  `inputBy` smallint(6) NOT NULL DEFAULT 1,
  `updateDate` datetime NOT NULL DEFAULT '2025-01-01 00:00:00',
  `updateBy` smallint(6) NOT NULL DEFAULT 1,
  PRIMARY KEY (`id`)
) ENGINE=InnoDB AUTO_INCREMENT=3 DEFAULT CHARSET=utf8mb4 COLLATE=utf8mb4_general_ci ROW_FORMAT=DYNAMIC;

-- Dumping data for table pos_resto.ic_card_add_value_type: ~0 rows (approximately)
INSERT INTO `ic_card_add_value_type` (`id`, `desc1`, `desc2`, `desc3`, `seq`, `amount`, `free`, `extmonth`, `openamt`, `opendrw`, `item`, `presence`, `inputDate`, `inputBy`, `updateDate`, `updateBy`) VALUES
	(1, 'IC 1', NULL, NULL, '12', 3, '4', '5', '6', '8', '90', 0, '2025-04-29 17:05:04', 1, '2025-04-29 17:06:45', 1),
	(2, 'tyer', NULL, NULL, '1', 23, '42', 'null', 'null', 'null', 'null', 1, '2025-04-30 11:35:36', 1, '2025-04-30 11:35:41', 1);

-- Dumping structure for table pos_resto.member
CREATE TABLE IF NOT EXISTS `member` (
  `id` int(11) NOT NULL AUTO_INCREMENT,
  `member` varchar(200) NOT NULL DEFAULT '',
  `name` varchar(200) DEFAULT NULL,
  `pharea1` varchar(200) DEFAULT NULL,
  `pharea2` varchar(200) DEFAULT NULL,
  `pharea3` varchar(200) DEFAULT NULL,
  `phone1` varchar(200) DEFAULT NULL,
  `phone2` varchar(200) DEFAULT NULL,
  `phone3` varchar(200) DEFAULT NULL,
  `phoneext1` varchar(200) DEFAULT NULL,
  `phoneext2` varchar(200) DEFAULT NULL,
  `phoneext3` varchar(200) DEFAULT NULL,
  `addr1` text DEFAULT NULL,
  `addr2` varchar(200) DEFAULT NULL,
  `city` varchar(200) DEFAULT NULL,
  `fax` varchar(200) DEFAULT NULL,
  `state` varchar(200) DEFAULT NULL,
  `zip` varchar(200) DEFAULT NULL,
  `deliaddr1` varchar(200) DEFAULT NULL,
  `deliaddr2` varchar(200) DEFAULT NULL,
  `dob` varchar(200) DEFAULT NULL,
  `sex` varchar(200) DEFAULT NULL,
  `socialid` varchar(200) DEFAULT NULL,
  `email` varchar(200) DEFAULT NULL,
  `joindate` varchar(200) DEFAULT NULL,
  `mclass` varchar(200) DEFAULT NULL,
  `mtype` varchar(200) DEFAULT NULL,
  `status` varchar(200) DEFAULT NULL,
  `memo1` varchar(200) DEFAULT NULL,
  `memo2` varchar(200) DEFAULT NULL,
  `autodisc` varchar(200) DEFAULT NULL,
  `active` tinyint(4) DEFAULT NULL,
  `empid` varchar(200) DEFAULT NULL,
  `costno` varchar(200) DEFAULT NULL,
  `nodeduct` varchar(200) DEFAULT NULL,
  `presence` tinyint(2) NOT NULL DEFAULT 1,
  `inputDate` datetime NOT NULL DEFAULT '2025-01-01 00:00:00',
  `inputBy` smallint(6) NOT NULL DEFAULT 1,
  `updateDate` datetime NOT NULL DEFAULT '2025-01-01 00:00:00',
  `updateBy` smallint(6) NOT NULL DEFAULT 1,
  PRIMARY KEY (`id`),
  UNIQUE KEY `member` (`member`)
) ENGINE=InnoDB AUTO_INCREMENT=11 DEFAULT CHARSET=utf8mb4 COLLATE=utf8mb4_general_ci ROW_FORMAT=DYNAMIC;

-- Dumping data for table pos_resto.member: ~10 rows (approximately)
INSERT INTO `member` (`id`, `member`, `name`, `pharea1`, `pharea2`, `pharea3`, `phone1`, `phone2`, `phone3`, `phoneext1`, `phoneext2`, `phoneext3`, `addr1`, `addr2`, `city`, `fax`, `state`, `zip`, `deliaddr1`, `deliaddr2`, `dob`, `sex`, `socialid`, `email`, `joindate`, `mclass`, `mtype`, `status`, `memo1`, `memo2`, `autodisc`, `active`, `empid`, `costno`, `nodeduct`, `presence`, `inputDate`, `inputBy`, `updateDate`, `updateBy`) VALUES
	(1, '00000000000000000003', 'COMPLIMENT ', 'pharea1', '     ', '     ', 'phone1', 'phone2 ', 'phone3            ', '      ', '      ', '      ', '    addr1                                              ', '                                                  ', '     city               ', '              fax      ', '      state', 'zip', 'deliaddr1', '                                                  ', '        dob', ' 1', '        socialid            ', '       email                                 ', '        joindate', '   mclass ', '    mtype', '  status', '                memo1                                                           ', '                                                                           ', ' autodisc', 1, '      empid', '          costno', ' nodeduct', 1, '2025-01-01 00:00:00', 1, '2025-04-30 14:25:44', 1),
	(2, '00000000000000000001', 'OC ', '     ', '     ', '     ', '            ', '            ', '            ', '      ', '      ', '      ', '                                                  ', '                                                  ', '                    ', '                    ', '      ', '          ', '                                                  ', '                                                  ', '        ', ' ', '                    ', '                                        ', '        ', '    ', '    ', '  ', '                                                                           ', '                                                                           ', ' ', 1, '      ', '          ', ' ', 1, '2025-01-01 00:00:00', 1, '2025-04-30 14:25:44', 1),
	(3, '00000000000000000002', 'ENTERTAINT ', '     ', '     ', '     ', '            ', '            ', '            ', '      ', '      ', '      ', '                                                  ', '                                                  ', '                    ', '                    ', '      ', '          ', '                                                  ', '                                                  ', '        ', ' ', '                    ', '                                        ', '        ', '    ', '    ', '  ', '                                                                           ', '                                                                           ', ' ', 1, '      ', '          ', ' ', 1, '2025-01-01 00:00:00', 1, '2025-04-30 14:25:44', 1),
	(4, '00000000000000000004', 'EZEELINK ', '     ', '     ', '     ', '            ', '            ', '            ', '      ', '      ', '      ', '                                                  ', '                                                  ', '                    ', '                    ', '      ', '          ', '                                                  ', '                                                  ', '        ', ' ', '                    ', '                                        ', '        ', '    ', '    ', '  ', '                                                                           ', '                                                                           ', ' ', 1, '      ', '          ', ' ', 1, '2025-01-01 00:00:00', 1, '2025-04-30 14:25:44', 1),
	(5, '00000000000000000005', 'COMPLIMENT TADA ', '     ', '     ', '     ', '            ', '            ', '            ', '      ', '      ', '      ', '                                                  ', '                                                  ', '                    ', '                    ', '      ', '          ', '                                                  ', '                                                  ', '        ', ' ', '                    ', '                                        ', '        ', '    ', '    ', '  ', '                                                                           ', '                                                                           ', ' ', 1, '      ', '          ', ' ', 1, '2025-01-01 00:00:00', 1, '2025-04-30 14:25:44', 1),
	(6, '00000000000000000006', 'POINT TADA ', '     ', '     ', '     ', '            ', '            ', '            ', '      ', '      ', '      ', '                                                  ', '                                                  ', '                    ', '                    ', '      ', '          ', '                                                  ', '                                                  ', '        ', ' ', '                    ', '                                        ', '        ', '    ', '    ', '  ', '                                                                           ', '                                                                           ', ' ', 1, '      ', '          ', ' ', 1, '2025-01-01 00:00:00', 1, '2025-04-30 14:25:44', 1),
	(7, '00000000000000000007', 'COMPLIMENT ICLUB ', '     ', '     ', '     ', '            ', '            ', '            ', '      ', '      ', '      ', '                                                  ', '                                                  ', '                    ', '                    ', '      ', '          ', '                                                  ', '                                                  ', '        ', ' ', '                    ', '                                        ', '        ', '    ', '    ', '  ', '                                                                           ', '                                                                           ', ' ', 1, '      ', '          ', ' ', 1, '2025-01-01 00:00:00', 1, '2025-04-30 14:25:44', 1),
	(8, 'delete-Wed Apr 30 2025 14:29:03 GMT+0700 (Indochina Time)-00000000000000000008', 'EZEELINK ', '     ', '     ', '     ', '            ', '            ', '            ', '      ', '      ', '      ', '                                                  ', '                                                  ', '                    ', '                    ', '      ', '          ', '                                                  ', '                                                  ', '        ', ' ', '                    ', '                                        ', '        ', '    ', '    ', '  ', '                                                                           ', '                                                                           ', ' ', 1, '      ', '          ', ' ', 0, '2025-01-01 00:00:00', 1, '2025-04-30 14:29:03', 1),
	(9, 'delete00000000000000000009', 'CUSTOMER CARE ', '     ', '     ', '     ', '            ', '            ', '            ', '      ', '      ', '      ', '                                                  ', '                                                  ', '                    ', '                    ', '      ', '          ', '                                                  ', '                                                  ', '        ', ' ', '                    ', '                                        ', '        ', '    ', '    ', '  ', '                                                                           ', '                                                                           ', ' ', 1, '      ', '          ', ' ', 0, '2025-01-01 00:00:00', 1, '2025-04-30 14:27:28', 1),
	(10, 'delete', 'rwea', 'null', NULL, NULL, 'null', 'null', 'null', NULL, NULL, NULL, 'null', NULL, 'null', 'null', 'null', 'null', 'null', 'null', 'null', 'null', 'null', 'null', 'null', 'null', 'null', 'null', 'null', NULL, 'null', 0, 'null', 'null', 'null', 0, '2025-04-30 14:25:33', 1, '2025-04-30 14:25:59', 1);

-- Dumping structure for table pos_resto.member_account
CREATE TABLE IF NOT EXISTS `member_account` (
  `accid` int(11) NOT NULL AUTO_INCREMENT,
  `desc1` varchar(200) DEFAULT NULL,
  `desc2` varchar(200) DEFAULT NULL,
  `desc3` varchar(200) DEFAULT NULL,
  `date` varchar(200) DEFAULT NULL,
  `empid` varchar(200) DEFAULT NULL,
  `active` varchar(200) DEFAULT NULL,
  `amount` varchar(200) DEFAULT NULL,
  `credlimit` varchar(200) DEFAULT NULL,
  `void` varchar(200) DEFAULT NULL,
  `voidcode` varchar(200) DEFAULT NULL,
  `voidtime` varchar(200) DEFAULT NULL,
  `voidempid` varchar(200) DEFAULT NULL,
  `lckstatid` varchar(200) DEFAULT NULL,
  `lckempid` varchar(200) DEFAULT NULL,
  `renewdate` varchar(200) DEFAULT NULL,
  `usagedate` varchar(200) DEFAULT NULL,
  `refundate` varchar(200) DEFAULT NULL,
  `presence` tinyint(2) NOT NULL DEFAULT 1,
  `inputDate` datetime NOT NULL DEFAULT '2025-01-01 00:00:00',
  `inputBy` smallint(6) NOT NULL DEFAULT 1,
  `updateDate` datetime NOT NULL DEFAULT '2025-01-01 00:00:00',
  `updateBy` smallint(6) NOT NULL DEFAULT 1,
  PRIMARY KEY (`accid`)
) ENGINE=InnoDB AUTO_INCREMENT=4 DEFAULT CHARSET=utf8mb4 COLLATE=utf8mb4_general_ci ROW_FORMAT=DYNAMIC;

-- Dumping data for table pos_resto.member_account: ~2 rows (approximately)
INSERT INTO `member_account` (`accid`, `desc1`, `desc2`, `desc3`, `date`, `empid`, `active`, `amount`, `credlimit`, `void`, `voidcode`, `voidtime`, `voidempid`, `lckstatid`, `lckempid`, `renewdate`, `usagedate`, `refundate`, `presence`, `inputDate`, `inputBy`, `updateDate`, `updateBy`) VALUES
	(1, '2', NULL, NULL, '43', '43', '4', '434', '423', '34', '34', '34', 'null', 'null', 'null', 'null', 'null', 'null', 1, '2025-04-30 16:13:46', 1, '2025-04-30 16:17:51', 1),
	(2, '33', NULL, NULL, '43', '43', '3', '3', 'null', 'null', 'null', 'null', 'null', 'null', 'null', 'null', 'null', 'null', 1, '2025-04-30 16:13:50', 1, '2025-04-30 16:17:51', 1),
	(3, 'testsere', NULL, NULL, 'null', 'null', '34', 'null', 'null', 'null', 'null', 'null', 'null', 'null', 'null', 'null', 'null', 'null', 0, '2025-04-30 16:17:34', 1, '2025-04-30 16:21:00', 1);

-- Dumping structure for table pos_resto.member_account_holder
CREATE TABLE IF NOT EXISTS `member_account_holder` (
  `accid` int(11) NOT NULL AUTO_INCREMENT,
  `member` varchar(200) DEFAULT NULL,
  `date` varchar(200) DEFAULT NULL,
  `empid` varchar(200) DEFAULT NULL,
  `void` varchar(200) DEFAULT NULL,
  `voidcode` varchar(200) DEFAULT NULL,
  `voidtime` varchar(200) DEFAULT NULL,
  `voidempid` varchar(200) DEFAULT NULL,
  `presence` tinyint(2) NOT NULL DEFAULT 1,
  `inputDate` datetime NOT NULL DEFAULT '2025-01-01 00:00:00',
  `inputBy` smallint(6) NOT NULL DEFAULT 1,
  `updateDate` datetime NOT NULL DEFAULT '2025-01-01 00:00:00',
  `updateBy` smallint(6) NOT NULL DEFAULT 1,
  PRIMARY KEY (`accid`)
) ENGINE=InnoDB AUTO_INCREMENT=3 DEFAULT CHARSET=utf8mb4 COLLATE=utf8mb4_general_ci ROW_FORMAT=DYNAMIC;

-- Dumping data for table pos_resto.member_account_holder: ~0 rows (approximately)
INSERT INTO `member_account_holder` (`accid`, `member`, `date`, `empid`, `void`, `voidcode`, `voidtime`, `voidempid`, `presence`, `inputDate`, `inputBy`, `updateDate`, `updateBy`) VALUES
	(1, '2323', '122', '3', '23', '23', 'null', 'null', 1, '2025-04-30 16:29:27', 1, '2025-04-30 16:29:53', 1),
	(2, '2323123', 'null', 'null', 'null', 'null', 'null', 'null', 0, '2025-04-30 16:29:45', 1, '2025-04-30 16:29:59', 1);

-- Dumping structure for table pos_resto.member_class
CREATE TABLE IF NOT EXISTS `member_class` (
  `mclass` int(11) NOT NULL AUTO_INCREMENT,
  `desc1` varchar(200) DEFAULT NULL,
  `desc2` varchar(200) DEFAULT NULL,
  `desc3` varchar(200) DEFAULT NULL,
  `discid1` varchar(200) DEFAULT NULL,
  `discid2` varchar(200) DEFAULT NULL,
  `discid3` varchar(200) DEFAULT NULL,
  `discid4` varchar(200) DEFAULT NULL,
  `discid5` varchar(200) DEFAULT NULL,
  `discid6` varchar(200) DEFAULT NULL,
  `discid7` varchar(200) DEFAULT NULL,
  `discid8` varchar(200) DEFAULT NULL,
  `discid9` varchar(200) DEFAULT NULL,
  `discid10` varchar(200) DEFAULT NULL,
  `prilevel` varchar(200) DEFAULT NULL,
  `pridiscid` varchar(200) DEFAULT NULL,
  `periodra1` varchar(200) DEFAULT NULL,
  `periodra2` varchar(200) DEFAULT NULL,
  `periodra3` varchar(200) DEFAULT NULL,
  `periodra4` varchar(200) DEFAULT NULL,
  `periodra5` varchar(200) DEFAULT NULL,
  `outletra1` varchar(200) DEFAULT NULL,
  `outletra2` varchar(200) DEFAULT NULL,
  `outletra3` varchar(200) DEFAULT NULL,
  `outletra4` varchar(200) DEFAULT NULL,
  `outletra5` varchar(200) DEFAULT NULL,
  `starange1` varchar(200) DEFAULT NULL,
  `starange2` varchar(200) DEFAULT NULL,
  `starange3` varchar(200) DEFAULT NULL,
  `starange4` varchar(200) DEFAULT NULL,
  `starange5` varchar(200) DEFAULT NULL,
  `minremain` varchar(200) DEFAULT NULL,
  `accexpday` varchar(200) DEFAULT NULL,
  `balexpday` varchar(200) DEFAULT NULL,
  `presence` tinyint(2) NOT NULL DEFAULT 1,
  `inputDate` datetime NOT NULL DEFAULT '2025-01-01 00:00:00',
  `inputBy` smallint(6) NOT NULL DEFAULT 1,
  `updateDate` datetime NOT NULL DEFAULT '2025-01-01 00:00:00',
  `updateBy` smallint(6) NOT NULL DEFAULT 1,
  PRIMARY KEY (`mclass`)
) ENGINE=InnoDB AUTO_INCREMENT=3 DEFAULT CHARSET=utf8mb4 COLLATE=utf8mb4_general_ci ROW_FORMAT=DYNAMIC;

-- Dumping data for table pos_resto.member_class: ~2 rows (approximately)
INSERT INTO `member_class` (`mclass`, `desc1`, `desc2`, `desc3`, `discid1`, `discid2`, `discid3`, `discid4`, `discid5`, `discid6`, `discid7`, `discid8`, `discid9`, `discid10`, `prilevel`, `pridiscid`, `periodra1`, `periodra2`, `periodra3`, `periodra4`, `periodra5`, `outletra1`, `outletra2`, `outletra3`, `outletra4`, `outletra5`, `starange1`, `starange2`, `starange3`, `starange4`, `starange5`, `minremain`, `accexpday`, `balexpday`, `presence`, `inputDate`, `inputBy`, `updateDate`, `updateBy`) VALUES
	(1, 'test', NULL, NULL, '1', NULL, NULL, NULL, NULL, NULL, NULL, NULL, NULL, NULL, '2', '3', '4', NULL, NULL, NULL, NULL, '5', NULL, NULL, NULL, NULL, '6', NULL, NULL, NULL, NULL, '7', '8', '9', 1, '2025-04-30 15:36:44', 1, '2025-04-30 15:36:56', 1),
	(2, 'test4', NULL, NULL, NULL, NULL, NULL, NULL, NULL, NULL, NULL, NULL, NULL, NULL, NULL, NULL, NULL, NULL, NULL, NULL, NULL, NULL, NULL, NULL, NULL, NULL, NULL, NULL, NULL, NULL, NULL, NULL, NULL, NULL, 0, '2025-04-30 15:37:01', 1, '2025-04-30 15:37:06', 1);

-- Dumping structure for table pos_resto.member_period
CREATE TABLE IF NOT EXISTS `member_period` (
  `id` int(11) NOT NULL AUTO_INCREMENT,
  `outlet` varchar(200) DEFAULT NULL,
  `periodid` varchar(200) DEFAULT NULL,
  `desc1` varchar(200) DEFAULT NULL,
  `desc2` varchar(200) DEFAULT NULL,
  `desc3` varchar(200) DEFAULT NULL,
  `sttime` varchar(200) DEFAULT NULL,
  `endtime` varchar(200) DEFAULT NULL,
  `consumcnt` varchar(200) DEFAULT NULL,
  `weekmask` varchar(200) DEFAULT NULL,
  `presence` tinyint(2) NOT NULL DEFAULT 1,
  `inputDate` datetime NOT NULL DEFAULT '2025-01-01 00:00:00',
  `inputBy` smallint(6) NOT NULL DEFAULT 1,
  `updateDate` datetime NOT NULL DEFAULT '2025-01-01 00:00:00',
  `updateBy` smallint(6) NOT NULL DEFAULT 1,
  PRIMARY KEY (`id`)
) ENGINE=InnoDB AUTO_INCREMENT=5 DEFAULT CHARSET=utf8mb4 COLLATE=utf8mb4_general_ci ROW_FORMAT=DYNAMIC;

-- Dumping data for table pos_resto.member_period: ~4 rows (approximately)
INSERT INTO `member_period` (`id`, `outlet`, `periodid`, `desc1`, `desc2`, `desc3`, `sttime`, `endtime`, `consumcnt`, `weekmask`, `presence`, `inputDate`, `inputBy`, `updateDate`, `updateBy`) VALUES
	(1, '2', '3', '12', NULL, NULL, '45', '56', '23', '12', 0, '2025-04-30 15:57:33', 1, '2025-04-30 15:58:27', 1),
	(2, NULL, NULL, '23', NULL, NULL, NULL, NULL, NULL, NULL, 0, '2025-04-30 15:58:21', 1, '2025-04-30 15:58:27', 1),
	(3, 'null', 'null', 'test', NULL, NULL, 'null', 'null', 'null', 'null', 1, '2025-04-30 16:10:30', 1, '2025-04-30 16:10:47', 1),
	(4, NULL, NULL, 'test', NULL, NULL, NULL, NULL, NULL, NULL, 1, '2025-04-30 16:11:28', 1, '2025-01-01 00:00:00', 1);

-- Dumping structure for table pos_resto.member_transaction_type
CREATE TABLE IF NOT EXISTS `member_transaction_type` (
  `id` int(11) NOT NULL AUTO_INCREMENT,
  `transtype` varchar(0) DEFAULT NULL,
  `desc1` varchar(0) DEFAULT NULL,
  `desc2` varchar(0) DEFAULT NULL,
  `desc3` varchar(0) DEFAULT NULL,
  `seq` varchar(0) DEFAULT NULL,
  `type` varchar(0) DEFAULT NULL,
  `opendesc` varchar(0) DEFAULT NULL,
  `opendrw` varchar(0) DEFAULT NULL,
  `payid` varchar(0) DEFAULT NULL,
  `presence` tinyint(2) NOT NULL DEFAULT 1,
  `inputDate` datetime NOT NULL DEFAULT '2025-01-01 00:00:00',
  `inputBy` smallint(6) NOT NULL DEFAULT 1,
  `updateDate` datetime NOT NULL DEFAULT '2025-01-01 00:00:00',
  `updateBy` smallint(6) NOT NULL DEFAULT 1,
  PRIMARY KEY (`id`)
) ENGINE=InnoDB DEFAULT CHARSET=utf8mb4 COLLATE=utf8mb4_general_ci ROW_FORMAT=DYNAMIC;

-- Dumping data for table pos_resto.member_transaction_type: ~0 rows (approximately)

-- Dumping structure for table pos_resto.menu
CREATE TABLE IF NOT EXISTS `menu` (
  `id` int(11) NOT NULL AUTO_INCREMENT,
  `idx` varchar(8) NOT NULL DEFAULT '0',
  `name` varchar(200) NOT NULL DEFAULT '',
  `descm1` varchar(200) NOT NULL DEFAULT '',
  `descs1` varchar(200) NOT NULL DEFAULT '',
  `sku` varchar(200) NOT NULL DEFAULT '',
  `barcode` varchar(200) NOT NULL DEFAULT '',
  `keyword` varchar(200) NOT NULL DEFAULT '',
  `price1` decimal(9,2) DEFAULT NULL,
  `price2` decimal(9,2) DEFAULT NULL,
  `price3` decimal(12,2) DEFAULT NULL,
  `price4` decimal(9,2) DEFAULT NULL,
  `price5` decimal(9,2) DEFAULT NULL,
  `specialPrice1` decimal(9,2) DEFAULT NULL,
  `specialPrice2` decimal(9,2) DEFAULT NULL,
  `specialPrice3` decimal(9,2) DEFAULT NULL,
  `specialPrice4` decimal(9,2) DEFAULT NULL,
  `specialPrice5` decimal(9,2) DEFAULT NULL,
  `cost` decimal(9,2) DEFAULT NULL,
  `itemGroupId` varchar(4) DEFAULT NULL,
  `orderLevelGroupId` smallint(6) DEFAULT NULL,
  `menuDepartmentId` int(11) NOT NULL DEFAULT 0,
  `menuCategoryId` int(11) NOT NULL DEFAULT 0,
  `menuClassId` int(11) NOT NULL DEFAULT 0,
  `discGroupId` varchar(200) DEFAULT NULL,
  `forcemodi` varchar(200) DEFAULT NULL,
  `inActive` varchar(200) DEFAULT NULL,
  `soldOut` varchar(200) DEFAULT NULL,
  `openPrice` varchar(200) DEFAULT NULL,
  `takeout` varchar(200) DEFAULT NULL,
  `issetmenu` varchar(200) DEFAULT NULL,
  `noprint` varchar(200) DEFAULT NULL,
  `opendesc` varchar(200) DEFAULT NULL,
  `iscnt` varchar(200) DEFAULT NULL,
  `itemcnt` decimal(5,3) DEFAULT NULL,
  `mincharge` varchar(200) DEFAULT NULL,
  `menuTaxScId` tinyint(4) NOT NULL DEFAULT 0,
  `taxmask` varchar(200) DEFAULT NULL,
  `scmask` varchar(200) DEFAULT NULL,
  `taxStatus` varchar(200) DEFAULT NULL,
  `scStatus` varchar(200) DEFAULT NULL,
  `printqgrp` varchar(200) DEFAULT NULL,
  `printq1` varchar(200) DEFAULT NULL,
  `printq2` varchar(200) DEFAULT NULL,
  `printq3` varchar(200) DEFAULT NULL,
  `printq4` varchar(200) DEFAULT NULL,
  `printq5` varchar(200) DEFAULT NULL,
  `printq6` varchar(200) DEFAULT NULL,
  `printq7` varchar(200) DEFAULT NULL,
  `printq8` varchar(200) DEFAULT NULL,
  `printq9` varchar(200) DEFAULT NULL,
  `modiltgrp` varchar(200) DEFAULT NULL,
  `modilist1` varchar(200) DEFAULT NULL,
  `modilist2` varchar(200) DEFAULT NULL,
  `modilist3` varchar(200) DEFAULT NULL,
  `modilist4` varchar(200) DEFAULT NULL,
  `modilist5` varchar(200) DEFAULT NULL,
  `formodgrp` varchar(200) DEFAULT NULL,
  `formodlt1` varchar(200) DEFAULT NULL,
  `formodlt2` varchar(200) DEFAULT NULL,
  `formodlt3` varchar(200) DEFAULT NULL,
  `formodlt4` varchar(200) DEFAULT NULL,
  `formodlt5` varchar(200) DEFAULT NULL,
  `limitgrp` varchar(200) DEFAULT NULL,
  `minqty` decimal(4,3) DEFAULT NULL,
  `maxqty` decimal(4,3) DEFAULT NULL,
  `minprice` decimal(3,2) DEFAULT NULL,
  `maxprice` decimal(3,2) DEFAULT NULL,
  `askauth` varchar(200) DEFAULT NULL,
  `itmdiscid` varchar(200) DEFAULT NULL,
  `cookTime` time DEFAULT NULL,
  `unitid` varchar(200) DEFAULT NULL,
  `deposit` varchar(200) DEFAULT NULL,
  `showimg` varchar(200) DEFAULT NULL,
  `detailimg` varchar(200) DEFAULT NULL,
  `image` varchar(200) DEFAULT NULL,
  `tmcharge` tinyint(4) DEFAULT NULL,
  `code` varchar(200) DEFAULT NULL,
  `mode` varchar(200) DEFAULT NULL,
  `presence` tinyint(2) NOT NULL DEFAULT 1,
  `inputDate` datetime NOT NULL DEFAULT '2025-01-01 00:00:00',
  `inputBy` smallint(6) NOT NULL DEFAULT 1,
  `updateDate` datetime NOT NULL DEFAULT '2025-01-01 00:00:00',
  `updateBy` smallint(6) NOT NULL DEFAULT 1,
  PRIMARY KEY (`id`)
) ENGINE=InnoDB AUTO_INCREMENT=101 DEFAULT CHARSET=utf8mb4 COLLATE=utf8mb4_general_ci ROW_FORMAT=DYNAMIC;

-- Dumping data for table pos_resto.menu: ~100 rows (approximately)
INSERT INTO `menu` (`id`, `idx`, `name`, `descm1`, `descs1`, `sku`, `barcode`, `keyword`, `price1`, `price2`, `price3`, `price4`, `price5`, `specialPrice1`, `specialPrice2`, `specialPrice3`, `specialPrice4`, `specialPrice5`, `cost`, `itemGroupId`, `orderLevelGroupId`, `menuDepartmentId`, `menuCategoryId`, `menuClassId`, `discGroupId`, `forcemodi`, `inActive`, `soldOut`, `openPrice`, `takeout`, `issetmenu`, `noprint`, `opendesc`, `iscnt`, `itemcnt`, `mincharge`, `menuTaxScId`, `taxmask`, `scmask`, `taxStatus`, `scStatus`, `printqgrp`, `printq1`, `printq2`, `printq3`, `printq4`, `printq5`, `printq6`, `printq7`, `printq8`, `printq9`, `modiltgrp`, `modilist1`, `modilist2`, `modilist3`, `modilist4`, `modilist5`, `formodgrp`, `formodlt1`, `formodlt2`, `formodlt3`, `formodlt4`, `formodlt5`, `limitgrp`, `minqty`, `maxqty`, `minprice`, `maxprice`, `askauth`, `itmdiscid`, `cookTime`, `unitid`, `deposit`, `showimg`, `detailimg`, `image`, `tmcharge`, `code`, `mode`, `presence`, `inputDate`, `inputBy`, `updateDate`, `updateBy`) VALUES
	(1, 'E1000001', 'IMPERIAL CARD', 'IMPERIAL CARD                           ', 'IMPERIAL CARD       ', '                    ', '                    ', '                    ', 100000.00, 100000.00, 100000.00, 100000.00, 100000.00, 0.00, 0.00, 0.00, 0.00, 0.00, 0.00, '    ', 1, 3, 22, 0, '   ', ' ', ' ', ' ', ' ', ' ', ' ', ' ', ' ', ' ', 0.000, ' ', 2, '10000', '100', '1', '0', '    ', '   ', '   ', '   ', '   ', '   ', '   ', '   ', '   ', '   ', '    ', '      ', '      ', '      ', '      ', '      ', '    ', '      ', '      ', '      ', '      ', '      ', '    ', 0.000, 0.000, 0.00, 0.00, ' ', '   ', '00:00:00', '    ', ' ', '  ', '                              ', '                              ', 99, '                    ', ' ', 1, '2025-01-01 00:00:00', 1, '2025-05-09 13:29:19', 1),
	(2, 'E1000002', 'IMPERIAL CARD 40', 'IMPERIAL CARD 30                        ', 'IMPERIAL CARD 30    ', '                    ', '                    ', '                    ', 30100.00, 30000.00, 30000.00, 30000.00, 30000.00, 0.00, 0.00, 0.00, 0.00, 0.00, 0.00, '    ', 1, 3, 22, 0, '   ', ' ', ' ', ' ', ' ', ' ', ' ', ' ', ' ', ' ', 0.000, ' ', 2, '10000', '100', '1', '0', '    ', '   ', '   ', '   ', '   ', '   ', '   ', '   ', '   ', '   ', '    ', '      ', '      ', '      ', '      ', '      ', '    ', '      ', '      ', '      ', '      ', '      ', '    ', 0.000, 0.000, 0.00, 0.00, ' ', '   ', '00:00:00', '    ', ' ', '  ', '                              ', '                              ', 99, '                    ', ' ', 1, '2025-01-01 00:00:00', 1, '2025-05-09 13:29:19', 1),
	(3, 'E1000003', 'IM V5', 'IM V5                                   ', 'IM V5               ', '                    ', '                    ', '                    ', 50000.00, 50000.00, 50000.00, 50000.00, 50000.00, 0.00, 0.00, 0.00, 0.00, 0.00, 0.00, '    ', 1, 6, 22, 0, '   ', ' ', ' ', ' ', ' ', ' ', ' ', ' ', ' ', ' ', 0.000, ' ', 0, '     ', '   ', ' ', ' ', '    ', '   ', '   ', '   ', '   ', '   ', '   ', '   ', '   ', '   ', '    ', '      ', '      ', '      ', '      ', '      ', '    ', '      ', '      ', '      ', '      ', '      ', '    ', 0.000, 0.000, 0.00, 0.00, ' ', '   ', '00:00:00', '    ', ' ', '  ', '                              ', '                              ', 99, '                    ', ' ', 1, '2025-01-01 00:00:00', 1, '2025-05-09 13:29:19', 1),
	(4, 'E1000004', 'IM V10', 'IM V10                                  ', 'IM V10              ', '                    ', '                    ', '                    ', 100000.00, 100000.00, 100000.00, 100000.00, 100000.00, 0.00, 0.00, 0.00, 0.00, 0.00, 0.00, '    ', 1, 6, 22, 0, '   ', ' ', ' ', ' ', ' ', ' ', ' ', ' ', ' ', ' ', 0.000, ' ', 0, '     ', '   ', ' ', ' ', '    ', '   ', '   ', '   ', '   ', '   ', '   ', '   ', '   ', '   ', '    ', '      ', '      ', '      ', '      ', '      ', '    ', '      ', '      ', '      ', '      ', '      ', '    ', 0.000, 0.000, 0.00, 0.00, ' ', '   ', '00:00:00', '    ', ' ', '  ', '                              ', '                              ', 99, '                    ', ' ', 1, '2025-01-01 00:00:00', 1, '2025-05-09 13:29:19', 1),
	(5, 'E1000005', 'IM V50', 'IM V50                                  ', 'IM V50              ', '                    ', '                    ', '                    ', 500000.00, 500000.00, 500000.00, 500000.00, 500000.00, 0.00, 0.00, 0.00, 0.00, 0.00, 0.00, '    ', 1, 6, 22, 0, '   ', ' ', ' ', ' ', ' ', ' ', ' ', ' ', ' ', ' ', 0.000, ' ', 0, '     ', '   ', ' ', ' ', '    ', '   ', '   ', '   ', '   ', '   ', '   ', '   ', '   ', '   ', '    ', '      ', '      ', '      ', '      ', '      ', '    ', '      ', '      ', '      ', '      ', '      ', '    ', 0.000, 0.000, 0.00, 0.00, ' ', '   ', '00:00:00', '    ', ' ', '  ', '                              ', '                              ', 99, '                    ', ' ', 1, '2025-01-01 00:00:00', 1, '2025-05-09 13:29:19', 1),
	(6, 'E1000006', 'IM V100', 'IM V100                                 ', 'IM V100             ', '                    ', '                    ', '                    ', 1000000.00, 1000000.00, 1000000.00, 1000000.00, 1000000.00, 0.00, 0.00, 0.00, 0.00, 0.00, 0.00, '    ', 1, 6, 22, 0, '   ', ' ', ' ', ' ', ' ', ' ', ' ', ' ', ' ', ' ', 0.000, ' ', 0, '     ', '   ', ' ', ' ', '    ', '   ', '   ', '   ', '   ', '   ', '   ', '   ', '   ', '   ', '    ', '      ', '      ', '      ', '      ', '      ', '    ', '      ', '      ', '      ', '      ', '      ', '    ', 0.000, 0.000, 0.00, 0.00, ' ', '   ', '00:00:00', '    ', ' ', '  ', '                              ', '                              ', 99, '                    ', ' ', 1, '2025-01-01 00:00:00', 1, '2025-05-09 13:29:19', 1),
	(7, 'E1000009', 'BNI V10', 'BNI V10                                 ', 'BNI V10             ', '                    ', '                    ', '                    ', 100000.00, 100000.00, 100000.00, 100000.00, 100000.00, 0.00, 0.00, 0.00, 0.00, 0.00, 0.00, '    ', 1, 6, 22, 0, '   ', ' ', ' ', ' ', ' ', ' ', ' ', ' ', ' ', ' ', 0.000, ' ', 0, '     ', '   ', ' ', ' ', '    ', '   ', '   ', '   ', '   ', '   ', '   ', '   ', '   ', '   ', '    ', '      ', '      ', '      ', '      ', '      ', '    ', '      ', '      ', '      ', '      ', '      ', '    ', 0.000, 0.000, 0.00, 0.00, ' ', '   ', '00:00:00', '    ', ' ', '  ', '                              ', '                              ', 99, '                    ', ' ', 1, '2025-01-01 00:00:00', 1, '2025-05-09 13:29:19', 1),
	(8, 'E1000010', 'Reward V 100%', 'Reward V 100%                           ', 'Reward V 100%       ', '                    ', '                    ', '                    ', 0.00, 0.00, 0.00, 0.00, 0.00, 0.00, 0.00, 0.00, 0.00, 0.00, 0.00, '    ', 1, 6, 22, 0, '   ', ' ', ' ', ' ', ' ', ' ', ' ', ' ', ' ', ' ', 0.000, ' ', 2, '10000', '100', '1', '0', '    ', '   ', '   ', '   ', '   ', '   ', '   ', '   ', '   ', '   ', '    ', '      ', '      ', '      ', '      ', '      ', '    ', '      ', '      ', '      ', '      ', '      ', '    ', 0.000, 0.000, 0.00, 0.00, ' ', '   ', '00:00:00', '    ', ' ', '  ', '                              ', '                              ', 99, '                    ', ' ', 1, '2025-01-01 00:00:00', 1, '2025-05-09 13:29:19', 1),
	(9, 'E1000011', 'Reward V 20%', 'Reward V 20%                            ', 'Reward V 20%        ', '                    ', '                    ', '                    ', 0.00, 0.00, 0.00, 0.00, 0.00, 0.00, 0.00, 0.00, 0.00, 0.00, 0.00, '    ', 1, 6, 22, 0, '   ', ' ', ' ', ' ', ' ', ' ', ' ', ' ', ' ', ' ', 0.000, ' ', 2, '10000', '100', '1', '0', '    ', '   ', '   ', '   ', '   ', '   ', '   ', '   ', '   ', '   ', '    ', '      ', '      ', '      ', '      ', '      ', '    ', '      ', '      ', '      ', '      ', '      ', '    ', 0.000, 0.000, 0.00, 0.00, ' ', '   ', '00:00:00', '    ', ' ', '  ', '                              ', '                              ', 99, '                    ', ' ', 1, '2025-01-01 00:00:00', 1, '2025-05-09 13:29:19', 1),
	(10, 'E1000012', 'Imperial Card BNI', 'Imperial Card BNI                       ', 'Imperial Card BNI   ', '                    ', '                    ', '                    ', 0.00, 0.00, 0.00, 0.00, 0.00, 0.00, 0.00, 0.00, 0.00, 0.00, 0.00, '    ', 1, 3, 22, 0, '   ', ' ', ' ', ' ', ' ', ' ', ' ', ' ', ' ', ' ', 0.000, ' ', 0, '     ', '   ', ' ', ' ', '    ', '   ', '   ', '   ', '   ', '   ', '   ', '   ', '   ', '   ', '    ', '      ', '      ', '      ', '      ', '      ', '    ', '      ', '      ', '      ', '      ', '      ', '    ', 0.000, 0.000, 0.00, 0.00, ' ', '   ', '00:00:00', '    ', ' ', '  ', '                              ', '                              ', 99, '                    ', ' ', 1, '2025-01-01 00:00:00', 1, '2025-05-09 13:29:19', 1),
	(11, 'E1000013', 'MFG 50', 'MFG 50                                  ', 'MFG 50              ', '                    ', '                    ', '                    ', 50000.00, 50000.00, 50000.00, 50000.00, 50000.00, 0.00, 0.00, 0.00, 0.00, 0.00, 0.00, '    ', 1, 6, 22, 0, '   ', ' ', ' ', ' ', ' ', ' ', ' ', ' ', ' ', ' ', 0.000, ' ', 4, '10000', '000', '2', '0', '    ', '   ', '   ', '   ', '   ', '   ', '   ', '   ', '   ', '   ', '    ', '      ', '      ', '      ', '      ', '      ', '    ', '      ', '      ', '      ', '      ', '      ', '    ', 0.000, 0.000, 0.00, 0.00, ' ', '   ', '00:00:00', '    ', ' ', '  ', '                              ', '                              ', 99, '                    ', ' ', 1, '2025-01-01 00:00:00', 1, '2025-05-09 13:29:19', 1),
	(12, 'E1000014', 'MFG 100', 'MFG 100                                 ', 'MFG 100             ', '                    ', '                    ', '                    ', 100000.00, 100000.00, 100000.00, 100000.00, 100000.00, 0.00, 0.00, 0.00, 0.00, 0.00, 0.00, '    ', 1, 6, 22, 0, '   ', ' ', ' ', ' ', ' ', ' ', ' ', ' ', ' ', ' ', 0.000, ' ', 4, '10000', '000', '2', '0', '    ', '   ', '   ', '   ', '   ', '   ', '   ', '   ', '   ', '   ', '    ', '      ', '      ', '      ', '      ', '      ', '    ', '      ', '      ', '      ', '      ', '      ', '    ', 0.000, 0.000, 0.00, 0.00, ' ', '   ', '00:00:00', '    ', ' ', '  ', '                              ', '                              ', 99, '                    ', ' ', 1, '2025-01-01 00:00:00', 1, '2025-05-09 13:29:19', 1),
	(13, 'E1000015', 'MFG 250', 'MFG 250                                 ', 'MFG 250             ', '                    ', '                    ', '                    ', 250000.00, 250000.00, 250000.00, 250000.00, 250000.00, 0.00, 0.00, 0.00, 0.00, 0.00, 0.00, '    ', 1, 6, 22, 0, '   ', ' ', ' ', ' ', ' ', ' ', ' ', ' ', ' ', ' ', 0.000, ' ', 0, '     ', '   ', ' ', ' ', '    ', '   ', '   ', '   ', '   ', '   ', '   ', '   ', '   ', '   ', '    ', '      ', '      ', '      ', '      ', '      ', '    ', '      ', '      ', '      ', '      ', '      ', '    ', 0.000, 0.000, 0.00, 0.00, ' ', '   ', '00:00:00', '    ', ' ', '  ', '                              ', '                              ', 99, '                    ', ' ', 1, '2025-01-01 00:00:00', 1, '2025-05-09 13:29:19', 1),
	(14, 'E1000016', 'COUPON MENU BNI', 'COUPON MENU BNI                         ', 'COUPON MENU BNI     ', '                    ', '                    ', '                    ', 100000.00, 100000.00, 100000.00, 100000.00, 100000.00, 0.00, 0.00, 0.00, 0.00, 0.00, 0.00, '    ', 1, 6, 22, 0, '   ', ' ', ' ', ' ', ' ', ' ', ' ', ' ', ' ', ' ', 0.000, ' ', 5, '10000', '100', '2', '2', '    ', '   ', '   ', '   ', '   ', '   ', '   ', '   ', '   ', '   ', '    ', '      ', '      ', '      ', '      ', '      ', '    ', '      ', '      ', '      ', '      ', '      ', '    ', 0.000, 0.000, 0.00, 0.00, ' ', '   ', '00:00:00', '    ', ' ', '  ', '                              ', '                              ', 99, '                    ', ' ', 1, '2025-01-01 00:00:00', 1, '2025-05-09 13:29:19', 1),
	(15, 'E1000017', 'IMPERIAL CARD 50', 'IMPERIAL CARD 50                        ', 'IMPERIAL CARD 50    ', '                    ', '                    ', '                    ', 50000.00, 50000.00, 50000.00, 50000.00, 50000.00, 0.00, 0.00, 0.00, 0.00, 0.00, 0.00, '    ', 1, 3, 22, 0, '   ', ' ', ' ', ' ', ' ', ' ', ' ', ' ', ' ', ' ', 0.000, ' ', 2, '10000', '100', '1', '0', '    ', '   ', '   ', '   ', '   ', '   ', '   ', '   ', '   ', '   ', '    ', '      ', '      ', '      ', '      ', '      ', '    ', '      ', '      ', '      ', '      ', '      ', '    ', 0.000, 0.000, 0.00, 0.00, ' ', '   ', '00:00:00', '    ', ' ', '  ', '                              ', '                              ', 99, '                    ', ' ', 1, '2025-01-01 00:00:00', 1, '2025-05-09 13:29:19', 1),
	(16, 'E1000018', 'IMPERIAL CARD MGM', 'IMPERIAL CARD MGM                       ', 'IMPERIAL CARD MGM   ', '                    ', '                    ', '                    ', 50000.00, 50000.00, 50000.00, 50000.00, 50000.00, 0.00, 0.00, 0.00, 0.00, 0.00, 0.00, '    ', 1, 3, 22, 0, '   ', ' ', ' ', ' ', ' ', ' ', ' ', ' ', ' ', ' ', 0.000, ' ', 2, '10000', '100', '1', '0', '    ', '   ', '   ', '   ', '   ', '   ', '   ', '   ', '   ', '   ', '    ', '      ', '      ', '      ', '      ', '      ', '    ', '      ', '      ', '      ', '      ', '      ', '    ', 0.000, 0.000, 0.00, 0.00, ' ', '   ', '00:00:00', '    ', ' ', '  ', '                              ', '                              ', 99, '                    ', ' ', 1, '2025-01-01 00:00:00', 1, '2025-05-09 13:29:19', 1),
	(17, 'E1000019', 'TOP UP ICLUB', 'TOP UP ICLUB                            ', 'TOP UP ICLUB        ', '                    ', '                    ', '                    ', 0.00, 0.00, 0.00, 0.00, 0.00, 0.00, 0.00, 0.00, 0.00, 0.00, 0.00, '    ', 1, 6, 22, 0, '   ', ' ', ' ', ' ', '1', ' ', ' ', ' ', ' ', ' ', 0.000, ' ', 0, '     ', '   ', ' ', ' ', '    ', '   ', '   ', '   ', '   ', '   ', '   ', '   ', '   ', '   ', '    ', '      ', '      ', '      ', '      ', '      ', '    ', '      ', '      ', '      ', '      ', '      ', '    ', 0.000, 0.000, 0.00, 0.00, ' ', '   ', '00:00:00', '    ', ' ', '  ', '                              ', '                              ', 99, '                    ', ' ', 1, '2025-01-01 00:00:00', 1, '2025-05-09 13:29:19', 1),
	(18, 'IKAP2001', 'BUNCIS GRG TLR ASIN', 'BUNCIS GRG TLR ASIN                     ', 'BUNCIS GRG TLR ASIN ', '                    ', '                    ', '                    ', 43900.00, 43900.00, 43900.00, 43900.00, 43900.00, 0.00, 0.00, 0.00, 0.00, 0.00, 0.00, '    ', 1, 2, 1, 0, 'F01', ' ', ' ', ' ', ' ', ' ', ' ', ' ', ' ', ' ', 0.000, ' ', 1, '10000', '100', '1', '1', '0001', '001', '004', '005', '   ', '   ', '   ', '   ', '   ', '   ', '    ', '      ', '      ', '      ', '      ', '      ', '    ', '      ', '      ', '      ', '      ', '      ', '    ', 0.000, 0.000, 0.00, 0.00, ' ', '   ', '00:00:00', '    ', ' ', '  ', '                              ', '                              ', 99, '                    ', ' ', 1, '2025-01-01 00:00:00', 1, '2025-05-09 13:29:19', 1),
	(19, 'IKAP2002', 'JMR THU GRG LD GRM', 'JMR THU GRG LD GRM                      ', 'JMR THU GRG LD GRM  ', '                    ', '                    ', '                    ', 36900.00, 36900.00, 36900.00, 36900.00, 36900.00, 0.00, 0.00, 0.00, 0.00, 0.00, 0.00, '    ', 1, 2, 1, 0, 'F01', ' ', ' ', ' ', ' ', ' ', ' ', ' ', ' ', ' ', 0.000, ' ', 1, '10000', '100', '1', '1', '0001', '001', '004', '005', '   ', '   ', '   ', '   ', '   ', '   ', '    ', '      ', '      ', '      ', '      ', '      ', '    ', '      ', '      ', '      ', '      ', '      ', '    ', 0.000, 0.000, 0.00, 0.00, ' ', '   ', '00:00:00', '    ', ' ', '  ', '                              ', '                              ', 99, '                    ', ' ', 1, '2025-01-01 00:00:00', 1, '2025-05-09 13:29:19', 1),
	(20, 'IKAP2003', 'ENOKI GRG LD GRM', 'ENOKI GRG LD GRM                        ', 'ENOKI GRG LD GRM    ', '                    ', '                    ', '                    ', 36900.00, 36900.00, 36900.00, 36900.00, 36900.00, 0.00, 0.00, 0.00, 0.00, 0.00, 0.00, '    ', 1, 2, 1, 0, 'F01', ' ', ' ', ' ', ' ', ' ', ' ', ' ', ' ', ' ', 0.000, ' ', 1, '10000', '100', '1', '1', '0001', '001', '004', '005', '   ', '   ', '   ', '   ', '   ', '   ', '    ', '      ', '      ', '      ', '      ', '      ', '    ', '      ', '      ', '      ', '      ', '      ', '    ', 0.000, 0.000, 0.00, 0.00, ' ', '   ', '00:00:00', '    ', ' ', '  ', '                              ', '                              ', 99, '                    ', ' ', 1, '2025-01-01 00:00:00', 1, '2025-05-09 13:29:19', 1),
	(21, 'IKAP2004', 'SYP AYM GRG BWG PTH', 'SYP AYM GRG BWG PTH                     ', 'SYP AYM GRG BWG PTH ', '                    ', '                    ', '                    ', 43900.00, 43900.00, 43900.00, 43900.00, 43900.00, 0.00, 0.00, 0.00, 0.00, 0.00, 0.00, '    ', 1, 2, 1, 0, 'F01', ' ', ' ', ' ', ' ', ' ', ' ', ' ', ' ', ' ', 0.000, ' ', 1, '10000', '100', '1', '1', '0001', '001', '004', '005', '   ', '   ', '   ', '   ', '   ', '   ', '    ', '      ', '      ', '      ', '      ', '      ', '    ', '      ', '      ', '      ', '      ', '      ', '    ', 0.000, 0.000, 0.00, 0.00, ' ', '   ', '00:00:00', '    ', ' ', '  ', '                              ', '                              ', 99, '                    ', ' ', 1, '2025-01-01 00:00:00', 1, '2025-05-09 13:29:19', 1),
	(22, 'IKAP2005', 'TAHU GRG TELUR ASIN', 'TAHU GRG TELUR ASIN                     ', 'TAHU GRG TLR ASIN   ', '                    ', '                    ', '                    ', 48900.00, 48900.00, 48900.00, 48900.00, 48900.00, 0.00, 0.00, 0.00, 0.00, 0.00, 0.00, '    ', 1, 2, 1, 0, 'F01', ' ', ' ', ' ', ' ', ' ', ' ', ' ', ' ', ' ', 0.000, ' ', 1, '10000', '100', '1', '1', '0001', '001', '004', '005', '   ', '   ', '   ', '   ', '   ', '   ', '    ', '      ', '      ', '      ', '      ', '      ', '    ', '      ', '      ', '      ', '      ', '      ', '    ', 0.000, 0.000, 0.00, 0.00, ' ', '   ', '00:00:00', '    ', ' ', '  ', '                              ', '                              ', 99, '                    ', ' ', 1, '2025-01-01 00:00:00', 1, '2025-05-09 13:29:19', 1),
	(23, 'IKAP2006', 'TAHU GRG LADA GRM', 'TAHU GRG LADA GRM                       ', 'TAHU GRG LD GRM     ', '                    ', '                    ', '                    ', 36900.00, 36900.00, 36900.00, 36900.00, 36900.00, 0.00, 0.00, 0.00, 0.00, 0.00, 0.00, '    ', 1, 2, 1, 0, 'F01', ' ', ' ', ' ', ' ', ' ', ' ', ' ', ' ', ' ', 0.000, ' ', 1, '10000', '100', '1', '1', '0001', '001', '004', '005', '   ', '   ', '   ', '   ', '   ', '   ', '    ', '      ', '      ', '      ', '      ', '      ', '    ', '      ', '      ', '      ', '      ', '      ', '    ', 0.000, 0.000, 0.00, 0.00, ' ', '   ', '00:00:00', '    ', ' ', '  ', '                              ', '                              ', 99, '                    ', ' ', 1, '2025-01-01 00:00:00', 1, '2025-05-09 13:29:19', 1),
	(24, 'IKCM2001', 'MANGGO KYOTO', 'MANGGO KYOTO                            ', 'MANGGO KYOTO        ', '                    ', '                    ', '                    ', 31900.00, 31900.00, 31900.00, 31900.00, 31900.00, 0.00, 0.00, 0.00, 0.00, 0.00, 0.00, '    ', 1, 1, 5, 0, 'D01', ' ', ' ', ' ', ' ', ' ', ' ', ' ', ' ', ' ', 0.000, ' ', 1, '10000', '100', '1', '1', '0003', '001', '004', '   ', '   ', '   ', '   ', '   ', '   ', '   ', '    ', '      ', '      ', '      ', '      ', '      ', '    ', '      ', '      ', '      ', '      ', '      ', '    ', 0.000, 0.000, 0.00, 0.00, ' ', '   ', '00:00:00', '    ', ' ', '  ', '                              ', '                              ', 99, '                    ', ' ', 1, '2025-01-01 00:00:00', 1, '2025-05-09 13:29:19', 1),
	(25, 'IKCM2002', 'PASSION CCNT DELIGHT', 'PASSION CCNT DELIGHT                    ', 'PASSION CCNT DELIGHT', '                    ', '                    ', '                    ', 29900.00, 29900.00, 29900.00, 29900.00, 29900.00, 0.00, 0.00, 0.00, 0.00, 0.00, 0.00, '    ', 1, 1, 5, 0, 'D01', ' ', ' ', ' ', ' ', ' ', ' ', ' ', ' ', ' ', 0.000, ' ', 1, '10000', '100', '1', '1', '0003', '001', '004', '   ', '   ', '   ', '   ', '   ', '   ', '   ', '    ', '      ', '      ', '      ', '      ', '      ', '    ', '      ', '      ', '      ', '      ', '      ', '    ', 0.000, 0.000, 0.00, 0.00, ' ', '   ', '00:00:00', '    ', ' ', '  ', '                              ', '                              ', 99, '                    ', ' ', 1, '2025-01-01 00:00:00', 1, '2025-05-09 13:29:19', 1),
	(26, 'IKCM2003', 'STRAWBERRY MOJITO', 'STRAWBERRY MOJITO                       ', 'STRAWBERRY MOJITO   ', '                    ', '                    ', '                    ', 41900.00, 41900.00, 41900.00, 41900.00, 41900.00, 0.00, 0.00, 0.00, 0.00, 0.00, 0.00, '    ', 1, 1, 5, 0, 'D01', ' ', ' ', ' ', ' ', ' ', ' ', ' ', ' ', ' ', 0.000, ' ', 1, '10000', '100', '1', '1', '0003', '001', '004', '   ', '   ', '   ', '   ', '   ', '   ', '   ', '    ', '      ', '      ', '      ', '      ', '      ', '    ', '      ', '      ', '      ', '      ', '      ', '    ', 0.000, 0.000, 0.00, 0.00, ' ', '   ', '00:00:00', '    ', ' ', '  ', '                              ', '                              ', 99, '                    ', ' ', 1, '2025-01-01 00:00:00', 1, '2025-05-09 13:29:19', 1),
	(27, 'IKCR2001', 'SIEW MAI BOBA', 'SIEW MAI BOBA                           ', 'SIEW MAI BOBA       ', '                    ', '                    ', '                    ', 27900.00, 27900.00, 27900.00, 27900.00, 27900.00, 0.00, 0.00, 0.00, 0.00, 0.00, 0.00, '    ', 1, 2, 7, 0, 'F01', ' ', ' ', ' ', ' ', ' ', ' ', ' ', ' ', ' ', 0.000, ' ', 1, '10000', '100', '1', '1', '0002', '001', '003', '   ', '   ', '   ', '   ', '   ', '   ', '   ', '    ', '      ', '      ', '      ', '      ', '      ', '    ', '      ', '      ', '      ', '      ', '      ', '    ', 0.000, 0.000, 0.00, 0.00, ' ', '   ', '00:00:00', '    ', ' ', '  ', '                              ', '                              ', 99, '                    ', ' ', 1, '2025-01-01 00:00:00', 1, '2025-05-09 13:29:19', 1),
	(28, 'IKCR2002', 'TIM UDG SRG BURUNG', 'TIM UDG SRG BURUNG                      ', 'TIM UDG SRG BURUNG  ', '                    ', '                    ', '                    ', 28900.00, 28900.00, 28900.00, 28900.00, 28900.00, 0.00, 0.00, 0.00, 0.00, 0.00, 0.00, '    ', 1, 2, 7, 0, 'F01', ' ', ' ', ' ', ' ', ' ', ' ', ' ', ' ', ' ', 0.000, ' ', 1, '10000', '100', '1', '1', '0002', '001', '003', '   ', '   ', '   ', '   ', '   ', '   ', '   ', '    ', '      ', '      ', '      ', '      ', '      ', '    ', '      ', '      ', '      ', '      ', '      ', '    ', 0.000, 0.000, 0.00, 0.00, ' ', '   ', '00:00:00', '    ', ' ', '  ', '                              ', '                              ', 99, '                    ', ' ', 1, '2025-01-01 00:00:00', 1, '2025-05-09 13:29:19', 1),
	(29, 'IKCR2003', 'NS GRG SAPI PDS', 'NS GRG SAPI PDS                         ', 'NS GRG SAPI PDS     ', '                    ', '                    ', '                    ', 46900.00, 46900.00, 46900.00, 46900.00, 46900.00, 0.00, 0.00, 0.00, 0.00, 0.00, 0.00, '    ', 1, 2, 7, 0, 'F01', ' ', ' ', ' ', ' ', ' ', ' ', ' ', ' ', ' ', 0.000, ' ', 1, '10000', '100', '1', '1', '0001', '001', '004', '005', '   ', '   ', '   ', '   ', '   ', '   ', '    ', '      ', '      ', '      ', '      ', '      ', '    ', '      ', '      ', '      ', '      ', '      ', '    ', 0.000, 0.000, 0.00, 0.00, ' ', '   ', '00:00:00', '    ', ' ', '  ', '                              ', '                              ', 99, '                    ', ' ', 1, '2025-01-01 00:00:00', 1, '2025-05-09 13:29:19', 1),
	(30, 'IKCR2004', 'KW UDG KUAH PDS', 'KW UDG KUAH PDS                         ', 'KW UDG KUAH PDS     ', '                    ', '                    ', '                    ', 49900.00, 49900.00, 49900.00, 49900.00, 49900.00, 0.00, 0.00, 0.00, 0.00, 0.00, 0.00, '    ', 1, 2, 7, 0, 'F01', ' ', ' ', ' ', ' ', ' ', ' ', ' ', ' ', ' ', 0.000, ' ', 1, '10000', '100', '1', '1', '0001', '001', '004', '005', '   ', '   ', '   ', '   ', '   ', '   ', '    ', '      ', '      ', '      ', '      ', '      ', '    ', '      ', '      ', '      ', '      ', '      ', '    ', 0.000, 0.000, 0.00, 0.00, ' ', '   ', '00:00:00', '    ', ' ', '  ', '                              ', '                              ', 99, '                    ', ' ', 1, '2025-01-01 00:00:00', 1, '2025-05-09 13:29:19', 1),
	(31, 'IKCR2005', 'BAKSO UDG KEJU', 'BAKSO UDG KEJU                          ', 'BAKSO UDG KEJU      ', '                    ', '                    ', '                    ', 26900.00, 26900.00, 26900.00, 26900.00, 26900.00, 0.00, 0.00, 0.00, 0.00, 0.00, 0.00, '    ', 1, 2, 7, 0, 'F01', ' ', ' ', ' ', ' ', ' ', ' ', ' ', ' ', ' ', 0.000, ' ', 1, '10000', '100', '1', '1', '0002', '001', '003', '   ', '   ', '   ', '   ', '   ', '   ', '   ', '    ', '      ', '      ', '      ', '      ', '      ', '    ', '      ', '      ', '      ', '      ', '      ', '    ', 0.000, 0.000, 0.00, 0.00, ' ', '   ', '00:00:00', '    ', ' ', '  ', '                              ', '                              ', 99, '                    ', ' ', 1, '2025-01-01 00:00:00', 1, '2025-05-09 13:29:19', 1),
	(32, 'IKCR2006', 'OREO GRG', 'OREO GRG                                ', 'OREO GRG            ', '                    ', '                    ', '                    ', 19900.00, 19900.00, 19900.00, 19900.00, 19900.00, 0.00, 0.00, 0.00, 0.00, 0.00, 0.00, '    ', 1, 2, 7, 0, 'F01', ' ', ' ', ' ', ' ', ' ', ' ', ' ', ' ', ' ', 0.000, ' ', 1, '10000', '100', '1', '1', '0002', '001', '003', '   ', '   ', '   ', '   ', '   ', '   ', '   ', '    ', '      ', '      ', '      ', '      ', '      ', '    ', '      ', '      ', '      ', '      ', '      ', '    ', 0.000, 0.000, 0.00, 0.00, ' ', '   ', '00:00:00', '    ', ' ', '  ', '                              ', '                              ', 99, '                    ', ' ', 1, '2025-01-01 00:00:00', 1, '2025-05-09 13:29:19', 1),
	(33, 'IKCR2007', 'KW KUAH SAPI', 'KW KUAH SAPI                            ', 'KW KUAH SAPI        ', '                    ', '                    ', '                    ', 55900.00, 55900.00, 55900.00, 55900.00, 55900.00, 0.00, 0.00, 0.00, 0.00, 0.00, 0.00, '    ', 1, 2, 7, 0, 'F01', ' ', ' ', ' ', ' ', ' ', ' ', ' ', ' ', ' ', 0.000, ' ', 1, '10000', '100', '1', '1', '0001', '001', '004', '005', '   ', '   ', '   ', '   ', '   ', '   ', '    ', '      ', '      ', '      ', '      ', '      ', '    ', '      ', '      ', '      ', '      ', '      ', '    ', 0.000, 0.000, 0.00, 0.00, ' ', '   ', '00:00:00', '    ', ' ', '  ', '                              ', '                              ', 99, '                    ', ' ', 1, '2025-01-01 00:00:00', 1, '2025-05-09 13:29:19', 1),
	(34, 'IKCR2008', 'NS TIM AYM PDS', 'NS TIM AYM PDS                          ', 'NS TIM AYM PDS      ', '                    ', '                    ', '                    ', 42900.00, 42900.00, 42900.00, 42900.00, 42900.00, 0.00, 0.00, 0.00, 0.00, 0.00, 0.00, '    ', 1, 2, 7, 0, 'F01', ' ', ' ', ' ', ' ', ' ', ' ', ' ', ' ', ' ', 0.000, ' ', 1, '10000', '100', '1', '1', '0001', '001', '004', '005', '   ', '   ', '   ', '   ', '   ', '   ', '    ', '      ', '      ', '      ', '      ', '      ', '    ', '      ', '      ', '      ', '      ', '      ', '    ', 0.000, 0.000, 0.00, 0.00, ' ', '   ', '00:00:00', '    ', ' ', '  ', '                              ', '                              ', 99, '                    ', ' ', 1, '2025-01-01 00:00:00', 1, '2025-05-09 13:29:19', 1),
	(35, 'IKCS2001', 'BUBUR 1 RASA AYM', 'BUBUR 1 RASA AYM                        ', 'BUBUR 1 RASA AYM    ', '                    ', '                    ', '                    ', 30900.00, 30900.00, 30900.00, 30900.00, 30900.00, 0.00, 0.00, 0.00, 0.00, 0.00, 0.00, '    ', 1, 2, 9, 0, 'F01', ' ', ' ', ' ', ' ', ' ', ' ', ' ', ' ', ' ', 0.000, ' ', 1, '10000', '100', '1', '1', '0001', '001', '004', '005', '   ', '   ', '   ', '   ', '   ', '   ', '    ', '      ', '      ', '      ', '      ', '      ', '    ', '      ', '      ', '      ', '      ', '      ', '    ', 0.000, 0.000, 0.00, 0.00, ' ', '   ', '00:00:00', '    ', ' ', '  ', '                              ', '                              ', 99, '                    ', ' ', 1, '2025-01-01 00:00:00', 1, '2025-05-09 13:29:19', 1),
	(36, 'IKCS2002', 'BUBUR 1 RASA IKAN', 'BUBUR 1 RASA IKAN                       ', 'BUBUR 1 RASA IKAN   ', '                    ', '                    ', '                    ', 30900.00, 30900.00, 30900.00, 30900.00, 30900.00, 0.00, 0.00, 0.00, 0.00, 0.00, 0.00, '    ', 1, 2, 9, 0, 'F01', ' ', ' ', ' ', ' ', ' ', ' ', ' ', ' ', ' ', 0.000, ' ', 1, '10000', '100', '1', '1', '0001', '001', '004', '005', '   ', '   ', '   ', '   ', '   ', '   ', '    ', '      ', '      ', '      ', '      ', '      ', '    ', '      ', '      ', '      ', '      ', '      ', '    ', 0.000, 0.000, 0.00, 0.00, ' ', '   ', '00:00:00', '    ', ' ', '  ', '                              ', '                              ', 99, '                    ', ' ', 1, '2025-01-01 00:00:00', 1, '2025-05-09 13:29:19', 1),
	(37, 'IKCS2003', 'BUBUR 1 RASA PHITAN', 'BUBUR 1 RASA PHITAN                     ', 'BUBUR 1 RASA PHITAN ', '                    ', '                    ', '                    ', 30900.00, 30900.00, 30900.00, 30900.00, 30900.00, 0.00, 0.00, 0.00, 0.00, 0.00, 0.00, '    ', 1, 2, 9, 0, 'F01', ' ', ' ', ' ', ' ', ' ', ' ', ' ', ' ', ' ', 0.000, ' ', 1, '10000', '100', '1', '1', '0001', '001', '004', '005', '   ', '   ', '   ', '   ', '   ', '   ', '    ', '      ', '      ', '      ', '      ', '      ', '    ', '      ', '      ', '      ', '      ', '      ', '    ', 0.000, 0.000, 0.00, 0.00, ' ', '   ', '00:00:00', '    ', ' ', '  ', '                              ', '                              ', 99, '                    ', ' ', 1, '2025-01-01 00:00:00', 1, '2025-05-09 13:29:19', 1),
	(38, 'IKCS2004', 'BUBUR 1 RASA UDANG', 'BUBUR 1 RASA UDANG                      ', 'BUBUR 1 RASA UDANG  ', '                    ', '                    ', '                    ', 30900.00, 30900.00, 30900.00, 30900.00, 30900.00, 0.00, 0.00, 0.00, 0.00, 0.00, 0.00, '    ', 1, 2, 9, 0, 'F01', ' ', ' ', ' ', ' ', ' ', ' ', ' ', ' ', ' ', 0.000, ' ', 1, '10000', '100', '1', '1', '0001', '001', '004', '005', '   ', '   ', '   ', '   ', '   ', '   ', '    ', '      ', '      ', '      ', '      ', '      ', '    ', '      ', '      ', '      ', '      ', '      ', '    ', 0.000, 0.000, 0.00, 0.00, ' ', '   ', '00:00:00', '    ', ' ', '  ', '                              ', '                              ', 99, '                    ', ' ', 1, '2025-01-01 00:00:00', 1, '2025-05-09 13:29:19', 1),
	(39, 'IKCS2005', 'BUBUR 2 RASA AI', 'BUBUR 2 RASA AI                         ', 'BUBUR 2 RASA AI     ', '                    ', '                    ', '                    ', 36900.00, 36900.00, 36900.00, 36900.00, 36900.00, 0.00, 0.00, 0.00, 0.00, 0.00, 0.00, '    ', 1, 2, 9, 0, 'F01', ' ', ' ', ' ', ' ', ' ', ' ', ' ', ' ', ' ', 0.000, ' ', 1, '10000', '100', '1', '1', '0001', '001', '004', '005', '   ', '   ', '   ', '   ', '   ', '   ', '    ', '      ', '      ', '      ', '      ', '      ', '    ', '      ', '      ', '      ', '      ', '      ', '    ', 0.000, 0.000, 0.00, 0.00, ' ', '   ', '00:00:00', '    ', ' ', '  ', '                              ', '                              ', 99, '                    ', ' ', 1, '2025-01-01 00:00:00', 1, '2025-05-09 13:29:19', 1),
	(40, 'IKCS2006', 'BUBUR 2 RASA AP', 'BUBUR 2 RASA AP                         ', 'BUBUR 2 RASA AP     ', '                    ', '                    ', '                    ', 36900.00, 36900.00, 36900.00, 36900.00, 36900.00, 0.00, 0.00, 0.00, 0.00, 0.00, 0.00, '    ', 1, 2, 9, 0, 'F01', ' ', ' ', ' ', ' ', ' ', ' ', ' ', ' ', ' ', 0.000, ' ', 1, '10000', '100', '1', '1', '0001', '001', '004', '005', '   ', '   ', '   ', '   ', '   ', '   ', '    ', '      ', '      ', '      ', '      ', '      ', '    ', '      ', '      ', '      ', '      ', '      ', '    ', 0.000, 0.000, 0.00, 0.00, ' ', '   ', '00:00:00', '    ', ' ', '  ', '                              ', '                              ', 99, '                    ', ' ', 1, '2025-01-01 00:00:00', 1, '2025-05-09 13:29:19', 1),
	(41, 'IKCS2007', 'BUBUR 2 RASA AU', 'BUBUR 2 RASA AU                         ', 'BUBUR 2 RASA AU     ', '                    ', '                    ', '                    ', 36900.00, 36900.00, 36900.00, 36900.00, 36900.00, 0.00, 0.00, 0.00, 0.00, 0.00, 0.00, '    ', 1, 2, 9, 0, 'F01', ' ', ' ', ' ', ' ', ' ', ' ', ' ', ' ', ' ', 0.000, ' ', 1, '10000', '100', '1', '1', '0001', '001', '004', '005', '   ', '   ', '   ', '   ', '   ', '   ', '    ', '      ', '      ', '      ', '      ', '      ', '    ', '      ', '      ', '      ', '      ', '      ', '    ', 0.000, 0.000, 0.00, 0.00, ' ', '   ', '00:00:00', '    ', ' ', '  ', '                              ', '                              ', 99, '                    ', ' ', 1, '2025-01-01 00:00:00', 1, '2025-05-09 13:29:19', 1),
	(42, 'IKCS2008', 'BUBUR 2 RASA I P', 'BUBUR 2 RASA I P                        ', 'BUBUR 2 RASA I P    ', '                    ', '                    ', '                    ', 36900.00, 36900.00, 36900.00, 36900.00, 36900.00, 0.00, 0.00, 0.00, 0.00, 0.00, 0.00, '    ', 1, 2, 9, 0, 'F01', ' ', ' ', ' ', ' ', ' ', ' ', ' ', ' ', ' ', 0.000, ' ', 1, '10000', '100', '1', '1', '0001', '001', '004', '005', '   ', '   ', '   ', '   ', '   ', '   ', '    ', '      ', '      ', '      ', '      ', '      ', '    ', '      ', '      ', '      ', '      ', '      ', '    ', 0.000, 0.000, 0.00, 0.00, ' ', '   ', '00:00:00', '    ', ' ', '  ', '                              ', '                              ', 99, '                    ', ' ', 1, '2025-01-01 00:00:00', 1, '2025-05-09 13:29:19', 1),
	(43, 'IKCS2009', 'BUBUR 2 RASA I U', 'BUBUR 2 RASA I U                        ', 'BUBUR 2 RASA I U    ', '                    ', '                    ', '                    ', 36900.00, 36900.00, 36900.00, 36900.00, 36900.00, 0.00, 0.00, 0.00, 0.00, 0.00, 0.00, '    ', 1, 2, 9, 0, 'F01', ' ', ' ', ' ', ' ', ' ', ' ', ' ', ' ', ' ', 0.000, ' ', 1, '10000', '100', '1', '1', '0001', '001', '004', '005', '   ', '   ', '   ', '   ', '   ', '   ', '    ', '      ', '      ', '      ', '      ', '      ', '    ', '      ', '      ', '      ', '      ', '      ', '    ', 0.000, 0.000, 0.00, 0.00, ' ', '   ', '00:00:00', '    ', ' ', '  ', '                              ', '                              ', 99, '                    ', ' ', 1, '2025-01-01 00:00:00', 1, '2025-05-09 13:29:19', 1),
	(44, 'IKCS2010', 'BUBUR 2 RASA PU', 'BUBUR 2 RASA PU                         ', 'BUBUR 2 RASA PU     ', '                    ', '                    ', '                    ', 36900.00, 36900.00, 36900.00, 36900.00, 36900.00, 0.00, 0.00, 0.00, 0.00, 0.00, 0.00, '    ', 1, 2, 9, 0, 'F01', ' ', ' ', ' ', ' ', ' ', ' ', ' ', ' ', ' ', 0.000, ' ', 1, '10000', '100', '1', '1', '0001', '001', '004', '005', '   ', '   ', '   ', '   ', '   ', '   ', '    ', '      ', '      ', '      ', '      ', '      ', '    ', '      ', '      ', '      ', '      ', '      ', '    ', 0.000, 0.000, 0.00, 0.00, ' ', '   ', '00:00:00', '    ', ' ', '  ', '                              ', '                              ', 99, '                    ', ' ', 1, '2025-01-01 00:00:00', 1, '2025-05-09 13:29:19', 1),
	(45, 'IKCS2011', 'BUBUR 3 RASA AIP', 'BUBUR 3 RASA AIP                        ', 'BUBUR 3 RASA AIP    ', '                    ', '                    ', '                    ', 42900.00, 42900.00, 42900.00, 42900.00, 42900.00, 0.00, 0.00, 0.00, 0.00, 0.00, 0.00, '    ', 1, 2, 9, 0, 'F01', ' ', ' ', ' ', ' ', ' ', ' ', ' ', ' ', ' ', 0.000, ' ', 1, '10000', '100', '1', '1', '0001', '001', '004', '005', '   ', '   ', '   ', '   ', '   ', '   ', '    ', '      ', '      ', '      ', '      ', '      ', '    ', '      ', '      ', '      ', '      ', '      ', '    ', 0.000, 0.000, 0.00, 0.00, ' ', '   ', '00:00:00', '    ', ' ', '  ', '                              ', '                              ', 99, '                    ', ' ', 1, '2025-01-01 00:00:00', 1, '2025-05-09 13:29:19', 1),
	(46, 'IKCS2012', 'BUBUR 3 RASA AIU', 'BUBUR 3 RASA AIU                        ', 'BUBUR 3 RASA AIU    ', '                    ', '                    ', '                    ', 42900.00, 42900.00, 42900.00, 42900.00, 42900.00, 0.00, 0.00, 0.00, 0.00, 0.00, 0.00, '    ', 1, 2, 9, 0, 'F01', ' ', ' ', ' ', ' ', ' ', ' ', ' ', ' ', ' ', 0.000, ' ', 1, '10000', '100', '1', '1', '0001', '001', '004', '005', '   ', '   ', '   ', '   ', '   ', '   ', '    ', '      ', '      ', '      ', '      ', '      ', '    ', '      ', '      ', '      ', '      ', '      ', '    ', 0.000, 0.000, 0.00, 0.00, ' ', '   ', '00:00:00', '    ', ' ', '  ', '                              ', '                              ', 99, '                    ', ' ', 1, '2025-01-01 00:00:00', 1, '2025-05-09 13:29:19', 1),
	(47, 'IKCS2013', 'BUBUR 3 RASA APU', 'BUBUR 3 RASA APU                        ', 'BUBUR 3 RASA APU    ', '                    ', '                    ', '                    ', 42900.00, 42900.00, 42900.00, 42900.00, 42900.00, 0.00, 0.00, 0.00, 0.00, 0.00, 0.00, '    ', 1, 2, 9, 0, 'F01', ' ', ' ', ' ', ' ', ' ', ' ', ' ', ' ', ' ', 0.000, ' ', 1, '10000', '100', '1', '1', '0001', '001', '004', '005', '   ', '   ', '   ', '   ', '   ', '   ', '    ', '      ', '      ', '      ', '      ', '      ', '    ', '      ', '      ', '      ', '      ', '      ', '    ', 0.000, 0.000, 0.00, 0.00, ' ', '   ', '00:00:00', '    ', ' ', '  ', '                              ', '                              ', 99, '                    ', ' ', 1, '2025-01-01 00:00:00', 1, '2025-05-09 13:29:19', 1),
	(48, 'IKCS2014', 'BUBUR 3 RASA IPU', 'BUBUR 3 RASA IPU                        ', 'BUBUR 3 RASA IPU    ', '                    ', '                    ', '                    ', 42900.00, 42900.00, 42900.00, 42900.00, 42900.00, 0.00, 0.00, 0.00, 0.00, 0.00, 0.00, '    ', 1, 2, 9, 0, 'F01', ' ', ' ', ' ', ' ', ' ', ' ', ' ', ' ', ' ', 0.000, ' ', 1, '10000', '100', '1', '1', '0001', '001', '004', '005', '   ', '   ', '   ', '   ', '   ', '   ', '    ', '      ', '      ', '      ', '      ', '      ', '    ', '      ', '      ', '      ', '      ', '      ', '    ', 0.000, 0.000, 0.00, 0.00, ' ', '   ', '00:00:00', '    ', ' ', '  ', '                              ', '                              ', 99, '                    ', ' ', 1, '2025-01-01 00:00:00', 1, '2025-05-09 13:29:19', 1),
	(49, 'IKCS2015', 'ADD CHICKEN', 'ADD CHICKEN                             ', 'ADD CHICKEN         ', '                    ', '                    ', '                    ', 10900.00, 10900.00, 10900.00, 10900.00, 10900.00, 0.00, 0.00, 0.00, 0.00, 0.00, 0.00, '    ', 1, 2, 9, 0, 'F01', ' ', ' ', ' ', ' ', ' ', ' ', ' ', ' ', ' ', 0.000, ' ', 1, '10000', '100', '1', '1', '0001', '001', '004', '005', '   ', '   ', '   ', '   ', '   ', '   ', '    ', '      ', '      ', '      ', '      ', '      ', '    ', '      ', '      ', '      ', '      ', '      ', '    ', 0.000, 0.000, 0.00, 0.00, ' ', '   ', '00:00:00', '    ', ' ', '  ', '                              ', '                              ', 99, '                    ', ' ', 1, '2025-01-01 00:00:00', 1, '2025-05-09 13:29:19', 1),
	(50, 'IKCS2016', 'ADD FISH', 'ADD FISH                                ', 'ADD FISH            ', '                    ', '                    ', '                    ', 14900.00, 14900.00, 14900.00, 14900.00, 14900.00, 0.00, 0.00, 0.00, 0.00, 0.00, 0.00, '    ', 1, 2, 9, 0, 'F01', ' ', ' ', ' ', ' ', ' ', ' ', ' ', ' ', ' ', 0.000, ' ', 1, '10000', '100', '1', '1', '0001', '001', '004', '005', '   ', '   ', '   ', '   ', '   ', '   ', '    ', '      ', '      ', '      ', '      ', '      ', '    ', '      ', '      ', '      ', '      ', '      ', '    ', 0.000, 0.000, 0.00, 0.00, ' ', '   ', '00:00:00', '    ', ' ', '  ', '                              ', '                              ', 99, '                    ', ' ', 1, '2025-01-01 00:00:00', 1, '2025-05-09 13:29:19', 1),
	(51, 'IKCS2017', 'ADD PHITAN', 'ADD PHITAN                              ', 'ADD PHITAN          ', '                    ', '                    ', '                    ', 17900.00, 17900.00, 17900.00, 17900.00, 17900.00, 0.00, 0.00, 0.00, 0.00, 0.00, 0.00, '    ', 1, 2, 9, 0, 'F01', ' ', ' ', ' ', ' ', ' ', ' ', ' ', ' ', ' ', 0.000, ' ', 1, '10000', '100', '1', '1', '0001', '001', '004', '005', '   ', '   ', '   ', '   ', '   ', '   ', '    ', '      ', '      ', '      ', '      ', '      ', '    ', '      ', '      ', '      ', '      ', '      ', '    ', 0.000, 0.000, 0.00, 0.00, ' ', '   ', '00:00:00', '    ', ' ', '  ', '                              ', '                              ', 99, '                    ', ' ', 1, '2025-01-01 00:00:00', 1, '2025-05-09 13:29:19', 1),
	(52, 'IKCS2018', 'ADD SHRIMP', 'ADD SHRIMP                              ', 'ADD SHRIMP          ', '                    ', '                    ', '                    ', 22900.00, 22900.00, 22900.00, 22900.00, 22900.00, 0.00, 0.00, 0.00, 0.00, 0.00, 0.00, '    ', 1, 2, 9, 0, 'F01', ' ', ' ', ' ', ' ', ' ', ' ', ' ', ' ', ' ', 0.000, ' ', 1, '10000', '100', '1', '1', '0001', '001', '004', '005', '   ', '   ', '   ', '   ', '   ', '   ', '    ', '      ', '      ', '      ', '      ', '      ', '    ', '      ', '      ', '      ', '      ', '      ', '    ', 0.000, 0.000, 0.00, 0.00, ' ', '   ', '00:00:00', '    ', ' ', '  ', '                              ', '                              ', 99, '                    ', ' ', 1, '2025-01-01 00:00:00', 1, '2025-05-09 13:29:19', 1),
	(53, 'IKCS2019', 'SUP JGG DG AYM', 'SUP JGG DG AYM                          ', 'SUP JGG DG AYM      ', '                    ', '                    ', '                    ', 31900.00, 31900.00, 31900.00, 31900.00, 31900.00, 0.00, 0.00, 0.00, 0.00, 0.00, 0.00, '    ', 1, 2, 9, 0, 'F01', ' ', ' ', ' ', ' ', ' ', ' ', ' ', ' ', ' ', 0.000, ' ', 1, '10000', '100', '1', '1', '0001', '001', '004', '005', '   ', '   ', '   ', '   ', '   ', '   ', '    ', '      ', '      ', '      ', '      ', '      ', '    ', '      ', '      ', '      ', '      ', '      ', '    ', 0.000, 0.000, 0.00, 0.00, ' ', '   ', '00:00:00', '    ', ' ', '  ', '                              ', '                              ', 99, '                    ', ' ', 1, '2025-01-01 00:00:00', 1, '2025-05-09 13:29:19', 1),
	(54, 'IKCS2020', 'SUP KPTG ASPRGS', 'SUP KPTG ASPRGS                         ', 'SUP KPTG ASPRGS     ', '                    ', '                    ', '                    ', 37900.00, 37900.00, 37900.00, 37900.00, 37900.00, 0.00, 0.00, 0.00, 0.00, 0.00, 0.00, '    ', 1, 2, 9, 0, 'F01', ' ', ' ', ' ', ' ', ' ', ' ', ' ', ' ', ' ', 0.000, ' ', 1, '10000', '100', '1', '1', '0001', '001', '004', '005', '   ', '   ', '   ', '   ', '   ', '   ', '    ', '      ', '      ', '      ', '      ', '      ', '    ', '      ', '      ', '      ', '      ', '      ', '    ', 0.000, 0.000, 0.00, 0.00, ' ', '   ', '00:00:00', '    ', ' ', '  ', '                              ', '                              ', 99, '                    ', ' ', 1, '2025-01-01 00:00:00', 1, '2025-05-09 13:29:19', 1),
	(55, 'IKCS2021', 'SUP WAN TON', 'SUP WAN TON                             ', 'SUP WAN TON         ', '                    ', '                    ', '                    ', 41900.00, 41900.00, 41900.00, 41900.00, 41900.00, 0.00, 0.00, 0.00, 0.00, 0.00, 0.00, '    ', 1, 2, 9, 0, 'F01', ' ', ' ', ' ', ' ', ' ', ' ', ' ', ' ', ' ', 0.000, ' ', 1, '10000', '100', '1', '1', '0001', '001', '004', '005', '   ', '   ', '   ', '   ', '   ', '   ', '    ', '      ', '      ', '      ', '      ', '      ', '    ', '      ', '      ', '      ', '      ', '      ', '    ', 0.000, 0.000, 0.00, 0.00, ' ', '   ', '00:00:00', '    ', ' ', '  ', '                              ', '                              ', 99, '                    ', ' ', 1, '2025-01-01 00:00:00', 1, '2025-05-09 13:29:19', 1),
	(56, 'IKCS2201', 'BUBUR 1 RASA', 'BUBUR 1 RASA                            ', 'BUBUR 1 RASA        ', '                    ', '                    ', '                    ', 29900.00, 29900.00, 29900.00, 29900.00, 29900.00, 0.00, 0.00, 0.00, 0.00, 0.00, 0.00, '    ', 1, 2, 9, 0, 'F01', ' ', ' ', ' ', ' ', ' ', ' ', ' ', ' ', ' ', 0.000, ' ', 1, '10000', '100', '1', '1', '0001', '001', '004', '005', '   ', '   ', '   ', '   ', '   ', '   ', '    ', '      ', '      ', '      ', '      ', '      ', '    ', '      ', '      ', '      ', '      ', '      ', '    ', 0.000, 0.000, 0.00, 0.00, ' ', '   ', '00:00:00', '    ', ' ', '  ', '                              ', '                              ', 99, '                    ', ' ', 1, '2025-01-01 00:00:00', 1, '2025-05-09 13:29:19', 1),
	(57, 'IKCS2202', 'BUBUR 2 RASA', 'BUBUR 2 RASA                            ', 'BUBUR 2 RASA        ', '                    ', '                    ', '                    ', 35900.00, 35900.00, 35900.00, 35900.00, 35900.00, 0.00, 0.00, 0.00, 0.00, 0.00, 0.00, '    ', 1, 2, 9, 0, 'F01', ' ', ' ', ' ', ' ', ' ', ' ', ' ', ' ', ' ', 0.000, ' ', 1, '10000', '100', '1', '1', '0001', '001', '004', '005', '   ', '   ', '   ', '   ', '   ', '   ', '    ', '      ', '      ', '      ', '      ', '      ', '    ', '      ', '      ', '      ', '      ', '      ', '    ', 0.000, 0.000, 0.00, 0.00, ' ', '   ', '00:00:00', '    ', ' ', '  ', '                              ', '                              ', 99, '                    ', ' ', 1, '2025-01-01 00:00:00', 1, '2025-05-09 13:29:19', 1),
	(58, 'IKCS2203', 'BUBUR 3 RASA', 'BUBUR 3 RASA                            ', 'BUBUR 3 RASA        ', '                    ', '                    ', '                    ', 41900.00, 41900.00, 41900.00, 41900.00, 41900.00, 0.00, 0.00, 0.00, 0.00, 0.00, 0.00, '    ', 1, 2, 9, 0, 'F01', ' ', ' ', ' ', ' ', ' ', ' ', ' ', ' ', ' ', 0.000, ' ', 1, '10000', '100', '1', '1', '0001', '001', '004', '005', '   ', '   ', '   ', '   ', '   ', '   ', '    ', '      ', '      ', '      ', '      ', '      ', '    ', '      ', '      ', '      ', '      ', '      ', '    ', 0.000, 0.000, 0.00, 0.00, ' ', '   ', '00:00:00', '    ', ' ', '  ', '                              ', '                              ', 99, '                    ', ' ', 1, '2025-01-01 00:00:00', 1, '2025-05-09 13:29:19', 1),
	(59, 'IKDD2001', 'AYAM GRG KEJU DD', 'AYAM GRG KEJU DD                        ', 'AYAM GRG KEJU DD    ', '                    ', '                    ', '                    ', 15000.00, 15000.00, 15000.00, 15000.00, 15000.00, 0.00, 0.00, 0.00, 0.00, 0.00, 0.00, '    ', 1, 2, 15, 0, 'F01', ' ', ' ', '1', ' ', ' ', ' ', ' ', ' ', ' ', 0.000, ' ', 1, '10000', '100', '1', '1', '0002', '001', '003', '   ', '   ', '   ', '   ', '   ', '   ', '   ', '    ', '      ', '      ', '      ', '      ', '      ', '    ', '      ', '      ', '      ', '      ', '      ', '    ', 0.000, 0.000, 0.00, 0.00, ' ', '   ', '00:00:00', '    ', ' ', '  ', '                              ', '                              ', 99, '                    ', ' ', 1, '2025-01-01 00:00:00', 1, '2025-05-09 13:29:19', 1),
	(60, 'IKDD2002', 'BAKPAO DUCKLING DD', 'BAKPAO DUCKLING DD                      ', 'BAKPAO DUCKLING DD  ', '                    ', '                    ', '                    ', 15000.00, 15000.00, 15000.00, 15000.00, 15000.00, 0.00, 0.00, 0.00, 0.00, 0.00, 0.00, '    ', 1, 2, 15, 0, 'F01', ' ', ' ', '1', ' ', ' ', ' ', ' ', ' ', ' ', 0.000, ' ', 1, '10000', '100', '1', '1', '0002', '001', '003', '   ', '   ', '   ', '   ', '   ', '   ', '   ', '    ', '      ', '      ', '      ', '      ', '      ', '    ', '      ', '      ', '      ', '      ', '      ', '    ', 0.000, 0.000, 0.00, 0.00, ' ', '   ', '00:00:00', '    ', ' ', '  ', '                              ', '                              ', 99, '                    ', ' ', 1, '2025-01-01 00:00:00', 1, '2025-05-09 13:29:19', 1),
	(61, 'IKDD2003', 'BAKPAO MANGGIS DD', 'BAKPAO MANGGIS DD                       ', 'BAKPAO MANGGIS DD   ', '                    ', '                    ', '                    ', 15000.00, 15000.00, 15000.00, 15000.00, 15000.00, 0.00, 0.00, 0.00, 0.00, 0.00, 0.00, '    ', 1, 2, 15, 0, 'F01', ' ', ' ', '1', ' ', ' ', ' ', ' ', ' ', ' ', 0.000, ' ', 1, '10000', '100', '1', '1', '0002', '001', '003', '   ', '   ', '   ', '   ', '   ', '   ', '   ', '    ', '      ', '      ', '      ', '      ', '      ', '    ', '      ', '      ', '      ', '      ', '      ', '    ', 0.000, 0.000, 0.00, 0.00, ' ', '   ', '00:00:00', '    ', ' ', '  ', '                              ', '                              ', 99, '                    ', ' ', 1, '2025-01-01 00:00:00', 1, '2025-05-09 13:29:19', 1),
	(62, 'IKDD2004', 'BAKPAO PANDA DD', 'BAKPAO PANDA DD                         ', 'BAKPAO PANDA DD     ', '                    ', '                    ', '                    ', 15000.00, 15000.00, 15000.00, 15000.00, 15000.00, 0.00, 0.00, 0.00, 0.00, 0.00, 0.00, '    ', 1, 2, 15, 0, 'F01', ' ', ' ', '1', ' ', ' ', ' ', ' ', ' ', ' ', 0.000, ' ', 1, '10000', '100', '1', '1', '0002', '001', '003', '   ', '   ', '   ', '   ', '   ', '   ', '   ', '    ', '      ', '      ', '      ', '      ', '      ', '    ', '      ', '      ', '      ', '      ', '      ', '    ', 0.000, 0.000, 0.00, 0.00, ' ', '   ', '00:00:00', '    ', ' ', '  ', '                              ', '                              ', 99, '                    ', ' ', 1, '2025-01-01 00:00:00', 1, '2025-05-09 13:29:19', 1),
	(63, 'IKDD2005', 'BAKPAO TLR ASIN DD', 'BAKPAO TLR ASIN DD                      ', 'BAKPAO TLR ASIN DD  ', '                    ', '                    ', '                    ', 15000.00, 15000.00, 15000.00, 15000.00, 15000.00, 0.00, 0.00, 0.00, 0.00, 0.00, 0.00, '    ', 1, 2, 15, 0, 'F01', ' ', ' ', '1', ' ', ' ', ' ', ' ', ' ', ' ', 0.000, ' ', 1, '10000', '100', '1', '1', '0002', '001', '003', '   ', '   ', '   ', '   ', '   ', '   ', '   ', '    ', '      ', '      ', '      ', '      ', '      ', '    ', '      ', '      ', '      ', '      ', '      ', '    ', 0.000, 0.000, 0.00, 0.00, ' ', '   ', '00:00:00', '    ', ' ', '  ', '                              ', '                              ', 99, '                    ', ' ', 1, '2025-01-01 00:00:00', 1, '2025-05-09 13:29:19', 1),
	(64, 'IKDD2006', 'BAKPAO BIRTHDAY DD', 'BAKPAO BIRTHDAY DD                      ', 'BAKPAO BIRTHDAY DD  ', '                    ', '                    ', '                    ', 15000.00, 15000.00, 15000.00, 15000.00, 15000.00, 0.00, 0.00, 0.00, 0.00, 0.00, 0.00, '    ', 1, 2, 15, 0, 'F01', ' ', ' ', '1', ' ', ' ', ' ', ' ', ' ', ' ', 0.000, ' ', 1, '10000', '100', '1', '1', '0002', '001', '003', '   ', '   ', '   ', '   ', '   ', '   ', '   ', '    ', '      ', '      ', '      ', '      ', '      ', '    ', '      ', '      ', '      ', '      ', '      ', '    ', 0.000, 0.000, 0.00, 0.00, ' ', '   ', '00:00:00', '    ', ' ', '  ', '                              ', '                              ', 99, '                    ', ' ', 1, '2025-01-01 00:00:00', 1, '2025-05-09 13:29:19', 1),
	(65, 'IKDD2007', 'CAKWE UDG MAYO DD', 'CAKWE UDG MAYO DD                       ', 'CAKWE UDG MAYO DD   ', '                    ', '                    ', '                    ', 15000.00, 15000.00, 15000.00, 15000.00, 15000.00, 0.00, 0.00, 0.00, 0.00, 0.00, 0.00, '    ', 1, 2, 15, 0, 'F01', ' ', ' ', '1', ' ', ' ', ' ', ' ', ' ', ' ', 0.000, ' ', 1, '10000', '100', '1', '1', '0002', '001', '003', '   ', '   ', '   ', '   ', '   ', '   ', '   ', '    ', '      ', '      ', '      ', '      ', '      ', '    ', '      ', '      ', '      ', '      ', '      ', '    ', 0.000, 0.000, 0.00, 0.00, ' ', '   ', '00:00:00', '    ', ' ', '  ', '                              ', '                              ', 99, '                    ', ' ', 1, '2025-01-01 00:00:00', 1, '2025-05-09 13:29:19', 1),
	(66, 'IKDD2008', 'FONG ZAU DD', 'FONG ZAU DD                             ', 'FONG ZAU DD         ', '                    ', '                    ', '                    ', 15000.00, 15000.00, 15000.00, 15000.00, 15000.00, 0.00, 0.00, 0.00, 0.00, 0.00, 0.00, '    ', 1, 2, 15, 0, 'F01', ' ', ' ', '1', ' ', ' ', ' ', ' ', ' ', ' ', 0.000, ' ', 1, '10000', '100', '1', '1', '0002', '001', '003', '   ', '   ', '   ', '   ', '   ', '   ', '   ', '    ', '      ', '      ', '      ', '      ', '      ', '    ', '      ', '      ', '      ', '      ', '      ', '    ', 0.000, 0.000, 0.00, 0.00, ' ', '   ', '00:00:00', '    ', ' ', '  ', '                              ', '                              ', 99, '                    ', ' ', 1, '2025-01-01 00:00:00', 1, '2025-05-09 13:29:19', 1),
	(67, 'IKDD2009', 'GAO ZI DD', 'GAO ZI DD                               ', 'GAO ZI DD           ', '                    ', '                    ', '                    ', 15000.00, 15000.00, 15000.00, 15000.00, 15000.00, 0.00, 0.00, 0.00, 0.00, 0.00, 0.00, '    ', 1, 2, 15, 0, 'F01', ' ', ' ', '1', ' ', ' ', ' ', ' ', ' ', ' ', 0.000, ' ', 1, '10000', '100', '1', '1', '0002', '001', '003', '   ', '   ', '   ', '   ', '   ', '   ', '   ', '    ', '      ', '      ', '      ', '      ', '      ', '    ', '      ', '      ', '      ', '      ', '      ', '    ', 0.000, 0.000, 0.00, 0.00, ' ', '   ', '00:00:00', '    ', ' ', '  ', '                              ', '                              ', 99, '                    ', ' ', 1, '2025-01-01 00:00:00', 1, '2025-05-09 13:29:19', 1),
	(68, 'IKDD2010', 'IMPERIAL HA KAU DD', 'IMPERIAL HA KAU DD                      ', 'IMPERIAL HA KAU DD  ', '                    ', '                    ', '                    ', 15000.00, 15000.00, 15000.00, 15000.00, 15000.00, 0.00, 0.00, 0.00, 0.00, 0.00, 0.00, '    ', 1, 2, 15, 0, 'F01', ' ', ' ', '1', ' ', ' ', ' ', ' ', ' ', ' ', 0.000, ' ', 1, '10000', '100', '1', '1', '0002', '001', '003', '   ', '   ', '   ', '   ', '   ', '   ', '   ', '    ', '      ', '      ', '      ', '      ', '      ', '    ', '      ', '      ', '      ', '      ', '      ', '    ', 0.000, 0.000, 0.00, 0.00, ' ', '   ', '00:00:00', '    ', ' ', '  ', '                              ', '                              ', 99, '                    ', ' ', 1, '2025-01-01 00:00:00', 1, '2025-05-09 13:29:19', 1),
	(69, 'IKDD2011', 'LMP AYM TIRAM DD', 'LMP AYM TIRAM DD                        ', 'LMP AYM TIRAM DD    ', '                    ', '                    ', '                    ', 15000.00, 15000.00, 15000.00, 15000.00, 15000.00, 0.00, 0.00, 0.00, 0.00, 0.00, 0.00, '    ', 1, 2, 15, 0, 'F01', ' ', ' ', '1', ' ', ' ', ' ', ' ', ' ', ' ', 0.000, ' ', 1, '10000', '100', '1', '1', '0002', '001', '003', '   ', '   ', '   ', '   ', '   ', '   ', '   ', '    ', '      ', '      ', '      ', '      ', '      ', '    ', '      ', '      ', '      ', '      ', '      ', '    ', 0.000, 0.000, 0.00, 0.00, ' ', '   ', '00:00:00', '    ', ' ', '  ', '                              ', '                              ', 99, '                    ', ' ', 1, '2025-01-01 00:00:00', 1, '2025-05-09 13:29:19', 1),
	(70, 'IKDD2012', 'LMP AYM JMR DD', 'LMP AYM JMR DD                          ', 'LMP AYM JMR DD      ', '                    ', '                    ', '                    ', 15000.00, 15000.00, 15000.00, 15000.00, 15000.00, 0.00, 0.00, 0.00, 0.00, 0.00, 0.00, '    ', 1, 2, 15, 0, 'F01', ' ', ' ', '1', ' ', ' ', ' ', ' ', ' ', ' ', 0.000, ' ', 1, '10000', '100', '1', '1', '0002', '001', '003', '   ', '   ', '   ', '   ', '   ', '   ', '   ', '    ', '      ', '      ', '      ', '      ', '      ', '    ', '      ', '      ', '      ', '      ', '      ', '    ', 0.000, 0.000, 0.00, 0.00, ' ', '   ', '00:00:00', '    ', ' ', '  ', '                              ', '                              ', 99, '                    ', ' ', 1, '2025-01-01 00:00:00', 1, '2025-05-09 13:29:19', 1),
	(71, 'IKDD2013', 'LMP KLT TH UDG DD', 'LMP KLT TH UDG DD                       ', 'LMP KLT TH UDG DD   ', '                    ', '                    ', '                    ', 15000.00, 15000.00, 15000.00, 15000.00, 15000.00, 0.00, 0.00, 0.00, 0.00, 0.00, 0.00, '    ', 1, 2, 15, 0, 'F01', ' ', ' ', '1', ' ', ' ', ' ', ' ', ' ', ' ', 0.000, ' ', 1, '10000', '100', '1', '1', '0002', '001', '003', '   ', '   ', '   ', '   ', '   ', '   ', '   ', '    ', '      ', '      ', '      ', '      ', '      ', '    ', '      ', '      ', '      ', '      ', '      ', '    ', 0.000, 0.000, 0.00, 0.00, ' ', '   ', '00:00:00', '    ', ' ', '  ', '                              ', '                              ', 99, '                    ', ' ', 1, '2025-01-01 00:00:00', 1, '2025-05-09 13:29:19', 1),
	(72, 'IKDD2014', 'LMP SYRAN GRG DD', 'LMP SYRAN GRG DD                        ', 'LMP SYRAN GRG DD    ', '                    ', '                    ', '                    ', 15000.00, 15000.00, 15000.00, 15000.00, 15000.00, 0.00, 0.00, 0.00, 0.00, 0.00, 0.00, '    ', 1, 2, 15, 0, 'F01', ' ', ' ', '1', ' ', ' ', ' ', ' ', ' ', ' ', 0.000, ' ', 1, '10000', '100', '1', '1', '0002', '001', '003', '   ', '   ', '   ', '   ', '   ', '   ', '   ', '    ', '      ', '      ', '      ', '      ', '      ', '    ', '      ', '      ', '      ', '      ', '      ', '    ', 0.000, 0.000, 0.00, 0.00, ' ', '   ', '00:00:00', '    ', ' ', '  ', '                              ', '                              ', 99, '                    ', ' ', 1, '2025-01-01 00:00:00', 1, '2025-05-09 13:29:19', 1),
	(73, 'IKDD2015', 'MANTAO PGG SAPI DD', 'MANTAO PGG SAPI DD                      ', 'MANTAO PGG SAPI DD  ', '                    ', '                    ', '                    ', 15000.00, 15000.00, 15000.00, 15000.00, 15000.00, 0.00, 0.00, 0.00, 0.00, 0.00, 0.00, '    ', 1, 2, 15, 0, 'F01', ' ', ' ', '1', ' ', ' ', ' ', ' ', ' ', ' ', 0.000, ' ', 1, '10000', '100', '1', '1', '0002', '001', '003', '   ', '   ', '   ', '   ', '   ', '   ', '   ', '    ', '      ', '      ', '      ', '      ', '      ', '    ', '      ', '      ', '      ', '      ', '      ', '    ', 0.000, 0.000, 0.00, 0.00, ' ', '   ', '00:00:00', '    ', ' ', '  ', '                              ', '                              ', 99, '                    ', ' ', 1, '2025-01-01 00:00:00', 1, '2025-05-09 13:29:19', 1),
	(74, 'IKDD2016', 'MANTAO GRG DD', 'MANTAO GRG DD                           ', 'MANTAO GRG DD       ', '                    ', '                    ', '                    ', 15000.00, 15000.00, 15000.00, 15000.00, 15000.00, 0.00, 0.00, 0.00, 0.00, 0.00, 0.00, '    ', 1, 2, 15, 0, 'F01', ' ', ' ', '1', ' ', ' ', ' ', ' ', ' ', ' ', 0.000, ' ', 1, '10000', '100', '1', '1', '0002', '001', '003', '   ', '   ', '   ', '   ', '   ', '   ', '   ', '    ', '      ', '      ', '      ', '      ', '      ', '    ', '      ', '      ', '      ', '      ', '      ', '    ', 0.000, 0.000, 0.00, 0.00, ' ', '   ', '00:00:00', '    ', ' ', '  ', '                              ', '                              ', 99, '                    ', ' ', 1, '2025-01-01 00:00:00', 1, '2025-05-09 13:29:19', 1),
	(75, 'IKDD2017', 'MANTAO KKS DD', 'MANTAO KKS DD                           ', 'MANTAO KKS DD       ', '                    ', '                    ', '                    ', 15000.00, 15000.00, 15000.00, 15000.00, 15000.00, 0.00, 0.00, 0.00, 0.00, 0.00, 0.00, '    ', 1, 2, 15, 0, 'F01', ' ', ' ', '1', ' ', ' ', ' ', ' ', ' ', ' ', 0.000, ' ', 1, '10000', '100', '1', '1', '0002', '001', '003', '   ', '   ', '   ', '   ', '   ', '   ', '   ', '    ', '      ', '      ', '      ', '      ', '      ', '    ', '      ', '      ', '      ', '      ', '      ', '    ', 0.000, 0.000, 0.00, 0.00, ' ', '   ', '00:00:00', '    ', ' ', '  ', '                              ', '                              ', 99, '                    ', ' ', 1, '2025-01-01 00:00:00', 1, '2025-05-09 13:29:19', 1),
	(76, 'IKDD2018', 'SIEW MAI DD', 'SIEW MAI DD                             ', 'SIEW MAI DD         ', '                    ', '                    ', '                    ', 15000.00, 15000.00, 15000.00, 15000.00, 15000.00, 0.00, 0.00, 0.00, 0.00, 0.00, 0.00, '    ', 1, 2, 15, 0, 'F01', ' ', ' ', '1', ' ', ' ', ' ', ' ', ' ', ' ', 0.000, ' ', 1, '10000', '100', '1', '1', '0002', '001', '003', '   ', '   ', '   ', '   ', '   ', '   ', '   ', '    ', '      ', '      ', '      ', '      ', '      ', '    ', '      ', '      ', '      ', '      ', '      ', '    ', 0.000, 0.000, 0.00, 0.00, ' ', '   ', '00:00:00', '    ', ' ', '  ', '                              ', '                              ', 99, '                    ', ' ', 1, '2025-01-01 00:00:00', 1, '2025-05-09 13:29:19', 1),
	(77, 'IKDD2019', 'SIEW MAI DORI DD', 'SIEW MAI DORI DD                        ', 'SIEW MAI DORI DD    ', '                    ', '                    ', '                    ', 15000.00, 15000.00, 15000.00, 15000.00, 15000.00, 0.00, 0.00, 0.00, 0.00, 0.00, 0.00, '    ', 1, 2, 15, 0, 'F01', ' ', ' ', '1', ' ', ' ', ' ', ' ', ' ', ' ', 0.000, ' ', 1, '10000', '100', '1', '1', '0002', '001', '003', '   ', '   ', '   ', '   ', '   ', '   ', '   ', '    ', '      ', '      ', '      ', '      ', '      ', '    ', '      ', '      ', '      ', '      ', '      ', '    ', 0.000, 0.000, 0.00, 0.00, ' ', '   ', '00:00:00', '    ', ' ', '  ', '                              ', '                              ', 99, '                    ', ' ', 1, '2025-01-01 00:00:00', 1, '2025-05-09 13:29:19', 1),
	(78, 'IKDD2020', 'SIEW MAI RPT LT DD', 'SIEW MAI RPT LT DD                      ', 'SIEW MAI RPT LT DD  ', '                    ', '                    ', '                    ', 15000.00, 15000.00, 15000.00, 15000.00, 15000.00, 0.00, 0.00, 0.00, 0.00, 0.00, 0.00, '    ', 1, 2, 15, 0, 'F01', ' ', ' ', '1', ' ', ' ', ' ', ' ', ' ', ' ', 0.000, ' ', 1, '10000', '100', '1', '1', '0002', '001', '003', '   ', '   ', '   ', '   ', '   ', '   ', '   ', '    ', '      ', '      ', '      ', '      ', '      ', '    ', '      ', '      ', '      ', '      ', '      ', '    ', 0.000, 0.000, 0.00, 0.00, ' ', '   ', '00:00:00', '    ', ' ', '  ', '                              ', '                              ', 99, '                    ', ' ', 1, '2025-01-01 00:00:00', 1, '2025-05-09 13:29:19', 1),
	(79, 'IKDD2021', 'SIEW MAI UDG DD', 'SIEW MAI UDG DD                         ', 'SIEW MAI UDG DD     ', '                    ', '                    ', '                    ', 15000.00, 15000.00, 15000.00, 15000.00, 15000.00, 0.00, 0.00, 0.00, 0.00, 0.00, 0.00, '    ', 1, 2, 15, 0, 'F01', ' ', ' ', '1', ' ', ' ', ' ', ' ', ' ', ' ', 0.000, ' ', 1, '10000', '100', '1', '1', '0002', '001', '003', '   ', '   ', '   ', '   ', '   ', '   ', '   ', '    ', '      ', '      ', '      ', '      ', '      ', '    ', '      ', '      ', '      ', '      ', '      ', '    ', 0.000, 0.000, 0.00, 0.00, ' ', '   ', '00:00:00', '    ', ' ', '  ', '                              ', '                              ', 99, '                    ', ' ', 1, '2025-01-01 00:00:00', 1, '2025-05-09 13:29:19', 1),
	(80, 'IKDD2022', 'BAKPAO TALAS DD', 'BAKPAO TALAS DD                         ', 'BAKPAO TALAS DD     ', '                    ', '                    ', '                    ', 15000.00, 15000.00, 15000.00, 15000.00, 15000.00, 0.00, 0.00, 0.00, 0.00, 0.00, 0.00, '    ', 1, 2, 15, 0, 'F01', ' ', ' ', '1', ' ', ' ', ' ', ' ', ' ', ' ', 0.000, ' ', 1, '10000', '100', '1', '1', '0002', '001', '003', '   ', '   ', '   ', '   ', '   ', '   ', '   ', '    ', '      ', '      ', '      ', '      ', '      ', '    ', '      ', '      ', '      ', '      ', '      ', '    ', 0.000, 0.000, 0.00, 0.00, ' ', '   ', '00:00:00', '    ', ' ', '  ', '                              ', '                              ', 99, '                    ', ' ', 1, '2025-01-01 00:00:00', 1, '2025-05-09 13:29:19', 1),
	(81, 'IKDD2023', 'BAKPAO CHASIEW DD', 'BAKPAO CHASIEW DD                       ', 'BAKPAO CHASIEW DD   ', '                    ', '                    ', '                    ', 15000.00, 15000.00, 15000.00, 15000.00, 15000.00, 0.00, 0.00, 0.00, 0.00, 0.00, 0.00, '    ', 1, 2, 15, 0, 'F01', ' ', ' ', '1', ' ', ' ', ' ', ' ', ' ', ' ', 0.000, ' ', 1, '10000', '100', '1', '1', '0002', '001', '003', '   ', '   ', '   ', '   ', '   ', '   ', '   ', '    ', '      ', '      ', '      ', '      ', '      ', '    ', '      ', '      ', '      ', '      ', '      ', '    ', 0.000, 0.000, 0.00, 0.00, ' ', '   ', '00:00:00', '    ', ' ', '  ', '                              ', '                              ', 99, '                    ', ' ', 1, '2025-01-01 00:00:00', 1, '2025-05-09 13:29:19', 1),
	(82, 'IKDD2024', 'TIM UDG SYRN DD', 'TIM UDG SYRN DD                         ', 'TIM UDG SYRN DD     ', '                    ', '                    ', '                    ', 15000.00, 15000.00, 15000.00, 15000.00, 15000.00, 0.00, 0.00, 0.00, 0.00, 0.00, 0.00, '    ', 1, 2, 15, 0, 'F01', ' ', ' ', '1', ' ', ' ', ' ', ' ', ' ', ' ', 0.000, ' ', 1, '10000', '100', '1', '1', '0002', '001', '003', '   ', '   ', '   ', '   ', '   ', '   ', '   ', '    ', '      ', '      ', '      ', '      ', '      ', '    ', '      ', '      ', '      ', '      ', '      ', '    ', 0.000, 0.000, 0.00, 0.00, ' ', '   ', '00:00:00', '    ', ' ', '  ', '                              ', '                              ', 99, '                    ', ' ', 1, '2025-01-01 00:00:00', 1, '2025-05-09 13:29:19', 1),
	(83, 'IKDD2025', 'TIM BAKSO SAPI DD', 'TIM BAKSO SAPI DD                       ', 'TIM BAKSO SAPI DD   ', '                    ', '                    ', '                    ', 15000.00, 15000.00, 15000.00, 15000.00, 15000.00, 0.00, 0.00, 0.00, 0.00, 0.00, 0.00, '    ', 1, 2, 15, 0, 'F01', ' ', ' ', '1', ' ', ' ', ' ', ' ', ' ', ' ', 0.000, ' ', 1, '10000', '100', '1', '1', '0002', '001', '003', '   ', '   ', '   ', '   ', '   ', '   ', '   ', '    ', '      ', '      ', '      ', '      ', '      ', '    ', '      ', '      ', '      ', '      ', '      ', '    ', 0.000, 0.000, 0.00, 0.00, ' ', '   ', '00:00:00', '    ', ' ', '  ', '                              ', '                              ', 99, '                    ', ' ', 1, '2025-01-01 00:00:00', 1, '2025-05-09 13:29:19', 1),
	(84, 'IKDD2026', 'TIM UDG JMR DD', 'TIM UDG JMR DD                          ', 'TIM UDG JMR DD      ', '                    ', '                    ', '                    ', 15000.00, 15000.00, 15000.00, 15000.00, 15000.00, 0.00, 0.00, 0.00, 0.00, 0.00, 0.00, '    ', 1, 2, 15, 0, 'F01', ' ', ' ', '1', ' ', ' ', ' ', ' ', ' ', ' ', 0.000, ' ', 1, '10000', '100', '1', '1', '0002', '001', '003', '   ', '   ', '   ', '   ', '   ', '   ', '   ', '    ', '      ', '      ', '      ', '      ', '      ', '    ', '      ', '      ', '      ', '      ', '      ', '    ', 0.000, 0.000, 0.00, 0.00, ' ', '   ', '00:00:00', '    ', ' ', '  ', '                              ', '                              ', 99, '                    ', ' ', 1, '2025-01-01 00:00:00', 1, '2025-05-09 13:29:19', 1),
	(85, 'IKDD2027', 'TIM UDG SHMJ DD', 'TIM UDG SHMJ DD                         ', 'TIM UDG SHMJ DD     ', '                    ', '                    ', '                    ', 15000.00, 15000.00, 15000.00, 15000.00, 15000.00, 0.00, 0.00, 0.00, 0.00, 0.00, 0.00, '    ', 1, 2, 15, 0, 'F01', ' ', ' ', '1', ' ', ' ', ' ', ' ', ' ', ' ', 0.000, ' ', 1, '10000', '100', '1', '1', '0002', '001', '003', '   ', '   ', '   ', '   ', '   ', '   ', '   ', '    ', '      ', '      ', '      ', '      ', '      ', '    ', '      ', '      ', '      ', '      ', '      ', '    ', 0.000, 0.000, 0.00, 0.00, ' ', '   ', '00:00:00', '    ', ' ', '  ', '                              ', '                              ', 99, '                    ', ' ', 1, '2025-01-01 00:00:00', 1, '2025-05-09 13:29:19', 1),
	(86, 'IKDD2028', 'WAN TON GRG DD', 'WAN TON GRG DD                          ', 'WAN TON GRG DD      ', '                    ', '                    ', '                    ', 15000.00, 15000.00, 15000.00, 15000.00, 15000.00, 0.00, 0.00, 0.00, 0.00, 0.00, 0.00, '    ', 1, 2, 15, 0, 'F01', ' ', ' ', '1', ' ', ' ', ' ', ' ', ' ', ' ', 0.000, ' ', 1, '10000', '100', '1', '1', '0002', '001', '003', '   ', '   ', '   ', '   ', '   ', '   ', '   ', '    ', '      ', '      ', '      ', '      ', '      ', '    ', '      ', '      ', '      ', '      ', '      ', '    ', 0.000, 0.000, 0.00, 0.00, ' ', '   ', '00:00:00', '    ', ' ', '  ', '                              ', '                              ', 99, '                    ', ' ', 1, '2025-01-01 00:00:00', 1, '2025-05-09 13:29:19', 1),
	(87, 'IKDD2029', 'XIAO LONG BAO DD', 'XIAO LONG BAO DD                        ', 'XIAO LONG BAO DD    ', '                    ', '                    ', '                    ', 15000.00, 15000.00, 15000.00, 15000.00, 15000.00, 0.00, 0.00, 0.00, 0.00, 0.00, 0.00, '    ', 1, 2, 15, 0, 'F01', ' ', ' ', '1', ' ', ' ', ' ', ' ', ' ', ' ', 0.000, ' ', 1, '10000', '100', '1', '1', '0002', '001', '003', '   ', '   ', '   ', '   ', '   ', '   ', '   ', '    ', '      ', '      ', '      ', '      ', '      ', '    ', '      ', '      ', '      ', '      ', '      ', '    ', 0.000, 0.000, 0.00, 0.00, ' ', '   ', '00:00:00', '    ', ' ', '  ', '                              ', '                              ', 99, '                    ', ' ', 1, '2025-01-01 00:00:00', 1, '2025-05-09 13:29:19', 1),
	(88, 'IKDF2001', 'AYAM GRG KEJU DF', 'AYAM GRG KEJU DF                        ', 'AYAM GRG KEJU DF    ', '                    ', '                    ', '                    ', 9999.00, 9999.00, 9999.00, 9999.00, 9999.00, 0.00, 0.00, 0.00, 0.00, 0.00, 0.00, '    ', 1, 2, 16, 0, 'F01', ' ', ' ', '1', ' ', ' ', ' ', ' ', ' ', ' ', 0.000, ' ', 1, '10000', '100', '1', '1', '0002', '001', '003', '   ', '   ', '   ', '   ', '   ', '   ', '   ', '    ', '      ', '      ', '      ', '      ', '      ', '    ', '      ', '      ', '      ', '      ', '      ', '    ', 0.000, 0.000, 0.00, 0.00, ' ', '   ', '00:00:00', '    ', ' ', '  ', '                              ', '                              ', 99, '                    ', ' ', 1, '2025-01-01 00:00:00', 1, '2025-05-09 13:29:19', 1),
	(89, 'IKDF2002', 'BAKPAO DUCKLING DF', 'BAKPAO DUCKLING DF                      ', 'BAKPAO DUCKLING DF  ', '                    ', '                    ', '                    ', 9999.00, 9999.00, 9999.00, 9999.00, 9999.00, 0.00, 0.00, 0.00, 0.00, 0.00, 0.00, '    ', 1, 2, 16, 0, 'F01', ' ', ' ', '1', ' ', ' ', ' ', ' ', ' ', ' ', 0.000, ' ', 1, '10000', '100', '1', '1', '0002', '001', '003', '   ', '   ', '   ', '   ', '   ', '   ', '   ', '    ', '      ', '      ', '      ', '      ', '      ', '    ', '      ', '      ', '      ', '      ', '      ', '    ', 0.000, 0.000, 0.00, 0.00, ' ', '   ', '00:00:00', '    ', ' ', '  ', '                              ', '                              ', 99, '                    ', ' ', 1, '2025-01-01 00:00:00', 1, '2025-05-09 13:29:19', 1),
	(90, 'IKDF2003', 'BAKPAO MANGGIS DF', 'BAKPAO MANGGIS DF                       ', 'BAKPAO MANGGIS DF   ', '                    ', '                    ', '                    ', 9999.00, 9999.00, 9999.00, 9999.00, 9999.00, 0.00, 0.00, 0.00, 0.00, 0.00, 0.00, '    ', 1, 2, 16, 0, 'F01', ' ', ' ', '1', ' ', ' ', ' ', ' ', ' ', ' ', 0.000, ' ', 1, '10000', '100', '1', '1', '0002', '001', '003', '   ', '   ', '   ', '   ', '   ', '   ', '   ', '    ', '      ', '      ', '      ', '      ', '      ', '    ', '      ', '      ', '      ', '      ', '      ', '    ', 0.000, 0.000, 0.00, 0.00, ' ', '   ', '00:00:00', '    ', ' ', '  ', '                              ', '                              ', 99, '                    ', ' ', 1, '2025-01-01 00:00:00', 1, '2025-05-09 13:29:19', 1),
	(91, 'IKDF2004', 'BAKPAO PANDA DF', 'BAKPAO PANDA DF                         ', 'BAKPAO PANDA DF     ', '                    ', '                    ', '                    ', 9999.00, 9999.00, 9999.00, 9999.00, 9999.00, 0.00, 0.00, 0.00, 0.00, 0.00, 0.00, '    ', 1, 2, 16, 0, 'F01', ' ', ' ', '1', ' ', ' ', ' ', ' ', ' ', ' ', 0.000, ' ', 1, '10000', '100', '1', '1', '0002', '001', '003', '   ', '   ', '   ', '   ', '   ', '   ', '   ', '    ', '      ', '      ', '      ', '      ', '      ', '    ', '      ', '      ', '      ', '      ', '      ', '    ', 0.000, 0.000, 0.00, 0.00, ' ', '   ', '00:00:00', '    ', ' ', '  ', '                              ', '                              ', 99, '                    ', ' ', 1, '2025-01-01 00:00:00', 1, '2025-05-09 13:29:19', 1),
	(92, 'IKDF2005', 'BAKPAO TLR ASIN DF', 'BAKPAO TLR ASIN DF                      ', 'BAKPAO TLR ASIN DF  ', '                    ', '                    ', '                    ', 9999.00, 9999.00, 9999.00, 9999.00, 9999.00, 0.00, 0.00, 0.00, 0.00, 0.00, 0.00, '    ', 1, 2, 16, 0, 'F01', ' ', ' ', '1', ' ', ' ', ' ', ' ', ' ', ' ', 0.000, ' ', 1, '10000', '100', '1', '1', '0002', '001', '003', '   ', '   ', '   ', '   ', '   ', '   ', '   ', '    ', '      ', '      ', '      ', '      ', '      ', '    ', '      ', '      ', '      ', '      ', '      ', '    ', 0.000, 0.000, 0.00, 0.00, ' ', '   ', '00:00:00', '    ', ' ', '  ', '                              ', '                              ', 99, '                    ', ' ', 1, '2025-01-01 00:00:00', 1, '2025-05-09 13:29:19', 1),
	(93, 'IKDF2006', 'BAKPAO BIRTHDAY DF', 'BAKPAO BIRTHDAY DF                      ', 'BAKPAO BIRTHDAY DF  ', '                    ', '                    ', '                    ', 9999.00, 9999.00, 9999.00, 9999.00, 9999.00, 0.00, 0.00, 0.00, 0.00, 0.00, 0.00, '    ', 1, 2, 16, 0, 'F01', ' ', ' ', '1', ' ', ' ', ' ', ' ', ' ', ' ', 0.000, ' ', 1, '10000', '100', '1', '1', '0002', '001', '003', '   ', '   ', '   ', '   ', '   ', '   ', '   ', '    ', '      ', '      ', '      ', '      ', '      ', '    ', '      ', '      ', '      ', '      ', '      ', '    ', 0.000, 0.000, 0.00, 0.00, ' ', '   ', '00:00:00', '    ', ' ', '  ', '                              ', '                              ', 99, '                    ', ' ', 1, '2025-01-01 00:00:00', 1, '2025-05-09 13:29:19', 1),
	(94, 'IKDF2007', 'CAKWE UDG MAYO DF', 'CAKWE UDG MAYO DF                       ', 'CAKWE UDG MAYO DF   ', '                    ', '                    ', '                    ', 9999.00, 9999.00, 9999.00, 9999.00, 9999.00, 0.00, 0.00, 0.00, 0.00, 0.00, 0.00, '    ', 1, 2, 16, 0, 'F01', ' ', ' ', '1', ' ', ' ', ' ', ' ', ' ', ' ', 0.000, ' ', 1, '10000', '100', '1', '1', '0002', '001', '003', '   ', '   ', '   ', '   ', '   ', '   ', '   ', '    ', '      ', '      ', '      ', '      ', '      ', '    ', '      ', '      ', '      ', '      ', '      ', '    ', 0.000, 0.000, 0.00, 0.00, ' ', '   ', '00:00:00', '    ', ' ', '  ', '                              ', '                              ', 99, '                    ', ' ', 1, '2025-01-01 00:00:00', 1, '2025-05-09 13:29:19', 1),
	(95, 'IKDF2008', 'FONG ZAU DF', 'FONG ZAU DF                             ', 'FONG ZAU DF         ', '                    ', '                    ', '                    ', 9999.00, 9999.00, 9999.00, 9999.00, 9999.00, 0.00, 0.00, 0.00, 0.00, 0.00, 0.00, '    ', 1, 2, 16, 0, 'F01', ' ', ' ', '1', ' ', ' ', ' ', ' ', ' ', ' ', 0.000, ' ', 1, '10000', '100', '1', '1', '0002', '001', '003', '   ', '   ', '   ', '   ', '   ', '   ', '   ', '    ', '      ', '      ', '      ', '      ', '      ', '    ', '      ', '      ', '      ', '      ', '      ', '    ', 0.000, 0.000, 0.00, 0.00, ' ', '   ', '00:00:00', '    ', ' ', '  ', '                              ', '                              ', 99, '                    ', ' ', 1, '2025-01-01 00:00:00', 1, '2025-05-09 13:29:19', 1),
	(96, 'IKDF2009', 'GAO ZI DF', 'GAO ZI DF                               ', 'GAO ZI DF           ', '                    ', '                    ', '                    ', 9999.00, 9999.00, 9999.00, 9999.00, 9999.00, 0.00, 0.00, 0.00, 0.00, 0.00, 0.00, '    ', 1, 2, 16, 0, 'F01', ' ', ' ', '1', ' ', ' ', ' ', ' ', ' ', ' ', 0.000, ' ', 1, '10000', '100', '1', '1', '0002', '001', '003', '   ', '   ', '   ', '   ', '   ', '   ', '   ', '    ', '      ', '      ', '      ', '      ', '      ', '    ', '      ', '      ', '      ', '      ', '      ', '    ', 0.000, 0.000, 0.00, 0.00, ' ', '   ', '00:00:00', '    ', ' ', '  ', '                              ', '                              ', 99, '                    ', ' ', 1, '2025-01-01 00:00:00', 1, '2025-05-09 13:29:19', 1),
	(97, 'IKDF2010', 'IMPERIAL HA KAU DF', 'IMPERIAL HA KAU DF                      ', 'IMPERIAL HA KAU DF  ', '                    ', '                    ', '                    ', 9999.00, 9999.00, 9999.00, 9999.00, 9999.00, 0.00, 0.00, 0.00, 0.00, 0.00, 0.00, '    ', 1, 2, 16, 0, 'F01', ' ', ' ', '1', ' ', ' ', ' ', ' ', ' ', ' ', 0.000, ' ', 1, '10000', '100', '1', '1', '0002', '001', '003', '   ', '   ', '   ', '   ', '   ', '   ', '   ', '    ', '      ', '      ', '      ', '      ', '      ', '    ', '      ', '      ', '      ', '      ', '      ', '    ', 0.000, 0.000, 0.00, 0.00, ' ', '   ', '00:00:00', '    ', ' ', '  ', '                              ', '                              ', 99, '                    ', ' ', 1, '2025-01-01 00:00:00', 1, '2025-05-09 13:29:19', 1),
	(98, 'IKDF2011', 'LMP AYM TIRAM DF', 'LMP AYM TIRAM DF                        ', 'LMP AYM TIRAM DF    ', '                    ', '                    ', '                    ', 9999.00, 9999.00, 9999.00, 9999.00, 9999.00, 0.00, 0.00, 0.00, 0.00, 0.00, 0.00, '    ', 1, 2, 16, 0, 'F01', ' ', ' ', '1', ' ', ' ', ' ', ' ', ' ', ' ', 0.000, ' ', 1, '10000', '100', '1', '1', '0002', '001', '003', '   ', '   ', '   ', '   ', '   ', '   ', '   ', '    ', '      ', '      ', '      ', '      ', '      ', '    ', '      ', '      ', '      ', '      ', '      ', '    ', 0.000, 0.000, 0.00, 0.00, ' ', '   ', '00:00:00', '    ', ' ', '  ', '                              ', '                              ', 99, '                    ', ' ', 1, '2025-01-01 00:00:00', 1, '2025-05-09 13:29:19', 1),
	(99, 'IKDF2012', 'LMP AYM JMR DF', 'LMP AYM JMR DF                          ', 'LMP AYM JMR DF      ', '                    ', '                    ', '                    ', 9999.00, 9999.00, 9999.00, 9999.00, 9999.00, 0.00, 0.00, 0.00, 0.00, 0.00, 0.00, '    ', 1, 2, 16, 0, 'F01', ' ', ' ', '1', ' ', ' ', ' ', ' ', ' ', ' ', 0.000, ' ', 1, '10000', '100', '1', '1', '0002', '001', '003', '   ', '   ', '   ', '   ', '   ', '   ', '   ', '    ', '      ', '      ', '      ', '      ', '      ', '    ', '      ', '      ', '      ', '      ', '      ', '    ', 0.000, 0.000, 0.00, 0.00, ' ', '   ', '00:00:00', '    ', ' ', '  ', '                              ', '                              ', 99, '                    ', ' ', 1, '2025-01-01 00:00:00', 1, '2025-05-09 13:29:19', 1),
	(100, 'IKDF2013', 'LMP KLT TH UDG DF', 'LMP KLT TH UDG DF                       ', 'LMP KLT TH UDG DF   ', '                    ', '                    ', '                    ', 9999.00, 9999.00, 9999.00, 9999.00, 9999.00, 0.00, 0.00, 0.00, 0.00, 0.00, 0.00, '    ', 1, 2, 16, 0, 'F01', ' ', ' ', '1', ' ', ' ', ' ', ' ', ' ', ' ', 0.000, ' ', 1, '10000', '100', '1', '1', '0002', '001', '003', '   ', '   ', '   ', '   ', '   ', '   ', '   ', '    ', '      ', '      ', '      ', '      ', '      ', '    ', '      ', '      ', '      ', '      ', '      ', '    ', 0.000, 0.000, 0.00, 0.00, ' ', '   ', '00:00:00', '    ', ' ', '  ', '                              ', '                              ', 99, '                    ', ' ', 1, '2025-01-01 00:00:00', 1, '2025-05-09 13:29:19', 1);

-- Dumping structure for table pos_resto.menu_category
CREATE TABLE IF NOT EXISTS `menu_category` (
  `id` int(11) NOT NULL AUTO_INCREMENT,
  `idx` varchar(10) NOT NULL DEFAULT '0',
  `desc1` varchar(200) NOT NULL DEFAULT '',
  `desc2` varchar(200) NOT NULL DEFAULT '',
  `desc3` varchar(200) NOT NULL DEFAULT '',
  `mjcat` varchar(200) NOT NULL DEFAULT '',
  `kmcolor` varchar(200) NOT NULL DEFAULT '',
  `srvorder` tinyint(4) DEFAULT NULL,
  `sttime` varchar(200) DEFAULT NULL,
  `endtime` varchar(200) DEFAULT NULL,
  `presence` tinyint(2) NOT NULL DEFAULT 1,
  `inputDate` datetime NOT NULL DEFAULT '2025-01-01 00:00:00',
  `inputBy` smallint(6) NOT NULL DEFAULT 1,
  `updateDate` datetime NOT NULL DEFAULT '2025-01-01 00:00:00',
  `updateBy` smallint(6) NOT NULL DEFAULT 1,
  PRIMARY KEY (`id`)
) ENGINE=InnoDB AUTO_INCREMENT=67 DEFAULT CHARSET=utf8mb4 COLLATE=utf8mb4_general_ci ROW_FORMAT=DYNAMIC;

-- Dumping data for table pos_resto.menu_category: ~66 rows (approximately)
INSERT INTO `menu_category` (`id`, `idx`, `desc1`, `desc2`, `desc3`, `mjcat`, `kmcolor`, `srvorder`, `sttime`, `endtime`, `presence`, `inputDate`, `inputBy`, `updateDate`, `updateBy`) VALUES
	(1, 'AP02', 'APPETIZER K2                  ', 'APPETIZER K2                  ', 'APPETIZER K2                  ', '    2', '      3', 2, '      ', '      ', 1, '2025-01-01 00:00:00', 1, '2025-05-08 17:50:22', 1),
	(2, 'AP03', 'APPETIZER K2 OL               ', 'APPETIZER K2 OL               ', 'APPETIZER K2 OL               ', '    6', '      5', 2, '      ', '      ', 1, '2025-01-01 00:00:00', 1, '2025-05-08 17:50:22', 1),
	(3, 'BR01', 'BAR RECOMENDATION             ', 'BAR RECOMENDATION             ', 'BAR RECOMENDATION             ', '    ', '      ', 0, '      ', '      ', 1, '2025-01-01 00:00:00', 1, '2025-05-08 17:50:22', 1),
	(4, 'BR02', 'BAR RECOMENDATION K2 OL       ', 'BAR RECOMENDATION K2 OL       ', 'BAR RECOMENDATION K2 OL       ', '    ', '      ', 0, '      ', '      ', 1, '2025-01-01 00:00:00', 1, '2025-05-08 17:50:22', 1),
	(5, 'CM02', 'COCKTAIL&MOCKTAIL K2          ', 'COCKTAIL&MOCKTAIL K2          ', 'COCKTAIL&MOCKTAIL K2          ', '    ', '      ', 0, '      ', '      ', 1, '2025-01-01 00:00:00', 1, '2025-05-08 17:50:22', 1),
	(6, 'CM03', 'COCKTAIL&MOCKTAIL K2 OL       ', 'COCKTAIL&MOCKTAIL K2 OL       ', 'COCKTAIL&MOCKTAIL K2 OL       ', '    ', '      ', 0, '      ', '      ', 1, '2025-01-01 00:00:00', 1, '2025-05-08 17:50:22', 1),
	(7, 'CR02', 'CHEF RECOMENDATION K2         ', 'CHEF RECOMENDATION K2         ', 'CHEF RECOMENDATION K2         ', '    ', '      ', 0, '      ', '      ', 1, '2025-01-01 00:00:00', 1, '2025-05-08 17:50:22', 1),
	(8, 'CR03', 'CHEF RECOMENDATION K2 OL      ', 'CHEF RECOMENDATION K2 OL      ', 'CHEF RECOMENDATION K2 OL      ', '    ', '      ', 0, '      ', '      ', 1, '2025-01-01 00:00:00', 1, '2025-05-08 17:50:22', 1),
	(9, 'CS02', 'COUNGE & SOUP K2              ', 'COUNGE & SOUP K2              ', 'COUNGE & SOUP K2              ', '    ', '      ', 0, '      ', '      ', 1, '2025-01-01 00:00:00', 1, '2025-05-08 17:50:22', 1),
	(10, 'CS03', 'COUNGE & SOUP K2 OL           ', 'COUNGE & SOUP K2 OL           ', 'COUNGE & SOUP K2 OL           ', '    ', '      ', 0, '      ', '      ', 1, '2025-01-01 00:00:00', 1, '2025-05-08 17:50:22', 1),
	(11, 'D102', 'DIMSUM REG K2                 ', 'DIMSUM REG K2                 ', 'DIMSUM REG K2                 ', '    ', '      ', 0, '      ', '      ', 1, '2025-01-01 00:00:00', 1, '2025-05-08 17:50:22', 1),
	(12, 'D103', 'DIMSUM REG K2 OL              ', 'DIMSUM REG K2 OL              ', 'DIMSUM REG K2 OL              ', '    ', '      ', 0, '      ', '      ', 1, '2025-01-01 00:00:00', 1, '2025-05-08 17:50:22', 1),
	(13, 'D202', 'DESSERT K2                    ', 'DESSERT K2                    ', 'DESSERT K2                    ', '    ', '      ', 0, '      ', '      ', 1, '2025-01-01 00:00:00', 1, '2025-05-08 17:50:22', 1),
	(14, 'D203', 'DESSERT K2 OL                 ', 'DESSERT K2 OL                 ', 'DESSERT K2 OL                 ', '    ', '      ', 0, '      ', '      ', 1, '2025-01-01 00:00:00', 1, '2025-05-08 17:50:22', 1),
	(15, 'DD02', 'DIMSUM DAY K2                 ', 'DIMSUM DAY K2                 ', 'DIMSUM DAY K2                 ', '    ', '      ', 0, '      ', '      ', 1, '2025-01-01 00:00:00', 1, '2025-05-08 17:50:22', 1),
	(16, 'DF02', 'DIMSUM FIESTA K2              ', 'DIMSUM FIESTA K2              ', 'DIMSUM FIESTA K2              ', '    ', '      ', 0, '      ', '      ', 1, '2025-01-01 00:00:00', 1, '2025-05-08 17:50:22', 1),
	(17, 'DR02', 'DRINK RECOMENDATION           ', 'DRINK RECOMENDATION           ', 'DRINK RECOMENDATION           ', '    ', '      ', 0, '      ', '      ', 1, '2025-01-01 00:00:00', 1, '2025-05-08 17:50:22', 1),
	(18, 'DR03', 'DESSERT RECOMENDATION         ', 'DESSERT RECOMENDATION         ', 'DESSERT RECOMENDATION         ', '    ', '      ', 0, '      ', '      ', 1, '2025-01-01 00:00:00', 1, '2025-05-08 17:50:22', 1),
	(19, 'DR04', 'DESSERT RECOMENDATION OL      ', 'DESSERT RECOMENDATION OL      ', 'DESSERT RECOMENDATION OL      ', '    ', '      ', 0, '      ', '      ', 1, '2025-01-01 00:00:00', 1, '2025-05-08 17:50:22', 1),
	(20, 'DS01', 'DIMSUM SMALL K2               ', 'DIMSUM SMALL K2               ', 'DIMSUM SMALL K2               ', '    ', '      ', 0, '      ', '      ', 1, '2025-01-01 00:00:00', 1, '2025-05-08 17:50:22', 1),
	(21, 'DS02', 'DIMSUM SMALL K2 OL            ', 'DIMSUM SMALL K2 OL            ', 'DIMSUM SMALL K2 OL            ', '    ', '      ', 0, '      ', '      ', 1, '2025-01-01 00:00:00', 1, '2025-05-08 17:50:22', 1),
	(22, 'E002', 'EZEELINK                      ', 'EZEELINK                      ', 'EZEELINK                      ', '    ', '      ', 0, '      ', '      ', 1, '2025-01-01 00:00:00', 1, '2025-05-08 17:50:22', 1),
	(23, 'FI02', 'FREE ITEM                     ', 'FREE ITEM                     ', 'FREE ITEM                     ', '    ', '      ', 0, '      ', '      ', 1, '2025-01-01 00:00:00', 1, '2025-05-08 17:50:22', 1),
	(24, 'HC02', 'HOT COFFEE K2                 ', 'HOT COFFEE K2                 ', 'HOT COFFEE K2                 ', '    ', '      ', 0, '      ', '      ', 1, '2025-01-01 00:00:00', 1, '2025-05-08 17:50:22', 1),
	(25, 'HC03', 'HOT COFFEE K2 OL              ', 'HOT COFFEE K2 OL              ', 'HOT COFFEE K2 OL              ', '    ', '      ', 0, '      ', '      ', 1, '2025-01-01 00:00:00', 1, '2025-05-08 17:50:22', 1),
	(26, 'HT02', 'HOT TEA K2                    ', 'HOT TEA K2                    ', 'HOT TEA K2                    ', '    ', '      ', 0, '      ', '      ', 1, '2025-01-01 00:00:00', 1, '2025-05-08 17:50:22', 1),
	(27, 'HT03', 'HOT TEA K2 OL                 ', 'HOT TEA K2 OL                 ', 'HOT TEA K2 OL                 ', '    ', '      ', 0, '      ', '      ', 1, '2025-01-01 00:00:00', 1, '2025-05-08 17:50:22', 1),
	(28, 'IT02', 'ICED TEA K2                   ', 'ICED TEA K2                   ', 'ICED TEA K2                   ', '    ', '      ', 0, '      ', '      ', 1, '2025-01-01 00:00:00', 1, '2025-05-08 17:50:22', 1),
	(29, 'IT03', 'ICED TEA K2 OL                ', 'ICED TEA K2 OL                ', 'ICED TEA K2 OL                ', '    ', '      ', 0, '      ', '      ', 1, '2025-01-01 00:00:00', 1, '2025-05-08 17:50:22', 1),
	(30, 'J002', 'JUICES K2                     ', 'JUICES K2                     ', 'JUICES K2                     ', '    ', '      ', 0, '      ', '      ', 1, '2025-01-01 00:00:00', 1, '2025-05-08 17:50:22', 1),
	(31, 'J003', 'JUICES K2 OL                  ', 'JUICES K2 OL                  ', 'JUICES K2 OL                  ', '    ', '      ', 0, '      ', '      ', 1, '2025-01-01 00:00:00', 1, '2025-05-08 17:50:22', 1),
	(32, 'M002', 'MILKSHAKE K2                  ', 'MILKSHAKE K2                  ', 'MILKSHAKE K2                  ', '    ', '      ', 0, '      ', '      ', 1, '2025-01-01 00:00:00', 1, '2025-05-08 17:50:22', 1),
	(33, 'M003', 'MILKSHAKE K2 OL               ', 'MILKSHAKE K2 OL               ', 'MILKSHAKE K2 OL               ', '    ', '      ', 0, '      ', '      ', 1, '2025-01-01 00:00:00', 1, '2025-05-08 17:50:22', 1),
	(34, 'MB01', 'MINI BOWL K2                  ', 'MINI BOWL K2                  ', 'MINI BOWL K2                  ', '    ', '      ', 0, '      ', '      ', 1, '2025-01-01 00:00:00', 1, '2025-05-08 17:50:22', 1),
	(35, 'MB02', 'MINI BOWL K2 OL               ', 'MINI BOWL K2 OL               ', 'MINI BOWL K2 OL               ', '    ', '      ', 0, '      ', '      ', 1, '2025-01-01 00:00:00', 1, '2025-05-08 17:50:22', 1),
	(36, 'MC02', 'MOON CAKE K2                  ', 'MOON CAKE K2                  ', 'MOON CAKE K2                  ', '    ', '      ', 0, '      ', '      ', 1, '2025-01-01 00:00:00', 1, '2025-05-08 17:50:22', 1),
	(37, 'MP01', 'MARKET PLACE K2               ', 'MARKET PLACE K2               ', 'MARKET PLACE K2               ', '    ', '      ', 0, '      ', '      ', 1, '2025-01-01 00:00:00', 1, '2025-05-08 17:50:22', 1),
	(38, 'MP02', 'MARKET PLACE K2 OL            ', 'MARKET PLACE K2 OL            ', 'MARKET PLACE K2 OL            ', '    ', '      ', 0, '      ', '      ', 1, '2025-01-01 00:00:00', 1, '2025-05-08 17:50:22', 1),
	(39, 'N002', 'NOODLE K2                     ', 'NOODLE K2                     ', 'NOODLE K2                     ', '    ', '      ', 0, '      ', '      ', 1, '2025-01-01 00:00:00', 1, '2025-05-08 17:50:22', 1),
	(40, 'N003', 'NOODLE K2 OL                  ', 'NOODLE K2 OL                  ', 'NOODLE K2 OL                  ', '    ', '      ', 0, '      ', '      ', 1, '2025-01-01 00:00:00', 1, '2025-05-08 17:50:22', 1),
	(41, 'O002', 'OTHER K2                      ', 'OTHER K2                      ', 'OTHER K2                      ', '    ', '      ', 0, '      ', '      ', 1, '2025-01-01 00:00:00', 1, '2025-05-08 17:50:22', 1),
	(42, 'O003', 'OTHER K2 OL                   ', 'OTHER K2 OL                   ', 'OTHER K2 OL                   ', '    ', '      ', 0, '      ', '      ', 1, '2025-01-01 00:00:00', 1, '2025-05-08 17:50:22', 1),
	(43, 'P002', 'PACKAGING                     ', 'PACKAGING                     ', 'PACKAGING                     ', '    ', '      ', 0, '      ', '      ', 1, '2025-01-01 00:00:00', 1, '2025-05-08 17:50:22', 1),
	(44, 'R002', 'RICE(CHINESE FOOD) K2         ', 'RICE(CHINESE FOOD) K2         ', 'RICE(CHINESE FOOD) K2         ', '    ', '      ', 0, '      ', '      ', 1, '2025-01-01 00:00:00', 1, '2025-05-08 17:50:22', 1),
	(45, 'R003', 'RICE(CHINESE FOOD) K2 OL      ', 'RICE(CHINESE FOOD) K2 OL      ', 'RICE(CHINESE FOOD) K2 OL      ', '    ', '      ', 0, '      ', '      ', 1, '2025-01-01 00:00:00', 1, '2025-05-08 17:50:22', 1),
	(46, 'R101', 'RETAIL                        ', 'RETAIL                        ', 'RETAIL                        ', '    ', '      ', 0, '      ', '      ', 1, '2025-01-01 00:00:00', 1, '2025-05-08 17:50:22', 1),
	(47, 'S002', 'SEAFOOD K2                    ', 'SEAFOOD K2                    ', 'SEAFOOD K2                    ', '    ', '      ', 0, '      ', '      ', 1, '2025-01-01 00:00:00', 1, '2025-05-08 17:50:22', 1),
	(48, 'S003', 'SEAFOOD K2 OL                 ', 'SEAFOOD K2 OL                 ', 'SEAFOOD K2 OL                 ', '    ', '      ', 0, '      ', '      ', 1, '2025-01-01 00:00:00', 1, '2025-05-08 17:50:22', 1),
	(49, 'SD12', 'SPECIAL DISHES(CHINESE FOOD)K2', 'SPECIAL DISHES(CHINESE FOOD)K2', 'SPECIAL DISHES(CHINESE FOOD)K2', '    ', '      ', 0, '      ', '      ', 1, '2025-01-01 00:00:00', 1, '2025-05-08 17:50:22', 1),
	(50, 'SD13', 'SPECIAL DISHES K2 OL          ', 'SPECIAL DISHES K2 OL          ', 'SPECIAL DISHES K2 OL          ', '    ', '      ', 0, '      ', '      ', 1, '2025-01-01 00:00:00', 1, '2025-05-08 17:50:22', 1),
	(51, 'SD22', 'SOFT DRINK K2                 ', 'SOFT DRINK K2                 ', 'SOFT DRINK K2                 ', '    ', '      ', 0, '      ', '      ', 1, '2025-01-01 00:00:00', 1, '2025-05-08 17:50:22', 1),
	(52, 'SD23', 'SOFT DRINK K2 OL              ', 'SOFT DRINK K2 OL              ', 'SOFT DRINK K2 OL              ', '    ', '      ', 0, '      ', '      ', 1, '2025-01-01 00:00:00', 1, '2025-05-08 17:50:22', 1),
	(53, 'SE01', 'SPECIAL EVENT K2              ', 'SPECIAL EVENT K2              ', 'SPECIAL EVENT K2              ', '    ', '      ', 0, '      ', '      ', 1, '2025-01-01 00:00:00', 1, '2025-05-08 17:50:22', 1),
	(54, 'SE02', 'SPECIAL EVENT K2 OL           ', 'SPECIAL EVENT K2 OL           ', 'SPECIAL EVENT K2 OL           ', '    ', '      ', 0, '      ', '      ', 1, '2025-01-01 00:00:00', 1, '2025-05-08 17:50:22', 1),
	(55, 'SM02', 'SET MENU K2                   ', 'SET MENU K2                   ', 'SET MENU K2                   ', '    ', '      ', 0, '      ', '      ', 1, '2025-01-01 00:00:00', 1, '2025-05-08 17:50:22', 1),
	(56, 'SO02', 'SIDE ORDER K2                 ', 'SIDE ORDER K2                 ', 'SIDE ORDER K2                 ', '    ', '      ', 0, '      ', '      ', 1, '2025-01-01 00:00:00', 1, '2025-05-08 17:50:22', 1),
	(57, 'SO03', 'SIDE ORDER K2 OL              ', 'SIDE ORDER K2 OL              ', 'SIDE ORDER K2 OL              ', '    ', '      ', 0, '      ', '      ', 1, '2025-01-01 00:00:00', 1, '2025-05-08 17:50:22', 1),
	(58, 'SP02', 'PROMO FOOD K2                 ', 'PROMO FOOD K2                 ', 'PROMO FOOD K2                 ', '    ', '      ', 0, '      ', '      ', 1, '2025-01-01 00:00:00', 1, '2025-05-08 17:50:22', 1),
	(59, 'SP03', 'PROMO FOOD  K2 OL             ', 'PROMO FOOD  K2 OL             ', 'PROMO FOOD  K2 OL             ', '    ', '      ', 0, '      ', '      ', 1, '2025-01-01 00:00:00', 1, '2025-05-08 17:50:22', 1),
	(60, 'SP04', 'PROMO BEVERAGE K2             ', 'PROMO BEVERAGE K2             ', 'PROMO BEVERAGE K2             ', '    ', '      ', 0, '      ', '      ', 1, '2025-01-01 00:00:00', 1, '2025-05-08 17:50:22', 1),
	(61, 'SP05', 'PROMO BEVERAGE OL K2          ', 'PROMO BEVERAGE OL K2          ', 'PROMO BEVERAGE OL K2          ', '    ', '      ', 0, '      ', '      ', 1, '2025-01-01 00:00:00', 1, '2025-05-08 17:50:22', 1),
	(62, 'TA02', 'FOOD TAKE AWAY K2             ', 'FOOD TAKE AWAY K2             ', 'FOOD TAKE AWAY K2             ', '    ', '      ', 0, '      ', '      ', 1, '2025-01-01 00:00:00', 1, '2025-05-08 17:50:22', 1),
	(63, 'TA03', 'FOOD TAKE AWAY K2 OL          ', 'FOOD TAKE AWAY K2 OL          ', 'FOOD TAKE AWAY K2 OL          ', '    ', '      ', 0, '      ', '      ', 1, '2025-01-01 00:00:00', 1, '2025-05-08 17:50:22', 1),
	(64, 'V002', 'VEGETABLES K2                 ', 'VEGETABLES K2                 ', 'VEGETABLES K2                 ', '    ', '      ', 0, '      ', '      ', 1, '2025-01-01 00:00:00', 1, '2025-05-08 17:50:22', 1),
	(65, 'V003', 'VEGETABLES K2 OL              ', 'VEGETABLES K2 OL              ', 'VEGETABLES K2 OL              ', '    ', '      ', 0, '      ', '      ', 1, '2025-01-01 00:00:00', 1, '2025-05-08 17:50:22', 1),
	(66, '0', 'Set 1', '', '', '', '', NULL, NULL, NULL, 0, '2025-05-08 17:35:23', 1, '2025-05-08 17:36:21', 1);

-- Dumping structure for table pos_resto.menu_class
CREATE TABLE IF NOT EXISTS `menu_class` (
  `id` varchar(200) NOT NULL DEFAULT '0',
  `desc1` varchar(200) DEFAULT NULL,
  `desc2` varchar(200) DEFAULT NULL,
  `desc3` varchar(200) DEFAULT NULL,
  `mjclass` varchar(200) DEFAULT NULL,
  `kmcolor` varchar(200) DEFAULT NULL,
  `presence` tinyint(2) NOT NULL DEFAULT 1,
  `inputDate` datetime NOT NULL DEFAULT '2025-01-01 00:00:00',
  `inputBy` smallint(6) NOT NULL DEFAULT 1,
  `updateDate` datetime NOT NULL DEFAULT '2025-01-01 00:00:00',
  `updateBy` smallint(6) NOT NULL DEFAULT 1,
  PRIMARY KEY (`id`)
) ENGINE=InnoDB DEFAULT CHARSET=utf8mb4 COLLATE=utf8mb4_general_ci ROW_FORMAT=DYNAMIC;

-- Dumping data for table pos_resto.menu_class: ~0 rows (approximately)
INSERT INTO `menu_class` (`id`, `desc1`, `desc2`, `desc3`, `mjclass`, `kmcolor`, `presence`, `inputDate`, `inputBy`, `updateDate`, `updateBy`) VALUES
	('0', '123', NULL, NULL, '1', '3', 0, '2025-05-08 17:56:41', 1, '2025-05-08 17:57:30', 1);

-- Dumping structure for table pos_resto.menu_department
CREATE TABLE IF NOT EXISTS `menu_department` (
  `id` int(11) NOT NULL AUTO_INCREMENT,
  `idx` varchar(200) NOT NULL DEFAULT '0',
  `desc1` varchar(200) DEFAULT NULL,
  `desc2` varchar(200) DEFAULT NULL,
  `desc3` varchar(200) DEFAULT NULL,
  `mjdept` varchar(200) DEFAULT NULL,
  `kmcolor` varchar(200) DEFAULT NULL,
  `printseq` varchar(200) DEFAULT NULL,
  `presence` tinyint(2) NOT NULL DEFAULT 1,
  `inputDate` datetime NOT NULL DEFAULT '2025-01-01 00:00:00',
  `inputBy` smallint(6) NOT NULL DEFAULT 1,
  `updateDate` datetime NOT NULL DEFAULT '2025-01-01 00:00:00',
  `updateBy` smallint(6) NOT NULL DEFAULT 1,
  PRIMARY KEY (`id`)
) ENGINE=InnoDB AUTO_INCREMENT=8 DEFAULT CHARSET=utf8mb4 COLLATE=utf8mb4_general_ci ROW_FORMAT=DYNAMIC;

-- Dumping data for table pos_resto.menu_department: ~7 rows (approximately)
INSERT INTO `menu_department` (`id`, `idx`, `desc1`, `desc2`, `desc3`, `mjdept`, `kmcolor`, `printseq`, `presence`, `inputDate`, `inputBy`, `updateDate`, `updateBy`) VALUES
	(1, 'B101', 'BEVERAGE', 'BEVERAGE                      ', 'BEVERAGE                      ', '    2', '      3', '  4', 1, '2025-01-01 00:00:00', 1, '2025-05-08 17:49:52', 1),
	(2, 'F101', 'FOOD', 'FOOD                          ', 'FOOD                          ', '    1', '      ', '  ', 1, '2025-01-01 00:00:00', 1, '2025-05-08 17:49:52', 1),
	(3, 'IC01', 'IMPERIAL CARD', 'IMPERIAL CARD                 ', 'IMPERIAL CARD                 ', '    ', '      ', '0 ', 1, '2025-01-01 00:00:00', 1, '2025-05-08 17:49:52', 1),
	(4, 'M101', 'MISC.', 'MISC.                         ', 'MISC.                         ', '    ', '      ', '  ', 1, '2025-01-01 00:00:00', 1, '2025-05-08 17:49:52', 1),
	(5, 'R101', 'RETAIL', 'RETAIL                        ', 'RETAIL                        ', '    ', '      ', '0 ', 1, '2025-01-01 00:00:00', 1, '2025-05-08 17:49:52', 1),
	(6, 'V001', 'VOUCHER', 'VOUCHER                       ', 'VOUCHER                       ', '    ', '      ', '0 ', 1, '2025-01-01 00:00:00', 1, '2025-05-08 17:49:52', 1);

-- Dumping structure for table pos_resto.menu_lookup
CREATE TABLE IF NOT EXISTS `menu_lookup` (
  `menuluid` varchar(6) DEFAULT NULL,
  `seq` smallint(6) DEFAULT NULL,
  `issublu` varchar(1) DEFAULT NULL,
  `item` varchar(8) DEFAULT NULL,
  `subluid` varchar(6) DEFAULT NULL
) ENGINE=InnoDB DEFAULT CHARSET=utf8mb4 COLLATE=utf8mb4_general_ci ROW_FORMAT=DYNAMIC;

-- Dumping data for table pos_resto.menu_lookup: ~100 rows (approximately)
INSERT INTO `menu_lookup` (`menuluid`, `seq`, `issublu`, `item`, `subluid`) VALUES
	('A10001', 1, ' ', 'IKAP2001', '      '),
	('A10001', 2, ' ', 'IKAP2002', '      '),
	('A10001', 3, ' ', 'IKAP2003', '      '),
	('A10001', 4, ' ', 'IKAP2004', '      '),
	('A10001', 5, ' ', 'IKAP2005', '      '),
	('A10001', 6, ' ', 'IKAP2006', '      '),
	('CM1001', 1, ' ', 'IKCM2001', '      '),
	('CM1001', 2, ' ', 'IKCM2002', '      '),
	('CM1001', 3, ' ', 'IKCM2003', '      '),
	('CS1004', 1, ' ', 'IKCS2015', '      '),
	('CS1004', 2, ' ', 'IKCS2016', '      '),
	('CS1004', 3, ' ', 'IKCS2017', '      '),
	('CS1004', 4, ' ', 'IKCS2018', '      '),
	('CS1003', 1, ' ', 'IKCS2019', '      '),
	('CS1003', 2, ' ', 'IKCS2020', '      '),
	('CS1003', 3, ' ', 'IKCS2021', '      '),
	('D20001', 1, ' ', 'IKDT2001', '      '),
	('D20001', 2, ' ', 'IKDT2002', '      '),
	('D20001', 3, ' ', 'IKDT2003', '      '),
	('D20001', 4, ' ', 'IKDT2004', '      '),
	('D20001', 5, ' ', 'IKDT2005', '      '),
	('D20001', 6, ' ', 'IKDT2006', '      '),
	('D20001', 7, ' ', 'IKDT2007', '      '),
	('D20001', 8, ' ', 'IKDT2008', '      '),
	('D20001', 9, ' ', 'IKDT2009', '      '),
	('D20001', 10, ' ', 'IKDT2010', '      '),
	('D20001', 11, ' ', 'IKDT2011', '      '),
	('D20001', 12, ' ', 'IKDT2012', '      '),
	('D20001', 13, ' ', 'IKDT2013', '      '),
	('D20001', 14, ' ', 'IKDT2014', '      '),
	('D20001', 15, ' ', 'IKDT2015', '      '),
	('D20001', 16, ' ', 'IKDT2016', '      '),
	('D20001', 17, ' ', 'IKDT2018', '      '),
	('DD1001', 1, ' ', 'IKDD2001', '      '),
	('DD1001', 2, ' ', 'IKDD2002', '      '),
	('DD1001', 3, ' ', 'IKDD2003', '      '),
	('DD1001', 4, ' ', 'IKDD2004', '      '),
	('DD1001', 5, ' ', 'IKDD2005', '      '),
	('DD1001', 6, ' ', 'IKDD2006', '      '),
	('DD1001', 7, ' ', 'IKDD2007', '      '),
	('DD1001', 8, ' ', 'IKDD2008', '      '),
	('DD1001', 9, ' ', 'IKDD2009', '      '),
	('DD1001', 10, ' ', 'IKDD2010', '      '),
	('DD1001', 11, ' ', 'IKDD2011', '      '),
	('DD1001', 12, ' ', 'IKDD2012', '      '),
	('DD1001', 13, ' ', 'IKDD2013', '      '),
	('DD1001', 14, ' ', 'IKDD2014', '      '),
	('DD1001', 15, ' ', 'IKDD2015', '      '),
	('DD1001', 16, ' ', 'IKDD2016', '      '),
	('DD1001', 17, ' ', 'IKDD2017', '      '),
	('DD1001', 18, ' ', 'IKDD2018', '      '),
	('DD1001', 19, ' ', 'IKDD2019', '      '),
	('DD1001', 20, ' ', 'IKDD2020', '      '),
	('DD1001', 21, ' ', 'IKDD2021', '      '),
	('DD1001', 22, ' ', 'IKDD2022', '      '),
	('DD1001', 23, ' ', 'IKDD2023', '      '),
	('DD1001', 24, ' ', 'IKDD2024', '      '),
	('DD1001', 25, ' ', 'IKDD2025', '      '),
	('DD1001', 26, ' ', 'IKDD2026', '      '),
	('DD1001', 27, ' ', 'IKDD2027', '      '),
	('DD1001', 28, ' ', 'IKDD2028', '      '),
	('DD1001', 29, ' ', 'IKDD2029', '      '),
	('CS2001', 1, ' ', 'IKCS2001', '      '),
	('CS2001', 2, ' ', 'IKCS2002', '      '),
	('CS2001', 3, ' ', 'IKCS2003', '      '),
	('CS2001', 4, ' ', 'IKCS2004', '      '),
	('CS2002', 1, ' ', 'IKCS2005', '      '),
	('CS2002', 2, ' ', 'IKCS2006', '      '),
	('CS2002', 3, ' ', 'IKCS2007', '      '),
	('CS2002', 4, ' ', 'IKCS2008', '      '),
	('CS2002', 5, ' ', 'IKCS2009', '      '),
	('CS2002', 6, ' ', 'IKCS2010', '      '),
	('CS2003', 1, ' ', 'IKCS2011', '      '),
	('CS2003', 2, ' ', 'IKCS2012', '      '),
	('CS2003', 3, ' ', 'IKCS2013', '      '),
	('CS2003', 4, ' ', 'IKCS2014', '      '),
	('DMR203', 1, ' ', 'IKDR2001', '      '),
	('DMR203', 7, ' ', 'IKDR2007', '      '),
	('DMR203', 2, ' ', 'IKDR2012', '      '),
	('DMR203', 3, ' ', 'IKDR2013', '      '),
	('DMR203', 4, ' ', 'IKDR2014', '      '),
	('DMR203', 5, ' ', 'IKDR2028', '      '),
	('DMR203', 6, ' ', 'IKDR2016', '      '),
	('DMR202', 1, ' ', 'IKDR2002', '      '),
	('DMR202', 2, ' ', 'IKDR2003', '      '),
	('DMR202', 3, ' ', 'IKDR2004', '      '),
	('DMR202', 4, ' ', 'IKDR2005', '      '),
	('DMR202', 5, ' ', 'IKDR2006', '      '),
	('DMR202', 6, ' ', 'IKDR2008', '      '),
	('DMR202', 7, ' ', 'IKDR2009', '      '),
	('DMR202', 8, ' ', 'IKDR2010', '      '),
	('DMR202', 9, ' ', 'IKDR2015', '      '),
	('DMR202', 10, ' ', 'IKDR2017', '      '),
	('DMR202', 11, ' ', 'IKDR2018', '      '),
	('DMR202', 12, ' ', 'IKDR2019', '      '),
	('DMR202', 13, ' ', 'IKDR2020', '      '),
	('DMR202', 14, ' ', 'IKDR2021', '      '),
	('DMR202', 15, ' ', 'IKDR2022', '      '),
	('DMR202', 16, ' ', 'IKDR2023', '      '),
	('DMR202', 17, ' ', 'IKDR2024', '      ');

-- Dumping structure for table pos_resto.menu_lookup_title
CREATE TABLE IF NOT EXISTS `menu_lookup_title` (
  `menuluid` varchar(6) DEFAULT NULL,
  `desc1` varchar(30) DEFAULT NULL,
  `desc2` varchar(30) DEFAULT NULL,
  `desc3` varchar(30) DEFAULT NULL,
  `refluid` varchar(6) DEFAULT NULL,
  `rows` tinyint(4) DEFAULT NULL,
  `cols` tinyint(4) DEFAULT NULL
) ENGINE=InnoDB DEFAULT CHARSET=utf8mb4 COLLATE=utf8mb4_general_ci ROW_FORMAT=DYNAMIC;

-- Dumping data for table pos_resto.menu_lookup_title: ~100 rows (approximately)
INSERT INTO `menu_lookup_title` (`menuluid`, `desc1`, `desc2`, `desc3`, `refluid`, `rows`, `cols`) VALUES
	('A10001', 'APPETIZER                     ', 'APPETIZER                     ', 'APPETIZER                     ', '      ', 0, 0),
	('CS1001', 'CONGEE & SOUP                 ', 'CONGEE & SOUP                 ', 'CONGEE & SOUP                 ', '      ', 0, 0),
	('N10001', 'NOODLE                        ', 'NOODLE                        ', 'NOODLE                        ', '      ', 0, 0),
	('R10001', 'RICE                          ', 'RICE                          ', 'RICE                          ', '      ', 0, 0),
	('SD1001', 'SPECIAL DISH                  ', 'SPECIAL DISH                  ', 'SPECIAL DISH                  ', '      ', 0, 0),
	('V10001', 'VEGETABLES                    ', 'VEGETABLES                    ', 'VEGETABLES                    ', '      ', 0, 0),
	('S10001', 'SEAFOOD                       ', 'SEAFOOD                       ', 'SEAFOOD                       ', '      ', 0, 0),
	('S10002', 'IKAN GURAME                   ', 'IKAN GURAME                   ', 'IKAN GURAME                   ', '      ', 0, 0),
	('S10003', 'IKAN MALAS                    ', 'IKAN MALAS                    ', 'IKAN MALAS                    ', '      ', 0, 0),
	('S10004', 'KEPITING                      ', 'KEPITING                      ', 'KEPITING                      ', '      ', 0, 0),
	('S10005', 'UDANG                         ', 'UDANG                         ', 'UDANG                         ', '      ', 0, 0),
	('S10006', 'CUMI                          ', 'CUMI                          ', 'CUMI                          ', '      ', 0, 0),
	('D20001', 'DESSERT                       ', 'DESSERT                       ', 'DESSERT                       ', '      ', 0, 0),
	('T10001', 'TEA                           ', 'TEA                           ', 'TEA                           ', '      ', 0, 0),
	('T10002', 'HOT TEA                       ', 'HOT TEA                       ', 'HOT TEA                       ', '      ', 0, 0),
	('T10003', 'ICED TEA                      ', 'ICED TEA                      ', 'ICED TEA                      ', '      ', 0, 0),
	('M10001', 'MILKSHAKE                     ', 'MILKSHAKE                     ', 'MILKSHAKE                     ', '      ', 0, 0),
	('S20001', 'SOFT DRINK                    ', 'SOFT DRINK                    ', 'SOFT DRINK                    ', '      ', 0, 0),
	('O10001', 'OTHER                         ', 'OTHER                         ', 'OTHER                         ', '      ', 0, 0),
	('J10001', 'JUICES                        ', 'JUICES                        ', 'JUICES                        ', '      ', 0, 0),
	('CM1001', 'COCKTAIL&MOCKTAIL             ', 'COCKTAIL&MOCKTAIL             ', 'COCKTAIL&MOCKTAIL             ', '      ', 0, 0),
	('CS1002', 'CONGEE                        ', 'CONGEE                        ', 'CONGEE                        ', '      ', 0, 0),
	('CS1003', 'SOUP                          ', 'SOUP                          ', 'SOUP                          ', '      ', 0, 0),
	('CR1001', 'CHEF RECOMENDATION            ', 'CHEF RECOMENDATION            ', 'CHEF RECOMENDATION            ', '      ', 0, 0),
	('DR1001', 'DRINK RECOMENDATION           ', 'DRINK RECOMENDATION           ', 'DRINK RECOMENDATION           ', '      ', 0, 0),
	('P10001', 'PACKAGING                     ', 'PACKAGING                     ', 'PACKAGING                     ', '      ', 0, 0),
	('SO1001', 'SIDE ORDER                    ', 'SIDE ORDER                    ', 'SIDE ORDER                    ', '      ', 0, 0),
	('CS1004', 'ADDITIONAL CONGEE             ', 'ADDITIONAL CONGEE             ', 'ADDITIONAL CONGEE             ', '      ', 0, 0),
	('E10001', 'EZEELINK                      ', 'EZEELINK                      ', 'EZEELINK                      ', '      ', 0, 0),
	('N10002', 'FRIED NOODLE                  ', 'FRIED NOODLE                  ', 'FRIED NOODLE                  ', '      ', 0, 0),
	('N10003', 'STEAM NOODLE                  ', 'STEAM NOODLE                  ', 'STEAM NOODLE                  ', '      ', 0, 0),
	('N10004', 'KWETIAW                       ', 'KWETIAW                       ', 'KWETIAW                       ', '      ', 0, 0),
	('SP1001', 'PROMO FOOD                    ', 'PROMO FOOD                    ', 'PROMO FOOD                    ', '      ', 0, 0),
	('PR1001', 'PAKET RAMADHAN                ', 'PAKET RAMADHAN                ', 'PAKET RAMADHAN                ', '      ', 0, 0),
	('FI1001', 'FREE ITEM                     ', 'FREE ITEM                     ', 'FREE ITEM                     ', '      ', 0, 0),
	('PH1002', 'PAKET HEMAT                   ', 'PAKET HEMAT                   ', 'PAKET HEMAT                   ', 'PH1002', 0, 0),
	('DD1001', 'DIMSUM DAY                    ', 'DIMSUM DAY                    ', 'DIMSUM DAY                    ', '      ', 0, 0),
	('CS2001', 'BUBUR 1 RASA                  ', 'BUBUR 1 RASA                  ', 'BUBUR 1 RASA                  ', '      ', 0, 0),
	('CS2002', 'BUBUR 2 RASA                  ', 'BUBUR 2 RASA                  ', 'BUBUR 2 RASA                  ', '      ', 0, 0),
	('CS2003', 'BUBUR 3 RASA                  ', 'BUBUR 3 RASA                  ', 'BUBUR 3 RASA                  ', '      ', 0, 0),
	('SE1001', 'SPECIAL EVENT                 ', 'SPECIAL EVENT                 ', 'SPECIAL EVENT                 ', '      ', 0, 0),
	('SE1002', 'MOON CAKE                     ', 'MOON CAKE                     ', 'MOON CAKE                     ', '      ', 0, 0),
	('TA1001', 'FOOD TAKE AWAY                ', 'FOOD TAKE AWAY                ', 'FOOD TAKE AWAY                ', '      ', 0, 0),
	('R10002', 'RETAIL                        ', 'RETAIL                        ', 'RETAIL                        ', '      ', 0, 0),
	('SE1003', 'XMAS                          ', 'XMAS                          ', 'XMAS                          ', '      ', 0, 0),
	('SE1004', 'CNY                           ', 'CNY                           ', 'CNY                           ', '      ', 0, 0),
	('A10021', 'APPETIZER OL                  ', 'APPETIZER OL                  ', 'APPETIZER OL                  ', '      ', 0, 0),
	('CS1021', 'CONGEE & SOUP OL              ', 'CONGEE & SOUP OL              ', 'CONGEE & SOUP OL              ', '      ', 0, 0),
	('N10021', 'NOODLE OL                     ', 'NOODLE OL                     ', 'NOODLE OL                     ', '      ', 0, 0),
	('R10021', 'RICE OL                       ', 'RICE OL                       ', 'RICE OL                       ', '      ', 0, 0),
	('SD1021', 'SPECIAL DISH OL               ', 'SPECIAL DISH OL               ', 'SPECIAL DISH OL               ', '      ', 0, 0),
	('V10021', 'VEGETABLES OL                 ', 'VEGETABLES OL                 ', 'VEGETABLES OL                 ', '      ', 0, 0),
	('S10021', 'SEAFOOD OL                    ', 'SEAFOOD OL                    ', 'SEAFOOD OL                    ', '      ', 0, 0),
	('S10022', 'IKAN GURAME OL                ', 'IKAN GURAME OL                ', 'IKAN GURAME OL                ', '      ', 0, 0),
	('S10023', 'IKAN MALAS OL                 ', 'IKAN MALAS OL                 ', 'IKAN MALAS OL                 ', '      ', 0, 0),
	('S10024', 'KEPITING OL                   ', 'KEPITING OL                   ', 'KEPITING OL                   ', '      ', 0, 0),
	('S10025', 'UDANG OL                      ', 'UDANG OL                      ', 'UDANG OL                      ', '      ', 0, 0),
	('S10026', 'CUMI OL                       ', 'CUMI OL                       ', 'CUMI OL                       ', '      ', 0, 0),
	('D20021', 'DESSERT OL                    ', 'DESSERT OL                    ', 'DESSERT OL                    ', '      ', 0, 0),
	('T10021', 'TEA OL                        ', 'TEA OL                        ', 'TEA OL                        ', '      ', 0, 0),
	('T10022', 'HOT TEA OL                    ', 'HOT TEA OL                    ', 'HOT TEA OL                    ', '      ', 0, 0),
	('T10023', 'ICED TEA OL                   ', 'ICED TEA OL                   ', 'ICED TEA OL                   ', '      ', 0, 0),
	('M10021', 'MILKSHAKE OL                  ', 'MILKSHAKE OL                  ', 'MILKSHAKE OL                  ', '      ', 0, 0),
	('S20021', 'SOFT DRINK OL                 ', 'SOFT DRINK OL                 ', 'SOFT DRINK OL                 ', '      ', 0, 0),
	('O10021', 'OTHER OL                      ', 'OTHER OL                      ', 'OTHER OL                      ', '      ', 0, 0),
	('J10021', 'JUICES OL                     ', 'JUICES OL                     ', 'JUICES OL                     ', '      ', 0, 0),
	('CM1021', 'COCKTAIL&MOCKTAIL OL          ', 'COCKTAIL&MOCKTAIL OL          ', 'COCKTAIL&MOCKTAIL OL          ', '      ', 0, 0),
	('CS1022', 'CONGEE OL                     ', 'CONGEE OL                     ', 'CONGEE OL                     ', '      ', 0, 0),
	('CS1023', 'SOUP OL                       ', 'SOUP OL                       ', 'SOUP OL                       ', '      ', 0, 0),
	('SO1021', 'SIDE ORDER OL                 ', 'SIDE ORDER OL                 ', 'SIDE ORDER OL                 ', '      ', 0, 0),
	('CS1024', 'ADDITIONAL CONGEE OL          ', 'ADDITIONAL CONGEE OL          ', 'ADDITIONAL CONGEE OL          ', '      ', 0, 0),
	('N10022', 'FRIED NOODLE OL               ', 'FRIED NOODLE OL               ', 'FRIED NOODLE OL               ', '      ', 0, 0),
	('N10023', 'STEAM NOODLE OL               ', 'STEAM NOODLE OL               ', 'STEAM NOODLE OL               ', '      ', 0, 0),
	('N10024', 'KWETIAW OL                    ', 'KWETIAW OL                    ', 'KWETIAW OL                    ', '      ', 0, 0),
	('SP1021', 'PROMO FOOD OL                 ', 'PROMO FOOD OL                 ', 'PROMO FOOD OL                 ', '      ', 0, 0),
	('CS2021', 'BUBUR 1 RASA OL               ', 'BUBUR 1 RASA OL               ', 'BUBUR 1 RASA OL               ', '      ', 0, 0),
	('CS2022', 'BUBUR 2 RASA OL               ', 'BUBUR 2 RASA OL               ', 'BUBUR 2 RASA OL               ', '      ', 0, 0),
	('CS2023', 'BUBUR 3 RASA OL               ', 'BUBUR 3 RASA OL               ', 'BUBUR 3 RASA OL               ', '      ', 0, 0),
	('TA1021', 'FOOD TAKE AWAY OL             ', 'FOOD TAKE AWAY OL             ', 'FOOD TAKE AWAY OL             ', '      ', 0, 0),
	('DMR101', 'DIMSUM                        ', 'DIMSUM                        ', 'DIMSUM                        ', '      ', 0, 0),
	('DMR201', 'DIMSUM REG                    ', 'DIMSUM REG                    ', 'DIMSUM REG                    ', '      ', 0, 0),
	('DMR301', 'DIMSUM SMALL                  ', 'DIMSUM SMALL                  ', 'DIMSUM SMALL                  ', '      ', 0, 0),
	('DMR202', 'STEAM DIMSUM REG              ', 'STEAM DIMSUM REG              ', 'STEAM DIMSUM REG              ', '      ', 0, 0),
	('DMR203', 'FRIED DIMSUM REG              ', 'FRIED DIMSUM REG              ', 'FRIED DIMSUM REG              ', '      ', 0, 0),
	('DMR302', 'STEAM DIMSUM SMALL            ', 'STEAM DIMSUM SMALL            ', 'STEAM DIMSUM SMALL            ', '      ', 0, 0),
	('DMR303', 'FRIED DIMSUM SMALL            ', 'FRIED DIMSUM SMALL            ', 'FRIED DIMSUM SMALL            ', '      ', 0, 0),
	('DMO101', 'DIMSUM OL                     ', 'DIMSUM OL                     ', 'DIMSUM OL                     ', '      ', 0, 0),
	('DMO201', 'DIMSUM REG OL                 ', 'DIMSUM REG OL                 ', 'DIMSUM REG OL                 ', '      ', 0, 0),
	('DMO301', 'DIMSUM SMALL OL               ', 'DIMSUM SMALL OL               ', 'DIMSUM SMALL OL               ', '      ', 0, 0),
	('DMO202', 'STEAM DIMSUM REG OL           ', 'STEAM DIMSUM REG OL           ', 'STEAM DIMSUM REG OL           ', '      ', 0, 0),
	('DMO203', 'FRIED DIMSUM REG OL           ', 'FRIED DIMSUM REG OL           ', 'FRIED DIMSUM REG OL           ', '      ', 0, 0),
	('DMO302', 'STEAM DIMSUM SMALL OL         ', 'STEAM DIMSUM SMALL OL         ', 'STEAM DIMSUM SMALL OL         ', '      ', 0, 0),
	('DMO303', 'FRIED DIMSUM SMALL OL         ', 'FRIED DIMSUM SMALL OL         ', 'FRIED DIMSUM SMALL OL         ', '      ', 0, 0),
	('D10004', 'DIMSUM FIESTA                 ', 'DIMSUM FIESTA                 ', 'DIMSUM FIESTA                 ', '      ', 0, 0),
	('MB1001', 'MINI BOWL                     ', 'MINI BOWL                     ', 'MINI BOWL                     ', '      ', 0, 0),
	('MB1002', 'MINI BOWL OL                  ', 'MINI BOWL OL                  ', 'MINI BOWL OL                  ', '      ', 0, 0),
	('MP1001', 'MARKETPLACE                   ', 'MARKET PLACE                  ', 'MARKETPLACE                   ', '      ', 0, 0),
	('CR1002', 'CHEF RECOMENDATION OL         ', 'CHEF RECOMENDATION OL         ', 'CHEF RECOMENDATION OL         ', '      ', 0, 0),
	('SP2001', 'PROMO BEVERAGE                ', 'PROMO BEVERAGE                ', 'PROMO BEVERAGE                ', '      ', 0, 0),
	('SP2021', 'PROMO BEVERAGE OL             ', 'PROMO BEVERAGE OL             ', 'PROMO BEVERAGE OL             ', '      ', 0, 0);

-- Dumping structure for table pos_resto.menu_tax_sc
CREATE TABLE IF NOT EXISTS `menu_tax_sc` (
  `id` smallint(6) NOT NULL AUTO_INCREMENT,
  `desc` varchar(200) DEFAULT NULL,
  `taxRate` tinyint(4) NOT NULL DEFAULT 0,
  `taxNote` varchar(50) NOT NULL DEFAULT '',
  `taxStatus` tinyint(4) DEFAULT NULL,
  `scRate` tinyint(4) NOT NULL DEFAULT 0,
  `scNote` varchar(50) NOT NULL DEFAULT '',
  `scStatus` tinyint(4) DEFAULT NULL,
  `presence` tinyint(2) NOT NULL DEFAULT 1,
  `inputDate` datetime NOT NULL DEFAULT '2025-01-01 00:00:00',
  `inputBy` smallint(6) NOT NULL DEFAULT 1,
  `updateDate` datetime NOT NULL DEFAULT '2025-01-01 00:00:00',
  `updateBy` smallint(6) NOT NULL DEFAULT 1,
  PRIMARY KEY (`id`) USING BTREE
) ENGINE=InnoDB AUTO_INCREMENT=6 DEFAULT CHARSET=utf8mb4 COLLATE=utf8mb4_general_ci ROW_FORMAT=DYNAMIC;

-- Dumping data for table pos_resto.menu_tax_sc: ~5 rows (approximately)
INSERT INTO `menu_tax_sc` (`id`, `desc`, `taxRate`, `taxNote`, `taxStatus`, `scRate`, `scNote`, `scStatus`, `presence`, `inputDate`, `inputBy`, `updateDate`, `updateBy`) VALUES
	(1, 'Tax & S.C.', 10, '10% Tax ', 1, 6, 'S.C. 6%', 1, 1, '2025-01-01 00:00:00', 1, '2025-01-01 00:00:00', 1),
	(2, 'Tax', 10, '10% Tax ', 1, 0, 'No S.C', 0, 1, '2025-01-01 00:00:00', 1, '2025-01-01 00:00:00', 1),
	(3, 'Tax Only', 10, 'Include Tax ', 2, 0, 'No S.C', 0, 1, '2025-01-01 00:00:00', 1, '2025-01-01 00:00:00', 1),
	(4, 'EzeeLink', 10, 'Include Tax ', 2, 0, 'No S.C', 0, 1, '2025-01-01 00:00:00', 1, '2025-01-01 00:00:00', 1),
	(5, 'Tax & S.C.Include', 10, 'Include Tax ', 2, 6, 'Include No S.C 6%', 2, 1, '2025-01-01 00:00:00', 1, '2025-01-01 00:00:00', 1);

-- Dumping structure for table pos_resto.menu_tax_sc_status
CREATE TABLE IF NOT EXISTS `menu_tax_sc_status` (
  `id` tinyint(4) NOT NULL AUTO_INCREMENT,
  `name` varchar(200) NOT NULL DEFAULT '',
  PRIMARY KEY (`id`)
) ENGINE=InnoDB AUTO_INCREMENT=3 DEFAULT CHARSET=utf16 COLLATE=utf16_bin;

-- Dumping data for table pos_resto.menu_tax_sc_status: ~3 rows (approximately)
INSERT INTO `menu_tax_sc_status` (`id`, `name`) VALUES
	(0, 'Disable'),
	(1, 'Enable'),
	(2, 'Item Total Include');

-- Dumping structure for table pos_resto.modifier
CREATE TABLE IF NOT EXISTS `modifier` (
  `id` int(11) NOT NULL AUTO_INCREMENT,
  `modifierListId` mediumint(9) NOT NULL DEFAULT 0,
  `descl` varchar(200) NOT NULL DEFAULT '',
  `descm` varchar(40) NOT NULL DEFAULT '',
  `descs` varchar(20) NOT NULL DEFAULT '',
  `printing` tinyint(4) NOT NULL DEFAULT 0,
  `price1` int(11) NOT NULL DEFAULT 0,
  `price2` int(11) NOT NULL DEFAULT 0,
  `price3` int(11) NOT NULL DEFAULT 0,
  `price4` int(11) NOT NULL DEFAULT 0,
  `price5` int(11) NOT NULL DEFAULT 0,
  `sublist` varchar(6) DEFAULT NULL,
  `issublist` varchar(1) DEFAULT NULL,
  `sorting` smallint(6) DEFAULT NULL,
  `presence` tinyint(2) NOT NULL DEFAULT 1,
  `inputDate` datetime NOT NULL DEFAULT '2025-01-01 00:00:00',
  `inputBy` smallint(6) NOT NULL DEFAULT 1,
  `updateDate` datetime NOT NULL DEFAULT '2025-01-01 00:00:00',
  `updateBy` smallint(6) NOT NULL DEFAULT 1,
  PRIMARY KEY (`id`) USING BTREE
) ENGINE=InnoDB AUTO_INCREMENT=69 DEFAULT CHARSET=utf8mb4 COLLATE=utf8mb4_general_ci ROW_FORMAT=DYNAMIC;

-- Dumping data for table pos_resto.modifier: ~33 rows (approximately)
INSERT INTO `modifier` (`id`, `modifierListId`, `descl`, `descm`, `descs`, `printing`, `price1`, `price2`, `price3`, `price4`, `price5`, `sublist`, `issublist`, `sorting`, `presence`, `inputDate`, `inputBy`, `updateDate`, `updateBy`) VALUES
	(36, 1, 'Tidak Pedas', 'Tidak Pedas', 'Tidak Pedas', 0, 0, 0, 0, 0, 0, NULL, NULL, 1, 1, '2025-01-01 00:00:00', 1, '2025-01-01 00:00:00', 1),
	(37, 1, 'Pedas', 'Pedas', 'Pedas', 0, 0, 0, 0, 0, 0, NULL, NULL, 2, 1, '2025-01-01 00:00:00', 1, '2025-01-01 00:00:00', 1),
	(38, 1, 'No oil', 'No oil', 'No oil', 0, 0, 0, 0, 0, 0, NULL, NULL, 3, 1, '2025-01-01 00:00:00', 1, '2025-01-01 00:00:00', 1),
	(39, 1, 'Less oil', 'Less oil', 'Less oil', 0, 0, 0, 0, 0, 0, NULL, NULL, 4, 1, '2025-01-01 00:00:00', 1, '2025-01-01 00:00:00', 1),
	(40, 1, 'Jgn Asin', 'Jgn Asin', 'Jgn Asin', 0, 0, 0, 0, 0, 0, NULL, NULL, 5, 1, '2025-01-01 00:00:00', 1, '2025-01-01 00:00:00', 1),
	(41, 1, 'No Vetsin', 'No Vetsin', 'No Vetsin', 0, 0, 0, 0, 0, 0, NULL, NULL, 6, 1, '2025-01-01 00:00:00', 1, '2025-01-01 00:00:00', 1),
	(42, 1, 'No Garlic', 'No Garlic', 'No Garlic', 0, 0, 0, 0, 0, 0, NULL, NULL, 7, 1, '2025-01-01 00:00:00', 1, '2025-01-01 00:00:00', 1),
	(43, 1, 'Very Spicy', 'Very Spicy', 'Very Spicy', 0, 0, 0, 0, 0, 0, NULL, NULL, 8, 1, '2025-01-01 00:00:00', 1, '2025-01-01 00:00:00', 1),
	(44, 1, 'Less Spicy', 'Less Spicy', 'Less Spicy', 0, 0, 0, 0, 0, 0, NULL, NULL, 9, 1, '2025-01-01 00:00:00', 1, '2025-01-01 00:00:00', 1),
	(45, 1, 'Less Salt', 'Less Salt', 'Less Salt', 0, 0, 0, 0, 0, 0, NULL, NULL, 10, 1, '2025-01-01 00:00:00', 1, '2025-01-01 00:00:00', 1),
	(46, 1, 'Gak pake lama', 'Gak pake lama', 'Gak pake lama', 0, 0, 0, 0, 0, 0, NULL, NULL, 11, 1, '2025-01-01 00:00:00', 1, '2025-01-01 00:00:00', 1),
	(47, 2, 'Less sugar', 'Less sugar', 'Less sugar', 0, 0, 0, 0, 0, 0, NULL, NULL, 1, 1, '2025-01-01 00:00:00', 1, '2025-01-01 00:00:00', 1),
	(48, 2, 'dingin', 'dingin', 'dingin', 0, 0, 0, 0, 0, 0, NULL, NULL, 2, 1, '2025-01-01 00:00:00', 1, '2025-01-01 00:00:00', 1),
	(49, 2, 'no ice', 'no ice', 'no ice', 0, 2, 0, 0, 0, 0, NULL, NULL, 3, 1, '2025-01-01 00:00:00', 1, '2025-01-01 00:00:00', 1),
	(50, 2, 'less ice', 'less ice', 'less ice', 0, 0, 0, 0, 0, 0, NULL, NULL, 4, 1, '2025-01-01 00:00:00', 1, '2025-01-01 00:00:00', 1),
	(51, 2, 'no milk', 'no milk', 'no milk', 0, 0, 0, 0, 0, 0, NULL, NULL, 5, 1, '2025-01-01 00:00:00', 1, '2025-01-01 00:00:00', 1),
	(52, 2, 'w/ milk', 'w/ milk', 'w/ milk', 0, 0, 0, 0, 0, 0, NULL, NULL, 6, 1, '2025-01-01 00:00:00', 1, '2025-01-01 00:00:00', 1),
	(53, 2, 'no cream', 'no cream', 'no cream', 0, 0, 0, 0, 0, 0, NULL, NULL, 7, 1, '2025-01-01 00:00:00', 1, '2025-01-01 00:00:00', 1),
	(54, 2, 'no syrup', 'no syrup', 'no syrup', 0, 0, 0, 0, 0, 0, NULL, NULL, 8, 1, '2025-01-01 00:00:00', 1, '2025-01-01 00:00:00', 1),
	(55, 2, 'pisah gula', 'pisah gula', 'pisah gula', 0, 0, 0, 0, 0, 0, NULL, NULL, 9, 1, '2025-01-01 00:00:00', 1, '2025-01-01 00:00:00', 1),
	(56, 1, 'no mushroom', 'no mushroom', 'no mushroom', 0, 0, 0, 0, 0, 0, NULL, NULL, 12, 1, '2025-01-01 00:00:00', 1, '2025-01-01 00:00:00', 1),
	(57, 1, 'no chicken', 'no chicken', 'no chicken', 0, 0, 0, 0, 0, 0, NULL, NULL, 13, 1, '2025-01-01 00:00:00', 1, '2025-01-01 00:00:00', 1),
	(58, 1, 'no beef', 'no beef', 'no beef', 0, 0, 0, 0, 0, 0, NULL, NULL, 14, 1, '2025-01-01 00:00:00', 1, '2025-01-01 00:00:00', 1),
	(59, 1, 'no shrimp', 'no shrimp', 'no shrimp', 0, 0, 0, 0, 0, 0, NULL, NULL, 15, 1, '2025-01-01 00:00:00', 1, '2025-01-01 00:00:00', 1),
	(60, 1, 'Ayam', 'Ayam', 'Ayam', 0, 0, 0, 0, 0, 0, NULL, NULL, 19, 1, '2025-01-01 00:00:00', 1, '2025-01-01 00:00:00', 1),
	(61, 1, 'Udang', 'Udang', 'Udang', 0, 0, 0, 0, 0, 0, NULL, NULL, 18, 1, '2025-01-01 00:00:00', 1, '2025-01-01 00:00:00', 1),
	(62, 1, 'Ikan', 'Ikan', 'Ikan', 0, 0, 0, 0, 0, 0, NULL, NULL, 17, 1, '2025-01-01 00:00:00', 1, '2025-01-01 00:00:00', 1),
	(63, 1, 'Telur Phitan', 'Telur Phitan', 'Telur Phitan', 0, 0, 0, 0, 0, 0, NULL, NULL, 16, 1, '2025-01-01 00:00:00', 1, '2025-01-01 00:00:00', 1),
	(64, 4, 'Carrot', 'Carrot', 'Carrot', 0, 0, 0, 0, 0, 0, NULL, NULL, 1, 1, '2025-01-01 00:00:00', 1, '2025-01-01 00:00:00', 1),
	(65, 4, 'Melon', 'Melon', 'Melon', 0, 0, 0, 0, 0, 0, NULL, NULL, 2, 1, '2025-01-01 00:00:00', 1, '2025-01-01 00:00:00', 1),
	(66, 4, 'Orange', 'Orange', 'Orange', 0, 0, 0, 0, 0, 0, NULL, NULL, 3, 1, '2025-01-01 00:00:00', 1, '2025-01-01 00:00:00', 1),
	(67, 4, 'Tomato', 'Tomato', 'Tomato', 0, 0, 0, 0, 0, 0, NULL, NULL, 4, 1, '2025-01-01 00:00:00', 1, '2025-01-01 00:00:00', 1),
	(68, 2, 'Sweet', 'Sweet', 'Sweet', 0, 0, 0, 0, 0, 0, NULL, NULL, 10, 1, '2025-01-01 00:00:00', 1, '2025-01-01 00:00:00', 1);

-- Dumping structure for table pos_resto.modifier_class
CREATE TABLE IF NOT EXISTS `modifier_class` (
  `modiclass` varchar(0) DEFAULT NULL,
  `desc1` varchar(0) DEFAULT NULL,
  `desc2` varchar(0) DEFAULT NULL,
  `desc3` varchar(0) DEFAULT NULL
) ENGINE=InnoDB DEFAULT CHARSET=utf8mb4 COLLATE=utf8mb4_general_ci ROW_FORMAT=DYNAMIC;

-- Dumping data for table pos_resto.modifier_class: ~0 rows (approximately)

-- Dumping structure for table pos_resto.modifier_list
CREATE TABLE IF NOT EXISTS `modifier_list` (
  `id` tinyint(4) NOT NULL AUTO_INCREMENT,
  `name` varchar(30) DEFAULT NULL,
  `min` tinyint(4) DEFAULT NULL,
  `max` tinyint(4) DEFAULT NULL,
  `reflist` varchar(6) DEFAULT NULL,
  `autoassig` varchar(10) DEFAULT NULL,
  `presence` tinyint(2) NOT NULL DEFAULT 1,
  `inputDate` datetime NOT NULL DEFAULT '2025-01-01 00:00:00',
  `inputBy` smallint(6) NOT NULL DEFAULT 1,
  `updateDate` datetime NOT NULL DEFAULT '2025-01-01 00:00:00',
  `updateBy` smallint(6) NOT NULL DEFAULT 1,
  PRIMARY KEY (`id`)
) ENGINE=InnoDB AUTO_INCREMENT=5 DEFAULT CHARSET=utf8mb4 COLLATE=utf8mb4_general_ci ROW_FORMAT=DYNAMIC;

-- Dumping data for table pos_resto.modifier_list: ~4 rows (approximately)
INSERT INTO `modifier_list` (`id`, `name`, `min`, `max`, `reflist`, `autoassig`, `presence`, `inputDate`, `inputBy`, `updateDate`, `updateBy`) VALUES
	(1, 'Kitchen Info', 0, 0, '      ', ' ', 1, '2025-01-01 00:00:00', 1, '2025-01-01 00:00:00', 1),
	(2, 'Bar Info', 0, 0, '      ', ' ', 1, '2025-01-01 00:00:00', 1, '2025-01-01 00:00:00', 1),
	(3, 'MEMO', 0, 0, '      ', ' ', 1, '2025-01-01 00:00:00', 1, '2025-01-01 00:00:00', 1),
	(4, 'Juice Mix', 0, 2, '      ', ' ', 1, '2025-01-01 00:00:00', 1, '2025-01-01 00:00:00', 1);

-- Dumping structure for table pos_resto.outlet
CREATE TABLE IF NOT EXISTS `outlet` (
  `id` smallint(6) NOT NULL AUTO_INCREMENT,
  `name` varchar(30) DEFAULT NULL,
  `name1` varchar(30) DEFAULT NULL,
  `descs` varchar(20) DEFAULT NULL,
  `tel` varchar(20) DEFAULT NULL,
  `fax` varchar(20) DEFAULT NULL,
  `companyName` varchar(30) DEFAULT NULL,
  `addr1` varchar(40) DEFAULT NULL,
  `addr2` varchar(40) DEFAULT NULL,
  `addr3` varchar(40) DEFAULT NULL,
  `street1` varchar(40) DEFAULT NULL,
  `street2` varchar(40) DEFAULT NULL,
  `street3` varchar(40) DEFAULT NULL,
  `cityName` varchar(20) DEFAULT NULL,
  `country` varchar(20) DEFAULT NULL,
  `greeting1` varchar(30) DEFAULT NULL,
  `greeting2` varchar(30) DEFAULT NULL,
  `greeting3` varchar(30) DEFAULT NULL,
  `greeting4` varchar(30) DEFAULT NULL,
  `greeting5` varchar(30) DEFAULT NULL,
  `dpoleu1` varchar(20) DEFAULT NULL,
  `dpolel1` varchar(20) DEFAULT NULL,
  `panelid` smallint(6) DEFAULT NULL,
  `price` tinyint(4) DEFAULT NULL,
  `sendpend` varchar(20) DEFAULT NULL,
  `itmrnd` tinyint(4) DEFAULT NULL,
  `taxrnd` tinyint(4) DEFAULT NULL,
  `scrnd` tinyint(4) DEFAULT NULL,
  `discrnd` tinyint(4) DEFAULT NULL,
  `ckrnd` tinyint(4) DEFAULT NULL,
  `itmdec` tinyint(4) DEFAULT NULL,
  `taxdec` tinyint(4) DEFAULT NULL,
  `scdec` tinyint(4) DEFAULT NULL,
  `discdec` tinyint(4) DEFAULT NULL,
  `ckdec` tinyint(4) DEFAULT NULL,
  `begchk` mediumint(9) DEFAULT NULL,
  `endchk` mediumint(9) DEFAULT NULL,
  `nextchk` varchar(20) DEFAULT NULL,
  `bizbegchk` varchar(20) DEFAULT NULL,
  `drwprefix` varchar(20) DEFAULT NULL,
  `drwamt` decimal(3,2) DEFAULT NULL,
  `drwmethod` varchar(20) DEFAULT NULL,
  `drwrun` tinyint(4) DEFAULT NULL,
  `drwmem` varchar(20) DEFAULT NULL,
  `presence` tinyint(4) NOT NULL DEFAULT 1,
  `inputDate` datetime NOT NULL DEFAULT '2025-01-01 00:00:00',
  `inputBy` smallint(6) NOT NULL DEFAULT 1,
  `updateDate` datetime NOT NULL DEFAULT '2025-01-01 00:00:00',
  `updateBy` smallint(6) NOT NULL DEFAULT 1,
  PRIMARY KEY (`id`) USING BTREE
) ENGINE=InnoDB AUTO_INCREMENT=1005 DEFAULT CHARSET=utf8mb4 COLLATE=utf8mb4_general_ci ROW_FORMAT=DYNAMIC;

-- Dumping data for table pos_resto.outlet: ~4 rows (approximately)
INSERT INTO `outlet` (`id`, `name`, `name1`, `descs`, `tel`, `fax`, `companyName`, `addr1`, `addr2`, `addr3`, `street1`, `street2`, `street3`, `cityName`, `country`, `greeting1`, `greeting2`, `greeting3`, `greeting4`, `greeting5`, `dpoleu1`, `dpolel1`, `panelid`, `price`, `sendpend`, `itmrnd`, `taxrnd`, `scrnd`, `discrnd`, `ckrnd`, `itmdec`, `taxdec`, `scdec`, `discdec`, `ckdec`, `begchk`, `endchk`, `nextchk`, `bizbegchk`, `drwprefix`, `drwamt`, `drwmethod`, `drwrun`, `drwmem`, `presence`, `inputDate`, `inputBy`, `updateDate`, `updateBy`) VALUES
	(15, 'Imperial Kitchen', NULL, 'IK MTA-TAMAN ANGGREK', '08119228412         ', 'fax', 'Imperial Kitchen & Dimsum     ', 'Mall Taman Anggrek                      ', 'Jakarta                                 ', 'Lantai 1 Unit F12-F12A                  ', 'Lantai 1 Unit F12-F12A                  ', '                                        ', '                                        ', 'Jakarta Barat       ', 'Indonesia', 'Thank You                     ', '1', '2  ', '3    ', '4          ', '* Imperial Kitchen *', 'Margo City          ', 1, 2, '3', 4, 5, 6, 7, 8, 9, 10, 11, 12, 13, 14, 15, '     16', '17', '18', 9.99, ' 20', 21, ' 22', 1, '2025-01-01 00:00:00', 1, '2025-05-07 15:41:20', 1),
	(1001, 'Imperial Kitchen Delivery', NULL, 'Delivery            ', '08119228412         ', '                    ', 'Imperial Kitchen & Dimsum     ', 'Mall Taman Anggrek                      ', 'Jakarta                                 ', 'Lantai 1 Unit F12-F12A                  ', 'Lantai 1 Unit F12-F12A                  ', '                                        ', '                                        ', 'Jakarta Barat       ', '                    ', 'Thank You                     ', '                              ', '                              ', '                              ', '                              ', '* Imperial Kitchen *', 'Supermal Karawaci   ', 2, 2, ' ', 1, 1, 1, 1, 1, 0, 0, 0, 0, 0, 0, 99999, '     ', '     ', '  ', 0.00, ' ', 0, ' ', 1, '2025-01-01 00:00:00', 1, '2025-01-01 00:00:00', 1),
	(1002, 'Imperial Kitcehn DH', NULL, 'Delivery Hotline    ', '08119228412         ', '                    ', 'Imperial Kitchen & Dimsum     ', 'Mall Taman Anggrek                      ', 'Jakarta                                 ', 'Lantai 1 Unit F12-F12A                  ', 'Lantai 1 Unit F12-F12A                  ', '                                        ', '                                        ', 'Jakarta Barat       ', '                    ', 'Thank You                     ', '                              ', '                              ', '                              ', '                              ', '* Imperial Kitchen *', 'Margo City          ', 4, 2, ' ', 1, 1, 1, 1, 1, 0, 0, 0, 0, 0, 1, 99999, '     ', '     ', '  ', 0.00, ' ', 0, ' ', 1, '2025-01-01 00:00:00', 1, '2025-01-01 00:00:00', 1),
	(1004, 'BSD CITY', NULL, NULL, NULL, NULL, NULL, NULL, NULL, NULL, NULL, NULL, NULL, NULL, NULL, NULL, NULL, NULL, NULL, NULL, NULL, NULL, NULL, NULL, NULL, NULL, NULL, NULL, NULL, NULL, NULL, NULL, NULL, NULL, NULL, NULL, NULL, NULL, NULL, NULL, NULL, NULL, NULL, NULL, 1, '2025-05-07 15:48:32', 1, '2025-05-07 15:48:32', 1);

-- Dumping structure for table pos_resto.outlet_bonus_rule
CREATE TABLE IF NOT EXISTS `outlet_bonus_rule` (
  `id` int(11) NOT NULL AUTO_INCREMENT,
  `outletId` varchar(250) NOT NULL DEFAULT '',
  `ruleid` varchar(250) NOT NULL DEFAULT '',
  `desc1` varchar(250) NOT NULL DEFAULT '',
  `desc2` varchar(250) NOT NULL DEFAULT '',
  `desc3` varchar(250) NOT NULL DEFAULT '',
  `weekmask` varchar(250) NOT NULL DEFAULT '',
  `stdate` date NOT NULL DEFAULT '2025-01-01',
  `enddate` date NOT NULL DEFAULT '2025-01-01',
  `sttime` time NOT NULL DEFAULT '00:00:00',
  `endtime` time NOT NULL DEFAULT '00:00:00',
  `level` varchar(250) NOT NULL DEFAULT '',
  `plu` varchar(250) NOT NULL DEFAULT '',
  `type` varchar(250) NOT NULL DEFAULT '',
  `mode` varchar(250) NOT NULL DEFAULT '',
  `rate` varchar(250) NOT NULL DEFAULT '',
  `amount` varchar(250) NOT NULL DEFAULT '',
  `checkamt` varchar(250) NOT NULL DEFAULT '',
  `active` varchar(250) NOT NULL DEFAULT '',
  `discid` varchar(250) NOT NULL DEFAULT '',
  `presence` tinyint(2) NOT NULL DEFAULT 1,
  `inputDate` datetime NOT NULL DEFAULT '2025-01-01 00:00:00',
  `inputBy` smallint(6) NOT NULL DEFAULT 1,
  `updateDate` datetime NOT NULL DEFAULT '2025-01-01 00:00:00',
  `updateBy` smallint(6) NOT NULL DEFAULT 1,
  PRIMARY KEY (`id`)
) ENGINE=InnoDB AUTO_INCREMENT=8 DEFAULT CHARSET=utf8mb4 COLLATE=utf8mb4_general_ci ROW_FORMAT=DYNAMIC;

-- Dumping data for table pos_resto.outlet_bonus_rule: ~6 rows (approximately)
INSERT INTO `outlet_bonus_rule` (`id`, `outletId`, `ruleid`, `desc1`, `desc2`, `desc3`, `weekmask`, `stdate`, `enddate`, `sttime`, `endtime`, `level`, `plu`, `type`, `mode`, `rate`, `amount`, `checkamt`, `active`, `discid`, `presence`, `inputDate`, `inputBy`, `updateDate`, `updateBy`) VALUES
	(1, '1004', '', '', '', '', '', '0000-00-00', '0000-00-00', '00:00:00', '00:00:00', '', '', '', '', '', '', '', '', '', 0, '2025-05-08 11:51:54', 1, '2025-05-08 12:07:39', 1),
	(2, '1004', '2', '1', '', '', '3', '1970-01-01', '1970-01-01', '00:00:01', '00:00:03', '5', '6', '7', '8', '9', '0', '3', '6', 'null', 0, '2025-05-08 12:07:42', 1, '2025-05-08 12:21:18', 1),
	(3, '1002', 'null', 'null', '', '', 'null', '1970-01-01', '1970-01-01', '00:00:00', '00:00:00', 'null', 'null', 'null', 'null', 'null', 'null', 'null', 'null', 'null', 0, '2025-05-08 12:07:44', 1, '2025-05-08 12:21:18', 1),
	(4, '15', 'null', 'null', '', '', 'null', '1970-01-01', '1970-01-01', '00:00:00', '00:00:00', 'null', 'null', 'null', 'null', 'null', 'null', 'null', 'null', 'null', 0, '2025-05-08 12:07:47', 1, '2025-05-08 12:21:18', 1),
	(5, '1002', '4', '', '', '', 'rt', '1970-01-01', '1970-01-01', '00:00:00', '00:00:00', 'null', 'null', 'null', 'null', 'null', 'null', 'null', 'null', 'null', 0, '2025-05-08 12:19:22', 1, '2025-05-08 12:21:18', 1),
	(6, '1004', 'r', 'w', '', '', '', '0000-00-00', '0000-00-00', '00:00:00', '00:00:00', '', '', '', '', '', '', '', '', '', 1, '2025-05-08 12:21:20', 1, '2025-05-08 12:21:24', 1),
	(7, '1004', '', '', '', '', '', '2025-01-01', '2025-01-01', '00:00:00', '00:00:00', '', '', '', '', '', '', '', '', '', 1, '2025-05-08 12:23:37', 1, '2025-01-01 00:00:00', 1);

-- Dumping structure for table pos_resto.outlet_cash_type
CREATE TABLE IF NOT EXISTS `outlet_cash_type` (
  `id` int(11) NOT NULL AUTO_INCREMENT,
  `outletId` smallint(6) DEFAULT NULL,
  `cashid` smallint(6) DEFAULT NULL,
  `seq` smallint(6) DEFAULT NULL,
  `presence` tinyint(2) NOT NULL DEFAULT 1,
  `inputDate` datetime NOT NULL DEFAULT '2025-01-01 00:00:00',
  `inputBy` smallint(6) NOT NULL DEFAULT 1,
  `updateDate` datetime NOT NULL DEFAULT '2025-01-01 00:00:00',
  `updateBy` smallint(6) NOT NULL DEFAULT 1,
  PRIMARY KEY (`id`)
) ENGINE=InnoDB AUTO_INCREMENT=32 DEFAULT CHARSET=utf8mb4 COLLATE=utf8mb4_general_ci ROW_FORMAT=DYNAMIC;

-- Dumping data for table pos_resto.outlet_cash_type: ~30 rows (approximately)
INSERT INTO `outlet_cash_type` (`id`, `outletId`, `cashid`, `seq`, `presence`, `inputDate`, `inputBy`, `updateDate`, `updateBy`) VALUES
	(1, 1004, 1, 33, 1, '2025-01-01 00:00:00', 1, '2025-05-07 18:44:44', 1),
	(2, 1002, 2, 2, 1, '2025-01-01 00:00:00', 1, '2025-05-07 18:44:44', 1),
	(3, 1002, 3, 3, 1, '2025-01-01 00:00:00', 1, '2025-05-07 18:44:44', 1),
	(4, 1002, 4, 4, 1, '2025-01-01 00:00:00', 1, '2025-05-07 18:44:44', 1),
	(5, 1002, 5, 5, 1, '2025-01-01 00:00:00', 1, '2025-05-07 18:44:44', 1),
	(6, 1002, 6, 6, 1, '2025-01-01 00:00:00', 1, '2025-05-07 18:44:44', 1),
	(7, 1002, 7, 7, 1, '2025-01-01 00:00:00', 1, '2025-05-07 18:44:44', 1),
	(8, 1002, 8, 8, 1, '2025-01-01 00:00:00', 1, '2025-05-07 18:44:44', 1),
	(9, 1002, 9, 9, 1, '2025-01-01 00:00:00', 1, '2025-05-07 18:44:44', 1),
	(10, 1002, 10, 10, 1, '2025-01-01 00:00:00', 1, '2025-05-07 18:44:44', 1),
	(11, 1004, 1, 3, 1, '2025-01-01 00:00:00', 1, '2025-05-07 18:44:44', 1),
	(12, 1002, 2, 2, 1, '2025-01-01 00:00:00', 1, '2025-05-07 18:44:44', 1),
	(13, 1002, 3, 3, 1, '2025-01-01 00:00:00', 1, '2025-05-07 18:44:44', 1),
	(14, 1002, 4, 4, 1, '2025-01-01 00:00:00', 1, '2025-05-07 18:44:44', 1),
	(15, 1002, 5, 5, 1, '2025-01-01 00:00:00', 1, '2025-05-07 18:44:44', 1),
	(16, 1002, 6, 6, 1, '2025-01-01 00:00:00', 1, '2025-05-07 18:44:44', 1),
	(17, 1002, 7, 7, 1, '2025-01-01 00:00:00', 1, '2025-05-07 18:44:44', 1),
	(18, 1002, 8, 8, 1, '2025-01-01 00:00:00', 1, '2025-05-07 18:44:44', 1),
	(19, 1002, 9, 9, 1, '2025-01-01 00:00:00', 1, '2025-05-07 18:44:44', 1),
	(20, 1002, 10, 10, 1, '2025-01-01 00:00:00', 1, '2025-05-07 18:44:44', 1),
	(21, 1004, 1, 3, 1, '2025-01-01 00:00:00', 1, '2025-05-07 18:44:45', 1),
	(22, 1002, 2, 2, 1, '2025-01-01 00:00:00', 1, '2025-05-07 18:44:45', 1),
	(23, 1002, 3, 3, 1, '2025-01-01 00:00:00', 1, '2025-05-07 18:44:45', 1),
	(24, 1002, 4, 4, 1, '2025-01-01 00:00:00', 1, '2025-05-07 18:44:45', 1),
	(25, 1002, 5, 5, 1, '2025-01-01 00:00:00', 1, '2025-05-07 18:44:45', 1),
	(26, 1002, 6, 6, 1, '2025-01-01 00:00:00', 1, '2025-05-07 18:44:45', 1),
	(27, 1002, 7, 7, 1, '2025-01-01 00:00:00', 1, '2025-05-07 18:44:45', 1),
	(28, 1002, 8, 8, 1, '2025-01-01 00:00:00', 1, '2025-05-07 18:44:45', 1),
	(29, 1002, 9, 9, 1, '2025-01-01 00:00:00', 1, '2025-05-07 18:44:45', 1),
	(30, 1002, 10, 10, 1, '2025-01-01 00:00:00', 1, '2025-05-07 18:44:45', 1),
	(31, 1004, 1, 22, 0, '2025-05-07 16:34:21', 1, '2025-05-07 18:19:09', 1);

-- Dumping structure for table pos_resto.outlet_check_disc
CREATE TABLE IF NOT EXISTS `outlet_check_disc` (
  `id` smallint(6) NOT NULL AUTO_INCREMENT,
  `outletId` int(11) NOT NULL DEFAULT 0,
  `checkDiscTypeId` smallint(6) NOT NULL DEFAULT 0,
  `sorting` tinyint(4) NOT NULL DEFAULT 1,
  `presence` tinyint(2) NOT NULL DEFAULT 1,
  `inputDate` datetime NOT NULL DEFAULT '2025-01-01 00:00:00',
  `inputBy` smallint(6) NOT NULL DEFAULT 1,
  `updateDate` datetime NOT NULL DEFAULT '2025-01-01 00:00:00',
  `updateBy` smallint(6) NOT NULL DEFAULT 1,
  PRIMARY KEY (`id`)
) ENGINE=InnoDB AUTO_INCREMENT=101 DEFAULT CHARSET=utf8mb4 COLLATE=utf8mb4_general_ci ROW_FORMAT=DYNAMIC;

-- Dumping data for table pos_resto.outlet_check_disc: ~100 rows (approximately)
INSERT INTO `outlet_check_disc` (`id`, `outletId`, `checkDiscTypeId`, `sorting`, `presence`, `inputDate`, `inputBy`, `updateDate`, `updateBy`) VALUES
	(1, 1001, 24, 0, 1, '2025-01-01 00:00:00', 1, '2025-01-01 00:00:00', 1),
	(2, 1002, 24, 0, 1, '2025-01-01 00:00:00', 1, '2025-01-01 00:00:00', 1),
	(3, 1001, 23, 28, 1, '2025-01-01 00:00:00', 1, '2025-01-01 00:00:00', 1),
	(4, 1002, 23, 30, 1, '2025-01-01 00:00:00', 1, '2025-01-01 00:00:00', 1),
	(5, 15, 1, 1, 1, '2025-01-01 00:00:00', 1, '2025-01-01 00:00:00', 1),
	(6, 15, 2, 2, 1, '2025-01-01 00:00:00', 1, '2025-01-01 00:00:00', 1),
	(7, 15, 3, 3, 1, '2025-01-01 00:00:00', 1, '2025-01-01 00:00:00', 1),
	(8, 15, 4, 4, 1, '2025-01-01 00:00:00', 1, '2025-01-01 00:00:00', 1),
	(9, 15, 5, 5, 1, '2025-01-01 00:00:00', 1, '2025-01-01 00:00:00', 1),
	(10, 15, 6, 6, 1, '2025-01-01 00:00:00', 1, '2025-01-01 00:00:00', 1),
	(11, 15, 7, 7, 1, '2025-01-01 00:00:00', 1, '2025-01-01 00:00:00', 1),
	(12, 15, 8, 8, 1, '2025-01-01 00:00:00', 1, '2025-01-01 00:00:00', 1),
	(13, 15, 9, 9, 1, '2025-01-01 00:00:00', 1, '2025-01-01 00:00:00', 1),
	(14, 15, 10, 10, 1, '2025-01-01 00:00:00', 1, '2025-01-01 00:00:00', 1),
	(15, 15, 11, 11, 1, '2025-01-01 00:00:00', 1, '2025-01-01 00:00:00', 1),
	(16, 15, 12, 12, 1, '2025-01-01 00:00:00', 1, '2025-01-01 00:00:00', 1),
	(17, 15, 13, 13, 1, '2025-01-01 00:00:00', 1, '2025-01-01 00:00:00', 1),
	(18, 15, 14, 14, 1, '2025-01-01 00:00:00', 1, '2025-01-01 00:00:00', 1),
	(19, 15, 15, 15, 1, '2025-01-01 00:00:00', 1, '2025-01-01 00:00:00', 1),
	(20, 15, 16, 16, 1, '2025-01-01 00:00:00', 1, '2025-01-01 00:00:00', 1),
	(21, 15, 17, 17, 1, '2025-01-01 00:00:00', 1, '2025-01-01 00:00:00', 1),
	(22, 15, 18, 18, 1, '2025-01-01 00:00:00', 1, '2025-01-01 00:00:00', 1),
	(23, 15, 19, 19, 1, '2025-01-01 00:00:00', 1, '2025-01-01 00:00:00', 1),
	(24, 15, 20, 20, 1, '2025-01-01 00:00:00', 1, '2025-01-01 00:00:00', 1),
	(25, 15, 21, 21, 1, '2025-01-01 00:00:00', 1, '2025-01-01 00:00:00', 1),
	(26, 15, 22, 22, 1, '2025-01-01 00:00:00', 1, '2025-01-01 00:00:00', 1),
	(27, 15, 25, 23, 1, '2025-01-01 00:00:00', 1, '2025-01-01 00:00:00', 1),
	(28, 1001, 1, 0, 1, '2025-01-01 00:00:00', 1, '2025-01-01 00:00:00', 1),
	(29, 1001, 2, 0, 1, '2025-01-01 00:00:00', 1, '2025-01-01 00:00:00', 1),
	(30, 1001, 3, 0, 1, '2025-01-01 00:00:00', 1, '2025-01-01 00:00:00', 1),
	(31, 1001, 4, 0, 1, '2025-01-01 00:00:00', 1, '2025-01-01 00:00:00', 1),
	(32, 1001, 5, 0, 1, '2025-01-01 00:00:00', 1, '2025-01-01 00:00:00', 1),
	(33, 1001, 6, 0, 1, '2025-01-01 00:00:00', 1, '2025-01-01 00:00:00', 1),
	(34, 1001, 7, 0, 1, '2025-01-01 00:00:00', 1, '2025-01-01 00:00:00', 1),
	(35, 1001, 8, 0, 1, '2025-01-01 00:00:00', 1, '2025-01-01 00:00:00', 1),
	(36, 1001, 9, 0, 1, '2025-01-01 00:00:00', 1, '2025-01-01 00:00:00', 1),
	(37, 1001, 10, 0, 1, '2025-01-01 00:00:00', 1, '2025-01-01 00:00:00', 1),
	(38, 1001, 11, 0, 1, '2025-01-01 00:00:00', 1, '2025-01-01 00:00:00', 1),
	(39, 1001, 12, 0, 1, '2025-01-01 00:00:00', 1, '2025-01-01 00:00:00', 1),
	(40, 1001, 13, 0, 1, '2025-01-01 00:00:00', 1, '2025-01-01 00:00:00', 1),
	(41, 1001, 14, 0, 1, '2025-01-01 00:00:00', 1, '2025-01-01 00:00:00', 1),
	(42, 1001, 15, 0, 1, '2025-01-01 00:00:00', 1, '2025-01-01 00:00:00', 1),
	(43, 1001, 16, 0, 1, '2025-01-01 00:00:00', 1, '2025-01-01 00:00:00', 1),
	(44, 1001, 17, 0, 1, '2025-01-01 00:00:00', 1, '2025-01-01 00:00:00', 1),
	(45, 1001, 18, 0, 1, '2025-01-01 00:00:00', 1, '2025-01-01 00:00:00', 1),
	(46, 1001, 19, 0, 1, '2025-01-01 00:00:00', 1, '2025-01-01 00:00:00', 1),
	(47, 1001, 20, 0, 1, '2025-01-01 00:00:00', 1, '2025-01-01 00:00:00', 1),
	(48, 1001, 21, 0, 1, '2025-01-01 00:00:00', 1, '2025-01-01 00:00:00', 1),
	(49, 1001, 22, 0, 1, '2025-01-01 00:00:00', 1, '2025-01-01 00:00:00', 1),
	(50, 1001, 25, 0, 1, '2025-01-01 00:00:00', 1, '2025-01-01 00:00:00', 1),
	(51, 1002, 1, 0, 1, '2025-01-01 00:00:00', 1, '2025-01-01 00:00:00', 1),
	(52, 1002, 2, 0, 1, '2025-01-01 00:00:00', 1, '2025-01-01 00:00:00', 1),
	(53, 1002, 3, 0, 1, '2025-01-01 00:00:00', 1, '2025-01-01 00:00:00', 1),
	(54, 1002, 4, 0, 1, '2025-01-01 00:00:00', 1, '2025-01-01 00:00:00', 1),
	(55, 1002, 5, 0, 1, '2025-01-01 00:00:00', 1, '2025-01-01 00:00:00', 1),
	(56, 1002, 6, 0, 1, '2025-01-01 00:00:00', 1, '2025-01-01 00:00:00', 1),
	(57, 1002, 7, 0, 1, '2025-01-01 00:00:00', 1, '2025-01-01 00:00:00', 1),
	(58, 1002, 8, 0, 1, '2025-01-01 00:00:00', 1, '2025-01-01 00:00:00', 1),
	(59, 1002, 9, 0, 1, '2025-01-01 00:00:00', 1, '2025-01-01 00:00:00', 1),
	(60, 1002, 10, 0, 1, '2025-01-01 00:00:00', 1, '2025-01-01 00:00:00', 1),
	(61, 1002, 11, 0, 1, '2025-01-01 00:00:00', 1, '2025-01-01 00:00:00', 1),
	(62, 1002, 12, 0, 1, '2025-01-01 00:00:00', 1, '2025-01-01 00:00:00', 1),
	(63, 1002, 13, 0, 1, '2025-01-01 00:00:00', 1, '2025-01-01 00:00:00', 1),
	(64, 1002, 14, 0, 1, '2025-01-01 00:00:00', 1, '2025-01-01 00:00:00', 1),
	(65, 1002, 15, 0, 1, '2025-01-01 00:00:00', 1, '2025-01-01 00:00:00', 1),
	(66, 1002, 16, 0, 1, '2025-01-01 00:00:00', 1, '2025-01-01 00:00:00', 1),
	(67, 1002, 17, 0, 1, '2025-01-01 00:00:00', 1, '2025-01-01 00:00:00', 1),
	(68, 1002, 18, 0, 1, '2025-01-01 00:00:00', 1, '2025-01-01 00:00:00', 1),
	(69, 1002, 19, 0, 1, '2025-01-01 00:00:00', 1, '2025-01-01 00:00:00', 1),
	(70, 1002, 20, 0, 1, '2025-01-01 00:00:00', 1, '2025-01-01 00:00:00', 1),
	(71, 1002, 21, 0, 1, '2025-01-01 00:00:00', 1, '2025-01-01 00:00:00', 1),
	(72, 1002, 22, 0, 1, '2025-01-01 00:00:00', 1, '2025-01-01 00:00:00', 1),
	(73, 1002, 25, 0, 1, '2025-01-01 00:00:00', 1, '2025-01-01 00:00:00', 1),
	(74, 1003, 1, 0, 1, '2025-01-01 00:00:00', 1, '2025-01-01 00:00:00', 1),
	(75, 1003, 2, 0, 1, '2025-01-01 00:00:00', 1, '2025-01-01 00:00:00', 1),
	(76, 1003, 3, 0, 1, '2025-01-01 00:00:00', 1, '2025-01-01 00:00:00', 1),
	(77, 1003, 4, 0, 1, '2025-01-01 00:00:00', 1, '2025-01-01 00:00:00', 1),
	(78, 1003, 5, 0, 1, '2025-01-01 00:00:00', 1, '2025-01-01 00:00:00', 1),
	(79, 1003, 6, 0, 1, '2025-01-01 00:00:00', 1, '2025-01-01 00:00:00', 1),
	(80, 1003, 7, 0, 1, '2025-01-01 00:00:00', 1, '2025-01-01 00:00:00', 1),
	(81, 1003, 8, 0, 1, '2025-01-01 00:00:00', 1, '2025-01-01 00:00:00', 1),
	(82, 1003, 9, 0, 1, '2025-01-01 00:00:00', 1, '2025-01-01 00:00:00', 1),
	(83, 1003, 10, 0, 1, '2025-01-01 00:00:00', 1, '2025-01-01 00:00:00', 1),
	(84, 1003, 11, 0, 1, '2025-01-01 00:00:00', 1, '2025-01-01 00:00:00', 1),
	(85, 1003, 12, 0, 1, '2025-01-01 00:00:00', 1, '2025-01-01 00:00:00', 1),
	(86, 1003, 13, 0, 1, '2025-01-01 00:00:00', 1, '2025-01-01 00:00:00', 1),
	(87, 1003, 14, 0, 1, '2025-01-01 00:00:00', 1, '2025-01-01 00:00:00', 1),
	(88, 1003, 15, 0, 1, '2025-01-01 00:00:00', 1, '2025-01-01 00:00:00', 1),
	(89, 1003, 16, 0, 1, '2025-01-01 00:00:00', 1, '2025-01-01 00:00:00', 1),
	(90, 1003, 17, 0, 1, '2025-01-01 00:00:00', 1, '2025-01-01 00:00:00', 1),
	(91, 1003, 18, 0, 1, '2025-01-01 00:00:00', 1, '2025-01-01 00:00:00', 1),
	(92, 1003, 19, 0, 1, '2025-01-01 00:00:00', 1, '2025-01-01 00:00:00', 1),
	(93, 1003, 20, 0, 1, '2025-01-01 00:00:00', 1, '2025-01-01 00:00:00', 1),
	(94, 1003, 21, 0, 1, '2025-01-01 00:00:00', 1, '2025-01-01 00:00:00', 1),
	(95, 1003, 22, 0, 1, '2025-01-01 00:00:00', 1, '2025-01-01 00:00:00', 1),
	(96, 1003, 25, 0, 1, '2025-01-01 00:00:00', 1, '2025-01-01 00:00:00', 1),
	(97, 1004, 1, 1, 1, '2025-01-01 00:00:00', 1, '2025-01-01 00:00:00', 1),
	(98, 1004, 2, 2, 1, '2025-01-01 00:00:00', 1, '2025-01-01 00:00:00', 1),
	(99, 1004, 3, 3, 1, '2025-01-01 00:00:00', 1, '2025-01-01 00:00:00', 1),
	(100, 1004, 4, 4, 1, '2025-01-01 00:00:00', 1, '2025-01-01 00:00:00', 1);

-- Dumping structure for table pos_resto.outlet_check_period
CREATE TABLE IF NOT EXISTS `outlet_check_period` (
  `id` smallint(6) NOT NULL AUTO_INCREMENT,
  `outlet` smallint(6) DEFAULT NULL,
  `periodid` smallint(6) DEFAULT NULL,
  `desc1` varchar(20) DEFAULT NULL,
  `desc2` varchar(20) DEFAULT NULL,
  `desc3` varchar(20) DEFAULT NULL,
  `sttime` time NOT NULL DEFAULT '00:00:00',
  `endtime` time NOT NULL DEFAULT '23:59:59',
  `presence` tinyint(2) NOT NULL DEFAULT 1,
  `inputDate` datetime NOT NULL DEFAULT '2025-01-01 00:00:00',
  `inputBy` smallint(6) NOT NULL DEFAULT 1,
  `updateDate` datetime NOT NULL DEFAULT '2025-01-01 00:00:00',
  `updateBy` smallint(6) NOT NULL DEFAULT 1,
  PRIMARY KEY (`id`)
) ENGINE=InnoDB AUTO_INCREMENT=10 DEFAULT CHARSET=utf8mb4 COLLATE=utf8mb4_general_ci ROW_FORMAT=DYNAMIC;

-- Dumping data for table pos_resto.outlet_check_period: ~9 rows (approximately)
INSERT INTO `outlet_check_period` (`id`, `outlet`, `periodid`, `desc1`, `desc2`, `desc3`, `sttime`, `endtime`, `presence`, `inputDate`, `inputBy`, `updateDate`, `updateBy`) VALUES
	(1, 1001, 2, 'Lunch               ', 'Lunch               ', 'Lunch               ', '11:00:00', '16:59:59', 1, '2025-01-01 00:00:00', 1, '2025-01-01 00:00:00', 1),
	(2, 1001, 3, 'Dinner              ', 'Dinner              ', 'Dinner              ', '17:00:00', '04:59:59', 1, '2025-01-01 00:00:00', 1, '2025-01-01 00:00:00', 1),
	(3, 15, 2, 'Lunch               ', 'Lunch               ', 'Lunch               ', '11:00:00', '16:59:59', 1, '2025-01-01 00:00:00', 1, '2025-01-01 00:00:00', 1),
	(4, 15, 3, 'Dinner              ', 'Dinner              ', 'Dinner              ', '17:00:00', '04:59:59', 1, '2025-01-01 00:00:00', 1, '2025-01-01 00:00:00', 1),
	(5, 15, 1, 'Breakfast           ', 'Breakfast           ', 'Breakfast           ', '05:00:00', '10:59:59', 1, '2025-01-01 00:00:00', 1, '2025-01-01 00:00:00', 1),
	(6, 1002, 2, 'Lunch               ', 'Lunch               ', 'Lunch               ', '11:00:00', '16:59:59', 1, '2025-01-01 00:00:00', 1, '2025-01-01 00:00:00', 1),
	(7, 1002, 3, 'Dinner              ', 'Dinner              ', 'Dinner              ', '17:00:00', '04:59:59', 1, '2025-01-01 00:00:00', 1, '2025-01-01 00:00:00', 1),
	(8, 1001, 1, 'Breakfast           ', 'Breakfast           ', 'Breakfast           ', '05:00:00', '10:59:59', 1, '2025-01-01 00:00:00', 1, '2025-01-01 00:00:00', 1),
	(9, 1002, 1, 'Breakfast           ', 'Breakfast           ', 'Breakfast           ', '05:00:00', '10:59:59', 1, '2025-01-01 00:00:00', 1, '2025-01-01 00:00:00', 1);

-- Dumping structure for table pos_resto.outlet_floor_plan
CREATE TABLE IF NOT EXISTS `outlet_floor_plan` (
  `id` int(11) NOT NULL AUTO_INCREMENT,
  `outletId` smallint(6) DEFAULT NULL,
  `desc1` varchar(200) DEFAULT NULL,
  `desc2` varchar(200) DEFAULT NULL,
  `desc3` varchar(200) DEFAULT NULL,
  `stdate` varchar(200) DEFAULT NULL,
  `enddate` varchar(200) DEFAULT NULL,
  `sttime` varchar(200) DEFAULT NULL,
  `endtime` varchar(200) DEFAULT NULL,
  `weekmask` varchar(200) DEFAULT NULL,
  `public` varchar(200) DEFAULT NULL,
  `type` varchar(200) DEFAULT NULL,
  `bkcolor` varchar(200) DEFAULT NULL,
  `image` varchar(200) DEFAULT NULL,
  `sorting` tinyint(4) DEFAULT 99,
  `presence` tinyint(2) NOT NULL DEFAULT 1,
  `inputDate` datetime NOT NULL DEFAULT '2025-01-01 00:00:00',
  `inputBy` smallint(6) NOT NULL DEFAULT 1,
  `updateDate` datetime NOT NULL DEFAULT '2025-01-01 00:00:00',
  `updateBy` smallint(6) NOT NULL DEFAULT 1,
  PRIMARY KEY (`id`)
) ENGINE=InnoDB AUTO_INCREMENT=5438 DEFAULT CHARSET=utf8mb4 COLLATE=utf8mb4_general_ci ROW_FORMAT=DYNAMIC;

-- Dumping data for table pos_resto.outlet_floor_plan: ~4 rows (approximately)
INSERT INTO `outlet_floor_plan` (`id`, `outletId`, `desc1`, `desc2`, `desc3`, `stdate`, `enddate`, `sttime`, `endtime`, `weekmask`, `public`, `type`, `bkcolor`, `image`, `sorting`, `presence`, `inputDate`, `inputBy`, `updateDate`, `updateBy`) VALUES
	(1, 1002, 'HOTLINE  34', 'HOTLINE             ', 'HOTLINE             ', '        ', '        ', '      ', '      ', '       ', ' ', '  ', '000000', '                              ', 1, 1, '2025-01-01 00:00:00', 1, '2025-05-07 18:37:16', 1),
	(2, 15, 'Other', 'Other               ', 'Other               ', '        ', '        ', '      ', '      ', '       ', ' ', '  ', '000000', '                              ', 2, 1, '2025-01-01 00:00:00', 1, '2025-05-07 18:37:16', 1),
	(3, 15, 'Dine In', 'Dine In             ', 'Dine In             ', '        ', '        ', '0     ', '0     ', '0      ', '0', '0 ', '0     ', 'FPIMAGE_P19                   ', 3, 1, '2025-01-01 00:00:00', 1, '2025-05-07 18:37:16', 1),
	(4, 1001, 'Delivery', 'Delivery            ', 'Delivery            ', '        ', '        ', '      ', '      ', '       ', ' ', '  ', '      ', '                              ', 4, 1, '2025-01-01 00:00:00', 1, '2025-05-07 18:37:16', 1),
	(5437, 1004, 'test', NULL, NULL, NULL, NULL, NULL, NULL, NULL, NULL, NULL, NULL, NULL, 99, 0, '2025-05-07 18:34:07', 1, '2025-05-07 18:35:38', 1);

-- Dumping structure for table pos_resto.outlet_func_authority
CREATE TABLE IF NOT EXISTS `outlet_func_authority` (
  `id` int(11) NOT NULL AUTO_INCREMENT,
  `outletId` smallint(6) NOT NULL DEFAULT 0,
  `authlevel` smallint(6) NOT NULL DEFAULT 0,
  `funcgrp` smallint(6) NOT NULL DEFAULT 0,
  `funcsgrp` smallint(6) NOT NULL DEFAULT 0,
  `funcauth` smallint(6) NOT NULL DEFAULT 0,
  `presence` tinyint(2) NOT NULL DEFAULT 1,
  `inputDate` datetime NOT NULL DEFAULT '2025-01-01 00:00:00',
  `inputBy` smallint(6) NOT NULL DEFAULT 1,
  `updateDate` datetime NOT NULL DEFAULT '2025-01-01 00:00:00',
  `updateBy` smallint(6) NOT NULL DEFAULT 1,
  PRIMARY KEY (`id`)
) ENGINE=InnoDB AUTO_INCREMENT=102 DEFAULT CHARSET=utf8mb4 COLLATE=utf8mb4_general_ci ROW_FORMAT=DYNAMIC;

-- Dumping data for table pos_resto.outlet_func_authority: ~101 rows (approximately)
INSERT INTO `outlet_func_authority` (`id`, `outletId`, `authlevel`, `funcgrp`, `funcsgrp`, `funcauth`, `presence`, `inputDate`, `inputBy`, `updateDate`, `updateBy`) VALUES
	(1, 1001, 1, 2, 3, 5, 1, '2025-01-01 00:00:00', 1, '2025-05-08 13:09:18', 1),
	(2, 1001, 2, 0, 1, 1, 1, '2025-01-01 00:00:00', 1, '2025-05-08 13:09:18', 1),
	(3, 1001, 2, 1, 0, 0, 1, '2025-01-01 00:00:00', 1, '2025-05-08 13:09:18', 1),
	(4, 1001, 2, 1, 1, 0, 1, '2025-01-01 00:00:00', 1, '2025-05-08 13:09:18', 1),
	(5, 1001, 2, 1, 1, 1, 1, '2025-01-01 00:00:00', 1, '2025-05-08 13:09:18', 1),
	(6, 1001, 2, 1, 1, 2, 1, '2025-01-01 00:00:00', 1, '2025-05-08 13:09:18', 1),
	(7, 1001, 2, 1, 1, 3, 1, '2025-01-01 00:00:00', 1, '2025-05-08 13:09:18', 1),
	(8, 1001, 2, 1, 1, 4, 1, '2025-01-01 00:00:00', 1, '2025-05-08 13:09:18', 1),
	(9, 1001, 2, 1, 1, 5, 1, '2025-01-01 00:00:00', 1, '2025-05-08 13:09:18', 1),
	(10, 1001, 2, 1, 1, 6, 1, '2025-01-01 00:00:00', 1, '2025-05-08 13:09:18', 1),
	(11, 1001, 2, 1, 1, 7, 1, '2025-01-01 00:00:00', 1, '2025-05-08 13:09:18', 1),
	(12, 1001, 2, 1, 2, 0, 1, '2025-01-01 00:00:00', 1, '2025-05-08 13:09:18', 1),
	(13, 1001, 2, 1, 2, 1, 1, '2025-01-01 00:00:00', 1, '2025-05-08 13:09:18', 1),
	(14, 1001, 2, 1, 2, 2, 1, '2025-01-01 00:00:00', 1, '2025-05-08 13:09:18', 1),
	(15, 1001, 2, 1, 2, 3, 1, '2025-01-01 00:00:00', 1, '2025-05-08 13:09:18', 1),
	(16, 1001, 2, 1, 2, 4, 1, '2025-01-01 00:00:00', 1, '2025-05-08 13:09:18', 1),
	(17, 1001, 2, 1, 2, 5, 1, '2025-01-01 00:00:00', 1, '2025-05-08 13:09:18', 1),
	(18, 1001, 2, 1, 2, 6, 1, '2025-01-01 00:00:00', 1, '2025-05-08 13:09:18', 1),
	(19, 1001, 2, 1, 2, 7, 1, '2025-01-01 00:00:00', 1, '2025-05-08 13:09:18', 1),
	(20, 1001, 2, 1, 2, 8, 1, '2025-01-01 00:00:00', 1, '2025-05-08 13:09:18', 1),
	(21, 1001, 2, 1, 2, 9, 1, '2025-01-01 00:00:00', 1, '2025-05-08 13:09:18', 1),
	(22, 1001, 2, 1, 2, 10, 1, '2025-01-01 00:00:00', 1, '2025-05-08 13:09:18', 1),
	(23, 1001, 2, 1, 2, 11, 1, '2025-01-01 00:00:00', 1, '2025-05-08 13:09:18', 1),
	(24, 1001, 2, 1, 2, 12, 1, '2025-01-01 00:00:00', 1, '2025-05-08 13:09:18', 1),
	(25, 1001, 2, 1, 2, 13, 1, '2025-01-01 00:00:00', 1, '2025-05-08 13:09:18', 1),
	(26, 1001, 2, 1, 2, 14, 1, '2025-01-01 00:00:00', 1, '2025-05-08 13:09:18', 1),
	(27, 1001, 2, 1, 2, 15, 1, '2025-01-01 00:00:00', 1, '2025-05-08 13:09:18', 1),
	(28, 1001, 2, 1, 2, 16, 1, '2025-01-01 00:00:00', 1, '2025-05-08 13:09:18', 1),
	(29, 1001, 2, 1, 2, 17, 1, '2025-01-01 00:00:00', 1, '2025-05-08 13:09:18', 1),
	(30, 1001, 2, 1, 2, 18, 1, '2025-01-01 00:00:00', 1, '2025-05-08 13:09:18', 1),
	(31, 1001, 2, 1, 2, 19, 1, '2025-01-01 00:00:00', 1, '2025-05-08 13:09:18', 1),
	(32, 1001, 2, 1, 3, 0, 1, '2025-01-01 00:00:00', 1, '2025-05-08 13:09:18', 1),
	(33, 1001, 2, 1, 3, 1, 1, '2025-01-01 00:00:00', 1, '2025-05-08 13:09:18', 1),
	(34, 1001, 2, 1, 3, 2, 1, '2025-01-01 00:00:00', 1, '2025-05-08 13:09:18', 1),
	(35, 1001, 2, 1, 4, 0, 1, '2025-01-01 00:00:00', 1, '2025-05-08 13:09:18', 1),
	(36, 1001, 2, 1, 4, 1, 1, '2025-01-01 00:00:00', 1, '2025-05-08 13:09:18', 1),
	(37, 1001, 2, 1, 4, 2, 1, '2025-01-01 00:00:00', 1, '2025-05-08 13:09:18', 1),
	(38, 1001, 2, 1, 4, 3, 1, '2025-01-01 00:00:00', 1, '2025-05-08 13:09:18', 1),
	(39, 1001, 2, 1, 4, 4, 1, '2025-01-01 00:00:00', 1, '2025-05-08 13:09:18', 1),
	(40, 1001, 2, 1, 4, 5, 1, '2025-01-01 00:00:00', 1, '2025-05-08 13:09:18', 1),
	(41, 1001, 2, 1, 4, 6, 1, '2025-01-01 00:00:00', 1, '2025-05-08 13:09:18', 1),
	(42, 1001, 2, 1, 4, 7, 1, '2025-01-01 00:00:00', 1, '2025-05-08 13:09:18', 1),
	(43, 1001, 2, 1, 4, 8, 1, '2025-01-01 00:00:00', 1, '2025-05-08 13:09:18', 1),
	(44, 1001, 2, 1, 4, 9, 1, '2025-01-01 00:00:00', 1, '2025-05-08 13:09:18', 1),
	(45, 1001, 2, 1, 4, 10, 1, '2025-01-01 00:00:00', 1, '2025-05-08 13:09:18', 1),
	(46, 1001, 2, 1, 4, 11, 1, '2025-01-01 00:00:00', 1, '2025-05-08 13:09:18', 1),
	(47, 1001, 2, 1, 4, 12, 1, '2025-01-01 00:00:00', 1, '2025-05-08 13:09:18', 1),
	(48, 1001, 2, 1, 5, 0, 1, '2025-01-01 00:00:00', 1, '2025-05-08 13:09:18', 1),
	(49, 1001, 2, 1, 5, 1, 1, '2025-01-01 00:00:00', 1, '2025-05-08 13:09:18', 1),
	(50, 1001, 2, 1, 5, 2, 1, '2025-01-01 00:00:00', 1, '2025-05-08 13:09:18', 1),
	(51, 1001, 2, 1, 5, 3, 1, '2025-01-01 00:00:00', 1, '2025-05-08 13:09:18', 1),
	(52, 1001, 2, 1, 5, 4, 1, '2025-01-01 00:00:00', 1, '2025-05-08 13:09:18', 1),
	(53, 1001, 2, 1, 5, 5, 1, '2025-01-01 00:00:00', 1, '2025-05-08 13:09:18', 1),
	(54, 1001, 2, 1, 5, 6, 1, '2025-01-01 00:00:00', 1, '2025-05-08 13:09:18', 1),
	(55, 1001, 2, 1, 5, 7, 1, '2025-01-01 00:00:00', 1, '2025-05-08 13:09:18', 1),
	(56, 1001, 2, 1, 5, 8, 1, '2025-01-01 00:00:00', 1, '2025-05-08 13:09:18', 1),
	(57, 1001, 2, 1, 5, 9, 1, '2025-01-01 00:00:00', 1, '2025-05-08 13:09:18', 1),
	(58, 1001, 2, 1, 6, 0, 1, '2025-01-01 00:00:00', 1, '2025-05-08 13:09:18', 1),
	(59, 1001, 2, 1, 6, 1, 1, '2025-01-01 00:00:00', 1, '2025-05-08 13:09:18', 1),
	(60, 1001, 2, 1, 6, 2, 1, '2025-01-01 00:00:00', 1, '2025-05-08 13:09:18', 1),
	(61, 1001, 2, 1, 6, 3, 1, '2025-01-01 00:00:00', 1, '2025-05-08 13:09:18', 1),
	(62, 1001, 2, 1, 6, 4, 1, '2025-01-01 00:00:00', 1, '2025-05-08 13:09:18', 1),
	(63, 1001, 2, 1, 6, 5, 1, '2025-01-01 00:00:00', 1, '2025-05-08 13:09:18', 1),
	(64, 1001, 2, 1, 6, 6, 1, '2025-01-01 00:00:00', 1, '2025-05-08 13:09:18', 1),
	(65, 1001, 2, 1, 6, 7, 1, '2025-01-01 00:00:00', 1, '2025-05-08 13:09:18', 1),
	(66, 1001, 2, 1, 6, 8, 1, '2025-01-01 00:00:00', 1, '2025-05-08 13:09:18', 1),
	(67, 1001, 2, 1, 6, 9, 1, '2025-01-01 00:00:00', 1, '2025-05-08 13:09:18', 1),
	(68, 1001, 2, 1, 6, 10, 1, '2025-01-01 00:00:00', 1, '2025-05-08 13:09:18', 1),
	(69, 1001, 2, 1, 7, 0, 1, '2025-01-01 00:00:00', 1, '2025-05-08 13:09:18', 1),
	(70, 1001, 2, 1, 7, 1, 1, '2025-01-01 00:00:00', 1, '2025-05-08 13:09:18', 1),
	(71, 1001, 2, 1, 7, 2, 1, '2025-01-01 00:00:00', 1, '2025-05-08 13:09:18', 1),
	(72, 1001, 2, 1, 7, 3, 1, '2025-01-01 00:00:00', 1, '2025-05-08 13:09:18', 1),
	(73, 1001, 2, 1, 8, 0, 1, '2025-01-01 00:00:00', 1, '2025-05-08 13:09:18', 1),
	(74, 1001, 2, 1, 8, 1, 1, '2025-01-01 00:00:00', 1, '2025-05-08 13:09:18', 1),
	(75, 1001, 2, 1, 8, 2, 1, '2025-01-01 00:00:00', 1, '2025-05-08 13:09:18', 1),
	(76, 1001, 2, 1, 8, 3, 1, '2025-01-01 00:00:00', 1, '2025-05-08 13:09:18', 1),
	(77, 1001, 2, 1, 8, 4, 1, '2025-01-01 00:00:00', 1, '2025-05-08 13:09:18', 1),
	(78, 1001, 2, 1, 10, 0, 1, '2025-01-01 00:00:00', 1, '2025-05-08 13:09:18', 1),
	(79, 1001, 2, 1, 10, 1, 1, '2025-01-01 00:00:00', 1, '2025-05-08 13:09:18', 1),
	(80, 1001, 2, 1, 10, 2, 1, '2025-01-01 00:00:00', 1, '2025-05-08 13:09:18', 1),
	(81, 1001, 2, 1, 11, 0, 1, '2025-01-01 00:00:00', 1, '2025-05-08 13:09:18', 1),
	(82, 1001, 2, 1, 11, 1, 1, '2025-01-01 00:00:00', 1, '2025-05-08 13:09:18', 1),
	(83, 1001, 2, 1, 11, 2, 1, '2025-01-01 00:00:00', 1, '2025-05-08 13:09:18', 1),
	(84, 1001, 2, 1, 11, 3, 1, '2025-01-01 00:00:00', 1, '2025-05-08 13:09:18', 1),
	(85, 1001, 2, 1, 11, 4, 1, '2025-01-01 00:00:00', 1, '2025-05-08 13:09:18', 1),
	(86, 1001, 2, 1, 11, 5, 1, '2025-01-01 00:00:00', 1, '2025-05-08 13:09:18', 1),
	(87, 1001, 2, 1, 11, 6, 1, '2025-01-01 00:00:00', 1, '2025-05-08 13:09:18', 1),
	(88, 1001, 2, 1, 11, 7, 1, '2025-01-01 00:00:00', 1, '2025-05-08 13:09:18', 1),
	(89, 1001, 2, 1, 11, 8, 1, '2025-01-01 00:00:00', 1, '2025-05-08 13:09:18', 1),
	(90, 1001, 2, 1, 11, 9, 1, '2025-01-01 00:00:00', 1, '2025-05-08 13:09:18', 1),
	(91, 1001, 2, 2, 0, 0, 1, '2025-01-01 00:00:00', 1, '2025-05-08 13:09:18', 1),
	(92, 1001, 2, 2, 1, 0, 1, '2025-01-01 00:00:00', 1, '2025-05-08 13:09:18', 1),
	(93, 1001, 2, 2, 1, 1, 1, '2025-01-01 00:00:00', 1, '2025-05-08 13:09:18', 1),
	(94, 1001, 2, 2, 1, 2, 1, '2025-01-01 00:00:00', 1, '2025-05-08 13:09:18', 1),
	(95, 1001, 2, 2, 2, 0, 1, '2025-01-01 00:00:00', 1, '2025-05-08 13:09:18', 1),
	(96, 1001, 2, 2, 2, 1, 1, '2025-01-01 00:00:00', 1, '2025-05-08 13:09:18', 1),
	(97, 1001, 2, 2, 2, 2, 1, '2025-01-01 00:00:00', 1, '2025-05-08 13:09:18', 1),
	(98, 1001, 2, 2, 2, 3, 1, '2025-01-01 00:00:00', 1, '2025-05-08 13:09:18', 1),
	(99, 1001, 2, 2, 2, 4, 1, '2025-01-01 00:00:00', 1, '2025-05-08 13:09:18', 1),
	(100, 1001, 2, 2, 2, 5, 1, '2025-01-01 00:00:00', 1, '2025-05-08 13:09:18', 1),
	(101, 1004, 0, 0, 0, 0, 1, '2025-05-08 13:09:31', 1, '2025-01-01 00:00:00', 1);

-- Dumping structure for table pos_resto.outlet_item_group
CREATE TABLE IF NOT EXISTS `outlet_item_group` (
  `id` int(11) NOT NULL AUTO_INCREMENT,
  `outlet` smallint(6) DEFAULT NULL,
  `menuid` varchar(0) DEFAULT NULL,
  `itemgrp` varchar(0) DEFAULT NULL,
  `presence` tinyint(2) NOT NULL DEFAULT 1,
  `inputDate` datetime NOT NULL DEFAULT '2025-01-01 00:00:00',
  `inputBy` smallint(6) NOT NULL DEFAULT 1,
  `updateDate` datetime NOT NULL DEFAULT '2025-01-01 00:00:00',
  `updateBy` smallint(6) NOT NULL DEFAULT 1,
  PRIMARY KEY (`id`)
) ENGINE=InnoDB DEFAULT CHARSET=utf8mb4 COLLATE=utf8mb4_general_ci ROW_FORMAT=DYNAMIC;

-- Dumping data for table pos_resto.outlet_item_group: ~0 rows (approximately)

-- Dumping structure for table pos_resto.outlet_item_period
CREATE TABLE IF NOT EXISTS `outlet_item_period` (
  `id` int(11) NOT NULL AUTO_INCREMENT,
  `outlet` smallint(6) DEFAULT NULL,
  `periodid` smallint(6) DEFAULT NULL,
  `desc1` varchar(30) DEFAULT NULL,
  `desc2` varchar(30) DEFAULT NULL,
  `desc3` varchar(30) DEFAULT NULL,
  `sttime` mediumint(9) DEFAULT NULL,
  `endtime` mediumint(9) DEFAULT NULL,
  `presence` tinyint(2) NOT NULL DEFAULT 1,
  `inputDate` datetime NOT NULL DEFAULT '2025-01-01 00:00:00',
  `inputBy` smallint(6) NOT NULL DEFAULT 1,
  `updateDate` datetime NOT NULL DEFAULT '2025-01-01 00:00:00',
  `updateBy` smallint(6) NOT NULL DEFAULT 1,
  PRIMARY KEY (`id`)
) ENGINE=InnoDB AUTO_INCREMENT=10 DEFAULT CHARSET=utf8mb4 COLLATE=utf8mb4_general_ci ROW_FORMAT=DYNAMIC;

-- Dumping data for table pos_resto.outlet_item_period: ~9 rows (approximately)
INSERT INTO `outlet_item_period` (`id`, `outlet`, `periodid`, `desc1`, `desc2`, `desc3`, `sttime`, `endtime`, `presence`, `inputDate`, `inputBy`, `updateDate`, `updateBy`) VALUES
	(1, 1001, 2, 'Lunch                         ', 'Lunch                         ', 'Lunch                         ', 110000, 165959, 1, '2025-01-01 00:00:00', 1, '2025-01-01 00:00:00', 1),
	(2, 1001, 3, 'Dinner                        ', 'Dinner                        ', 'Dinner                        ', 170000, 45959, 1, '2025-01-01 00:00:00', 1, '2025-01-01 00:00:00', 1),
	(3, 15, 2, 'Lunch                         ', 'Lunch                         ', 'Lunch                         ', 110000, 165959, 1, '2025-01-01 00:00:00', 1, '2025-01-01 00:00:00', 1),
	(4, 15, 3, 'Dinner                        ', 'Dinner                        ', 'Dinner                        ', 170000, 45959, 1, '2025-01-01 00:00:00', 1, '2025-01-01 00:00:00', 1),
	(5, 1001, 1, 'Breakfast                     ', 'Breakfast                     ', 'Breakfast                     ', 50000, 105959, 1, '2025-01-01 00:00:00', 1, '2025-01-01 00:00:00', 1),
	(6, 15, 1, 'Breakfast                     ', 'Breakfast                     ', 'Breakfast                     ', 50000, 105959, 1, '2025-01-01 00:00:00', 1, '2025-01-01 00:00:00', 1),
	(7, 1002, 1, 'Breakfast                     ', 'Breakfast                     ', 'Breakfast                     ', 50000, 105959, 1, '2025-01-01 00:00:00', 1, '2025-01-01 00:00:00', 1),
	(8, 1002, 2, 'Lunch                         ', 'Lunch                         ', 'Lunch                         ', 110000, 165959, 1, '2025-01-01 00:00:00', 1, '2025-01-01 00:00:00', 1),
	(9, 1002, 3, 'Dinner                        ', 'Dinner                        ', 'Dinner                        ', 170000, 45959, 1, '2025-01-01 00:00:00', 1, '2025-01-01 00:00:00', 1);

-- Dumping structure for table pos_resto.outlet_mix_n_match
CREATE TABLE IF NOT EXISTS `outlet_mix_n_match` (
  `id` int(11) NOT NULL AUTO_INCREMENT,
  `outletId` smallint(6) DEFAULT NULL,
  `mmrule` varchar(200) DEFAULT NULL,
  `desc1` varchar(200) DEFAULT NULL,
  `desc2` varchar(200) DEFAULT NULL,
  `desc3` varchar(200) DEFAULT NULL,
  `priority` varchar(200) DEFAULT NULL,
  `stdate` varchar(200) DEFAULT NULL,
  `enddate` varchar(200) DEFAULT NULL,
  `sttime` varchar(200) DEFAULT NULL,
  `endtime` varchar(200) DEFAULT NULL,
  `weekmask` varchar(200) DEFAULT NULL,
  `public` varchar(200) DEFAULT NULL,
  `mqty` varchar(200) DEFAULT NULL,
  `mtype` varchar(200) DEFAULT NULL,
  `mluid` varchar(200) DEFAULT NULL,
  `mitem` varchar(200) DEFAULT NULL,
  `cqty` varchar(200) DEFAULT NULL,
  `ctype` varchar(200) DEFAULT NULL,
  `cluid` varchar(200) DEFAULT NULL,
  `citem` varchar(200) DEFAULT NULL,
  `discmeth` varchar(200) DEFAULT NULL,
  `discamt` varchar(200) DEFAULT NULL,
  `useitemtm` varchar(200) DEFAULT NULL,
  `presence` tinyint(2) NOT NULL DEFAULT 1,
  `inputDate` datetime NOT NULL DEFAULT '2025-01-01 00:00:00',
  `inputBy` smallint(6) NOT NULL DEFAULT 1,
  `updateDate` datetime NOT NULL DEFAULT '2025-01-01 00:00:00',
  `updateBy` smallint(6) NOT NULL DEFAULT 1,
  PRIMARY KEY (`id`)
) ENGINE=InnoDB AUTO_INCREMENT=4 DEFAULT CHARSET=utf8mb4 COLLATE=utf8mb4_general_ci ROW_FORMAT=DYNAMIC;

-- Dumping data for table pos_resto.outlet_mix_n_match: ~3 rows (approximately)
INSERT INTO `outlet_mix_n_match` (`id`, `outletId`, `mmrule`, `desc1`, `desc2`, `desc3`, `priority`, `stdate`, `enddate`, `sttime`, `endtime`, `weekmask`, `public`, `mqty`, `mtype`, `mluid`, `mitem`, `cqty`, `ctype`, `cluid`, `citem`, `discmeth`, `discamt`, `useitemtm`, `presence`, `inputDate`, `inputBy`, `updateDate`, `updateBy`) VALUES
	(1, 1002, NULL, NULL, NULL, NULL, NULL, NULL, NULL, NULL, NULL, NULL, NULL, NULL, NULL, NULL, NULL, NULL, NULL, NULL, NULL, NULL, NULL, NULL, 0, '2025-05-07 18:08:31', 1, '2025-05-07 18:09:51', 1),
	(2, 1002, 'mmrule', 'desc1', NULL, NULL, 'priority', NULL, NULL, NULL, NULL, NULL, NULL, NULL, NULL, NULL, NULL, NULL, NULL, NULL, NULL, NULL, NULL, NULL, 0, '2025-05-07 18:09:55', 1, '2025-05-07 18:16:32', 1),
	(3, 1004, '1', '123', NULL, NULL, '3123', NULL, NULL, NULL, NULL, NULL, NULL, NULL, NULL, NULL, NULL, NULL, NULL, NULL, NULL, NULL, NULL, NULL, 1, '2025-05-07 18:16:41', 1, '2025-05-07 18:45:04', 1);

-- Dumping structure for table pos_resto.outlet_op_log
CREATE TABLE IF NOT EXISTS `outlet_op_log` (
  `id` int(11) NOT NULL AUTO_INCREMENT,
  `outlet` smallint(6) DEFAULT NULL,
  `funcgrp` smallint(6) DEFAULT NULL,
  `funcsgrp` smallint(6) DEFAULT NULL,
  `funcauth` smallint(6) DEFAULT NULL,
  `attempt` tinyint(4) DEFAULT NULL,
  `trans` varchar(1) DEFAULT NULL,
  `presence` tinyint(2) NOT NULL DEFAULT 1,
  `inputDate` datetime NOT NULL DEFAULT '2025-01-01 00:00:00',
  `inputBy` smallint(6) NOT NULL DEFAULT 1,
  `updateDate` datetime NOT NULL DEFAULT '2025-01-01 00:00:00',
  `updateBy` smallint(6) NOT NULL DEFAULT 1,
  PRIMARY KEY (`id`)
) ENGINE=InnoDB AUTO_INCREMENT=2 DEFAULT CHARSET=utf8mb4 COLLATE=utf8mb4_general_ci ROW_FORMAT=DYNAMIC;

-- Dumping data for table pos_resto.outlet_op_log: ~1 rows (approximately)
INSERT INTO `outlet_op_log` (`id`, `outlet`, `funcgrp`, `funcsgrp`, `funcauth`, `attempt`, `trans`, `presence`, `inputDate`, `inputBy`, `updateDate`, `updateBy`) VALUES
	(1, 1, 1, 1, 1, 1, ' ', 1, '2025-01-01 00:00:00', 1, '2025-01-01 00:00:00', 1);

-- Dumping structure for table pos_resto.outlet_order_level
CREATE TABLE IF NOT EXISTS `outlet_order_level` (
  `id` int(11) NOT NULL AUTO_INCREMENT,
  `outlet` smallint(6) DEFAULT NULL,
  `ordlevgrp` smallint(6) DEFAULT NULL,
  `ordlevel` smallint(6) DEFAULT NULL,
  `presence` tinyint(2) NOT NULL DEFAULT 1,
  `inputDate` datetime NOT NULL DEFAULT '2025-01-01 00:00:00',
  `inputBy` smallint(6) NOT NULL DEFAULT 1,
  `updateDate` datetime NOT NULL DEFAULT '2025-01-01 00:00:00',
  `updateBy` smallint(6) NOT NULL DEFAULT 1,
  PRIMARY KEY (`id`)
) ENGINE=InnoDB AUTO_INCREMENT=13 DEFAULT CHARSET=utf8mb4 COLLATE=utf8mb4_general_ci ROW_FORMAT=DYNAMIC;

-- Dumping data for table pos_resto.outlet_order_level: ~12 rows (approximately)
INSERT INTO `outlet_order_level` (`id`, `outlet`, `ordlevgrp`, `ordlevel`, `presence`, `inputDate`, `inputBy`, `updateDate`, `updateBy`) VALUES
	(1, 1001, 1, 1, 1, '2025-01-01 00:00:00', 1, '2025-01-01 00:00:00', 1),
	(2, 1001, 1, 2, 1, '2025-01-01 00:00:00', 1, '2025-01-01 00:00:00', 1),
	(3, 1001, 1, 3, 1, '2025-01-01 00:00:00', 1, '2025-01-01 00:00:00', 1),
	(4, 1001, 2, 1, 1, '2025-01-01 00:00:00', 1, '2025-01-01 00:00:00', 1),
	(5, 15, 1, 1, 1, '2025-01-01 00:00:00', 1, '2025-01-01 00:00:00', 1),
	(6, 15, 1, 2, 1, '2025-01-01 00:00:00', 1, '2025-01-01 00:00:00', 1),
	(7, 15, 1, 3, 1, '2025-01-01 00:00:00', 1, '2025-01-01 00:00:00', 1),
	(8, 15, 2, 1, 1, '2025-01-01 00:00:00', 1, '2025-01-01 00:00:00', 1),
	(9, 1002, 1, 1, 1, '2025-01-01 00:00:00', 1, '2025-01-01 00:00:00', 1),
	(10, 1002, 1, 2, 1, '2025-01-01 00:00:00', 1, '2025-01-01 00:00:00', 1),
	(11, 1002, 1, 3, 1, '2025-01-01 00:00:00', 1, '2025-01-01 00:00:00', 1),
	(12, 1002, 2, 1, 1, '2025-01-01 00:00:00', 1, '2025-01-01 00:00:00', 1);

-- Dumping structure for table pos_resto.outlet_payment
CREATE TABLE IF NOT EXISTS `outlet_payment` (
  `id` int(11) NOT NULL AUTO_INCREMENT,
  `outletId` smallint(6) DEFAULT NULL,
  `payid` varchar(200) DEFAULT NULL,
  `seq` varchar(200) DEFAULT NULL,
  `presence` tinyint(2) NOT NULL DEFAULT 1,
  `inputDate` datetime NOT NULL DEFAULT '2025-01-01 00:00:00',
  `inputBy` smallint(6) NOT NULL DEFAULT 1,
  `updateDate` datetime NOT NULL DEFAULT '2025-01-01 00:00:00',
  `updateBy` smallint(6) NOT NULL DEFAULT 1,
  PRIMARY KEY (`id`)
) ENGINE=InnoDB AUTO_INCREMENT=101 DEFAULT CHARSET=utf8mb4 COLLATE=utf8mb4_general_ci ROW_FORMAT=DYNAMIC;

-- Dumping data for table pos_resto.outlet_payment: ~100 rows (approximately)
INSERT INTO `outlet_payment` (`id`, `outletId`, `payid`, `seq`, `presence`, `inputDate`, `inputBy`, `updateDate`, `updateBy`) VALUES
	(1, 1001, '0061', '0023', 1, '2025-01-01 00:00:00', 1, '2025-05-07 18:44:37', 1),
	(2, 1001, '007', '003', 1, '2025-01-01 00:00:00', 1, '2025-05-07 18:44:37', 1),
	(3, 1001, '008', '004', 1, '2025-01-01 00:00:00', 1, '2025-05-07 18:44:37', 1),
	(4, 1001, '009', '005', 1, '2025-01-01 00:00:00', 1, '2025-05-07 18:44:37', 1),
	(5, 1001, '010', '006', 1, '2025-01-01 00:00:00', 1, '2025-05-07 18:44:37', 1),
	(6, 1001, '011', '007', 1, '2025-01-01 00:00:00', 1, '2025-05-07 18:44:37', 1),
	(7, 1001, '012', '008', 1, '2025-01-01 00:00:00', 1, '2025-05-07 18:44:37', 1),
	(8, 1001, '013', '009', 1, '2025-01-01 00:00:00', 1, '2025-05-07 18:44:37', 1),
	(9, 1001, '014', '010', 1, '2025-01-01 00:00:00', 1, '2025-05-07 18:44:37', 1),
	(10, 1001, '015', '011', 1, '2025-01-01 00:00:00', 1, '2025-05-07 18:44:37', 1),
	(11, 1001, '016', '012', 1, '2025-01-01 00:00:00', 1, '2025-05-07 18:44:37', 1),
	(12, 1001, '017', '013', 1, '2025-01-01 00:00:00', 1, '2025-05-07 18:44:37', 1),
	(13, 1001, '018', '014', 1, '2025-01-01 00:00:00', 1, '2025-05-07 18:44:37', 1),
	(14, 1001, '019', '015', 1, '2025-01-01 00:00:00', 1, '2025-05-07 18:44:37', 1),
	(15, 1001, '020', '016', 1, '2025-01-01 00:00:00', 1, '2025-05-07 18:44:37', 1),
	(16, 1001, '021', '   ', 1, '2025-01-01 00:00:00', 1, '2025-05-07 18:44:37', 1),
	(17, 1001, '022', '   ', 1, '2025-01-01 00:00:00', 1, '2025-05-07 18:44:37', 1),
	(18, 1001, '025', '   ', 1, '2025-01-01 00:00:00', 1, '2025-05-07 18:44:37', 1),
	(19, 1001, '026', '017', 1, '2025-01-01 00:00:00', 1, '2025-05-07 18:44:37', 1),
	(20, 1001, '027', '018', 1, '2025-01-01 00:00:00', 1, '2025-05-07 18:44:37', 1),
	(21, 1001, '028', '019', 1, '2025-01-01 00:00:00', 1, '2025-05-07 18:44:37', 1),
	(22, 1001, '032', '020', 1, '2025-01-01 00:00:00', 1, '2025-05-07 18:44:37', 1),
	(23, 1001, '031', '   ', 1, '2025-01-01 00:00:00', 1, '2025-05-07 18:44:37', 1),
	(24, 1001, '030', '   ', 1, '2025-01-01 00:00:00', 1, '2025-05-07 18:44:37', 1),
	(25, 1001, '029', '   ', 1, '2025-01-01 00:00:00', 1, '2025-05-07 18:44:37', 1),
	(26, 1001, '033', '   ', 1, '2025-01-01 00:00:00', 1, '2025-05-07 18:44:37', 1),
	(27, 1001, '034', '   ', 1, '2025-01-01 00:00:00', 1, '2025-05-07 18:44:37', 1),
	(28, 1001, '035', '   ', 1, '2025-01-01 00:00:00', 1, '2025-05-07 18:44:37', 1),
	(29, 1001, '037', '021', 1, '2025-01-01 00:00:00', 1, '2025-05-07 18:44:37', 1),
	(30, 1001, '038', '022', 1, '2025-01-01 00:00:00', 1, '2025-05-07 18:44:37', 1),
	(31, 1001, '036', '   ', 1, '2025-01-01 00:00:00', 1, '2025-05-07 18:44:37', 1),
	(32, 1001, '039', '023', 1, '2025-01-01 00:00:00', 1, '2025-05-07 18:44:37', 1),
	(33, 1001, '040', '024', 1, '2025-01-01 00:00:00', 1, '2025-05-07 18:44:37', 1),
	(34, 1001, '041', '025', 1, '2025-01-01 00:00:00', 1, '2025-05-07 18:44:37', 1),
	(35, 1001, 'T02', '037', 1, '2025-01-01 00:00:00', 1, '2025-05-07 18:44:37', 1),
	(36, 1001, 'Q02', '   ', 1, '2025-01-01 00:00:00', 1, '2025-05-07 18:44:37', 1),
	(37, 1002, '006', '002', 1, '2025-01-01 00:00:00', 1, '2025-05-07 18:44:37', 1),
	(38, 1002, '007', '003', 1, '2025-01-01 00:00:00', 1, '2025-05-07 18:44:37', 1),
	(39, 1002, '008', '004', 1, '2025-01-01 00:00:00', 1, '2025-05-07 18:44:37', 1),
	(40, 1002, '009', '005', 1, '2025-01-01 00:00:00', 1, '2025-05-07 18:44:37', 1),
	(41, 1002, '010', '006', 1, '2025-01-01 00:00:00', 1, '2025-05-07 18:44:37', 1),
	(42, 1002, '011', '007', 1, '2025-01-01 00:00:00', 1, '2025-05-07 18:44:37', 1),
	(43, 1002, '012', '008', 1, '2025-01-01 00:00:00', 1, '2025-05-07 18:44:37', 1),
	(44, 1002, '013', '009', 1, '2025-01-01 00:00:00', 1, '2025-05-07 18:44:37', 1),
	(45, 1002, '014', '010', 1, '2025-01-01 00:00:00', 1, '2025-05-07 18:44:37', 1),
	(46, 1002, '015', '011', 1, '2025-01-01 00:00:00', 1, '2025-05-07 18:44:37', 1),
	(47, 1002, '016', '012', 1, '2025-01-01 00:00:00', 1, '2025-05-07 18:44:37', 1),
	(48, 1002, '017', '013', 1, '2025-01-01 00:00:00', 1, '2025-05-07 18:44:37', 1),
	(49, 1002, '018', '014', 1, '2025-01-01 00:00:00', 1, '2025-05-07 18:44:37', 1),
	(50, 1002, '019', '015', 1, '2025-01-01 00:00:00', 1, '2025-05-07 18:44:37', 1),
	(51, 1002, '020', '016', 1, '2025-01-01 00:00:00', 1, '2025-05-07 18:44:37', 1),
	(52, 1002, '021', '017', 1, '2025-01-01 00:00:00', 1, '2025-05-07 18:44:37', 1),
	(53, 1002, '022', '   ', 1, '2025-01-01 00:00:00', 1, '2025-05-07 18:44:37', 1),
	(54, 1002, '025', '   ', 1, '2025-01-01 00:00:00', 1, '2025-05-07 18:44:37', 1),
	(55, 1002, '026', '018', 1, '2025-01-01 00:00:00', 1, '2025-05-07 18:44:37', 1),
	(56, 1002, '027', '019', 1, '2025-01-01 00:00:00', 1, '2025-05-07 18:44:37', 1),
	(57, 1002, '028', '020', 1, '2025-01-01 00:00:00', 1, '2025-05-07 18:44:37', 1),
	(58, 1002, '029', '   ', 1, '2025-01-01 00:00:00', 1, '2025-05-07 18:44:37', 1),
	(59, 1002, '030', '   ', 1, '2025-01-01 00:00:00', 1, '2025-05-07 18:44:37', 1),
	(60, 1002, '031', '   ', 1, '2025-01-01 00:00:00', 1, '2025-05-07 18:44:37', 1),
	(61, 1002, '032', '021', 1, '2025-01-01 00:00:00', 1, '2025-05-07 18:44:37', 1),
	(62, 1002, '033', '   ', 1, '2025-01-01 00:00:00', 1, '2025-05-07 18:44:37', 1),
	(63, 1002, '034', '   ', 1, '2025-01-01 00:00:00', 1, '2025-05-07 18:44:37', 1),
	(64, 1002, '035', '   ', 1, '2025-01-01 00:00:00', 1, '2025-05-07 18:44:37', 1),
	(65, 1002, '036', '   ', 1, '2025-01-01 00:00:00', 1, '2025-05-07 18:44:37', 1),
	(66, 1002, '037', '022', 1, '2025-01-01 00:00:00', 1, '2025-05-07 18:44:37', 1),
	(67, 1002, '038', '023', 1, '2025-01-01 00:00:00', 1, '2025-05-07 18:44:37', 1),
	(68, 1002, '039', '024', 1, '2025-01-01 00:00:00', 1, '2025-05-07 18:44:37', 1),
	(69, 1002, '040', '025', 1, '2025-01-01 00:00:00', 1, '2025-05-07 18:44:37', 1),
	(70, 1002, '041', '026', 1, '2025-01-01 00:00:00', 1, '2025-05-07 18:44:37', 1),
	(71, 1002, 'Q02', '052', 1, '2025-01-01 00:00:00', 1, '2025-05-07 18:44:37', 1),
	(72, 1002, 'T02', '053', 1, '2025-01-01 00:00:00', 1, '2025-05-07 18:44:37', 1),
	(73, 15, '001', '   ', 1, '2025-01-01 00:00:00', 1, '2025-05-07 18:44:37', 1),
	(74, 15, '002', '   ', 1, '2025-01-01 00:00:00', 1, '2025-05-07 18:44:37', 1),
	(75, 15, '003', '   ', 1, '2025-01-01 00:00:00', 1, '2025-05-07 18:44:37', 1),
	(76, 15, '004', '   ', 1, '2025-01-01 00:00:00', 1, '2025-05-07 18:44:37', 1),
	(77, 15, 'A01', '   ', 1, '2025-01-01 00:00:00', 1, '2025-05-07 18:44:37', 1),
	(78, 15, 'B01', '   ', 1, '2025-01-01 00:00:00', 1, '2025-05-07 18:44:37', 1),
	(79, 15, 'B02', '   ', 1, '2025-01-01 00:00:00', 1, '2025-05-07 18:44:37', 1),
	(80, 15, 'B03', '   ', 1, '2025-01-01 00:00:00', 1, '2025-05-07 18:44:37', 1),
	(81, 15, 'B04', '   ', 1, '2025-01-01 00:00:00', 1, '2025-05-07 18:44:37', 1),
	(82, 15, 'B05', '   ', 1, '2025-01-01 00:00:00', 1, '2025-05-07 18:44:37', 1),
	(83, 15, 'B06', '   ', 1, '2025-01-01 00:00:00', 1, '2025-05-07 18:44:37', 1),
	(84, 15, 'B07', '   ', 1, '2025-01-01 00:00:00', 1, '2025-05-07 18:44:37', 1),
	(85, 15, 'B08', '   ', 1, '2025-01-01 00:00:00', 1, '2025-05-07 18:44:37', 1),
	(86, 15, 'B09', '   ', 1, '2025-01-01 00:00:00', 1, '2025-05-07 18:44:37', 1),
	(87, 15, 'B10', '   ', 1, '2025-01-01 00:00:00', 1, '2025-05-07 18:44:37', 1),
	(88, 15, 'B11', '   ', 1, '2025-01-01 00:00:00', 1, '2025-05-07 18:44:37', 1),
	(89, 15, 'B12', '   ', 1, '2025-01-01 00:00:00', 1, '2025-05-07 18:44:37', 1),
	(90, 15, 'B21', '   ', 1, '2025-01-01 00:00:00', 1, '2025-05-07 18:44:37', 1),
	(91, 15, 'B31', '   ', 1, '2025-01-01 00:00:00', 1, '2025-05-07 18:44:37', 1),
	(92, 15, 'B32', '   ', 1, '2025-01-01 00:00:00', 1, '2025-05-07 18:44:37', 1),
	(93, 15, 'B33', '   ', 1, '2025-01-01 00:00:00', 1, '2025-05-07 18:44:37', 1),
	(94, 15, 'B34', '   ', 1, '2025-01-01 00:00:00', 1, '2025-05-07 18:44:37', 1),
	(95, 15, 'B35', '   ', 1, '2025-01-01 00:00:00', 1, '2025-05-07 18:44:37', 1),
	(96, 15, 'B36', '   ', 1, '2025-01-01 00:00:00', 1, '2025-05-07 18:44:37', 1),
	(97, 15, 'C01', '   ', 1, '2025-01-01 00:00:00', 1, '2025-05-07 18:44:37', 1),
	(98, 15, 'C11', '   ', 1, '2025-01-01 00:00:00', 1, '2025-05-07 18:44:37', 1),
	(99, 1004, 'C121', '   3', 1, '2025-01-01 00:00:00', 1, '2025-05-07 18:44:37', 1),
	(100, 15, 'C21', '   ', 0, '2025-01-01 00:00:00', 1, '2025-05-07 18:19:45', 1);

-- Dumping structure for table pos_resto.outlet_rep_authority
CREATE TABLE IF NOT EXISTS `outlet_rep_authority` (
  `id` int(11) NOT NULL AUTO_INCREMENT,
  `outlet` smallint(6) DEFAULT NULL,
  `authlevel` smallint(6) DEFAULT NULL,
  `repguid` varchar(32) DEFAULT NULL,
  `repuiid` varchar(10) DEFAULT NULL,
  `presence` tinyint(2) NOT NULL DEFAULT 1,
  `inputDate` datetime NOT NULL DEFAULT '2025-01-01 00:00:00',
  `inputBy` smallint(6) NOT NULL DEFAULT 1,
  `updateDate` datetime NOT NULL DEFAULT '2025-01-01 00:00:00',
  `updateBy` smallint(6) NOT NULL DEFAULT 1,
  PRIMARY KEY (`id`)
) ENGINE=InnoDB AUTO_INCREMENT=101 DEFAULT CHARSET=utf8mb4 COLLATE=utf8mb4_general_ci ROW_FORMAT=DYNAMIC;

-- Dumping data for table pos_resto.outlet_rep_authority: ~100 rows (approximately)
INSERT INTO `outlet_rep_authority` (`id`, `outlet`, `authlevel`, `repguid`, `repuiid`, `presence`, `inputDate`, `inputBy`, `updateDate`, `updateBy`) VALUES
	(1, 1, 1, '0E693A456E7A45F7B6C9DBA9AF01C203', 'MGR       ', 1, '2025-01-01 00:00:00', 1, '2025-01-01 00:00:00', 1),
	(2, 1, 2, '0E693A456E7A45F7B6C9DBA9AF01C203', 'MGR       ', 1, '2025-01-01 00:00:00', 1, '2025-01-01 00:00:00', 1),
	(3, 1, 3, '0E693A456E7A45F7B6C9DBA9AF01C203', 'MGR       ', 1, '2025-01-01 00:00:00', 1, '2025-01-01 00:00:00', 1),
	(4, 1, 4, '0E693A456E7A45F7B6C9DBA9AF01C203', 'MGR       ', 1, '2025-01-01 00:00:00', 1, '2025-01-01 00:00:00', 1),
	(5, 1, 5, '0E693A456E7A45F7B6C9DBA9AF01C203', 'MGR       ', 1, '2025-01-01 00:00:00', 1, '2025-01-01 00:00:00', 1),
	(6, 1, 6, '0E693A456E7A45F7B6C9DBA9AF01C203', 'MGR       ', 1, '2025-01-01 00:00:00', 1, '2025-01-01 00:00:00', 1),
	(7, 1, 7, '0E693A456E7A45F7B6C9DBA9AF01C203', 'MGR       ', 1, '2025-01-01 00:00:00', 1, '2025-01-01 00:00:00', 1),
	(8, 1, 1, '0E693A456E7A45F7B6C9DBA9AF01C203', 'SRV       ', 1, '2025-01-01 00:00:00', 1, '2025-01-01 00:00:00', 1),
	(9, 1, 2, '0E693A456E7A45F7B6C9DBA9AF01C203', 'SRV       ', 1, '2025-01-01 00:00:00', 1, '2025-01-01 00:00:00', 1),
	(10, 1, 3, '0E693A456E7A45F7B6C9DBA9AF01C203', 'SRV       ', 1, '2025-01-01 00:00:00', 1, '2025-01-01 00:00:00', 1),
	(11, 1, 4, '0E693A456E7A45F7B6C9DBA9AF01C203', 'SRV       ', 1, '2025-01-01 00:00:00', 1, '2025-01-01 00:00:00', 1),
	(12, 1, 5, '0E693A456E7A45F7B6C9DBA9AF01C203', 'SRV       ', 1, '2025-01-01 00:00:00', 1, '2025-01-01 00:00:00', 1),
	(13, 1, 6, '0E693A456E7A45F7B6C9DBA9AF01C203', 'SRV       ', 1, '2025-01-01 00:00:00', 1, '2025-01-01 00:00:00', 1),
	(14, 1, 7, '0E693A456E7A45F7B6C9DBA9AF01C203', 'SRV       ', 1, '2025-01-01 00:00:00', 1, '2025-01-01 00:00:00', 1),
	(15, 1, 1, '45B5BF6FC78948DF89157B495B7658EC', 'MGR       ', 1, '2025-01-01 00:00:00', 1, '2025-01-01 00:00:00', 1),
	(16, 1, 1, '45B5BF6FC78948DF89157B495B7658EC', 'SRV       ', 1, '2025-01-01 00:00:00', 1, '2025-01-01 00:00:00', 1),
	(17, 1, 1, '7777A0E144734CAEBA336872AD626E9F', 'MGR       ', 1, '2025-01-01 00:00:00', 1, '2025-01-01 00:00:00', 1),
	(18, 1, 1, '7777A0E144734CAEBA336872AD626E9F', 'SRV       ', 1, '2025-01-01 00:00:00', 1, '2025-01-01 00:00:00', 1),
	(19, 1, 1, 'F37A0297E830439CA18DCB413CBD12E2', 'MGR       ', 1, '2025-01-01 00:00:00', 1, '2025-01-01 00:00:00', 1),
	(20, 1, 1, 'F37A0297E830439CA18DCB413CBD12E2', 'SRV       ', 1, '2025-01-01 00:00:00', 1, '2025-01-01 00:00:00', 1),
	(21, 1, 2, 'F37A0297E830439CA18DCB413CBD12E2', 'MGR       ', 1, '2025-01-01 00:00:00', 1, '2025-01-01 00:00:00', 1),
	(22, 1, 2, 'F37A0297E830439CA18DCB413CBD12E2', 'SRV       ', 1, '2025-01-01 00:00:00', 1, '2025-01-01 00:00:00', 1),
	(23, 1, 1, '4021D32DBC084156ADE285C6D10CCCB3', 'MGR       ', 1, '2025-01-01 00:00:00', 1, '2025-01-01 00:00:00', 1),
	(24, 1, 1, '038A37C75CFF4F818761409D936D3C3A', 'MGR       ', 1, '2025-01-01 00:00:00', 1, '2025-01-01 00:00:00', 1),
	(25, 1, 1, '9E4E038907974B7D8F52F4C404A512E0', 'MGR       ', 1, '2025-01-01 00:00:00', 1, '2025-01-01 00:00:00', 1),
	(26, 1, 1, '92178C566DB9470D80B4D12513A8120E', 'MGR       ', 1, '2025-01-01 00:00:00', 1, '2025-01-01 00:00:00', 1),
	(27, 1, 1, 'D133B61A96B94806A36642A9424EFC08', 'MGR       ', 1, '2025-01-01 00:00:00', 1, '2025-01-01 00:00:00', 1),
	(28, 1, 1, '1EBEB2B2323E4204AC19480D0C9C57F1', 'MGR       ', 1, '2025-01-01 00:00:00', 1, '2025-01-01 00:00:00', 1),
	(29, 1, 1, '1EBEB2B2323E4204AC19480D0C9C57F1', 'SRV       ', 1, '2025-01-01 00:00:00', 1, '2025-01-01 00:00:00', 1),
	(30, 1, 1, '8BCEEE6F3980423F84ADEDAF13B8C879', 'MGR       ', 1, '2025-01-01 00:00:00', 1, '2025-01-01 00:00:00', 1),
	(31, 1, 1, '8BCEEE6F3980423F84ADEDAF13B8C879', 'SRV       ', 1, '2025-01-01 00:00:00', 1, '2025-01-01 00:00:00', 1),
	(32, 1, 1, 'AED067BBB29F4941BAC993A1E2DBD5A1', 'MGR       ', 1, '2025-01-01 00:00:00', 1, '2025-01-01 00:00:00', 1),
	(33, 1, 1, 'AED067BBB29F4941BAC993A1E2DBD5A1', 'SRV       ', 1, '2025-01-01 00:00:00', 1, '2025-01-01 00:00:00', 1),
	(34, 1, 1, '90C54BEAB3054FD394A46298B586BF76', 'MGR       ', 1, '2025-01-01 00:00:00', 1, '2025-01-01 00:00:00', 1),
	(35, 1, 1, '90C54BEAB3054FD394A46298B586BF76', 'SRV       ', 1, '2025-01-01 00:00:00', 1, '2025-01-01 00:00:00', 1),
	(36, 1, 1, 'B42CF53C0C50417E9EB9ACFA49A99AA4', 'MGR       ', 1, '2025-01-01 00:00:00', 1, '2025-01-01 00:00:00', 1),
	(37, 1, 1, 'B42CF53C0C50417E9EB9ACFA49A99AA4', 'SRV       ', 1, '2025-01-01 00:00:00', 1, '2025-01-01 00:00:00', 1),
	(38, 1, 1, '7F311105C0F74DDB8140D077863184BB', 'MGR       ', 1, '2025-01-01 00:00:00', 1, '2025-01-01 00:00:00', 1),
	(39, 1, 1, '7F311105C0F74DDB8140D077863184BB', 'SRV       ', 1, '2025-01-01 00:00:00', 1, '2025-01-01 00:00:00', 1),
	(40, 1, 1, 'AE4D5E1E89EE4000A51153DA98785C62', 'MGR       ', 1, '2025-01-01 00:00:00', 1, '2025-01-01 00:00:00', 1),
	(41, 1, 1, 'AE4D5E1E89EE4000A51153DA98785C62', 'SRV       ', 1, '2025-01-01 00:00:00', 1, '2025-01-01 00:00:00', 1),
	(42, 1, 1, 'D1A588CFD0384F18B36A13BE682B5D33', 'MGR       ', 1, '2025-01-01 00:00:00', 1, '2025-01-01 00:00:00', 1),
	(43, 1, 1, 'D1A588CFD0384F18B36A13BE682B5D33', 'SRV       ', 1, '2025-01-01 00:00:00', 1, '2025-01-01 00:00:00', 1),
	(44, 1, 1, '05A8F54F3B1841E6AB58546EFF92A313', 'MGR       ', 1, '2025-01-01 00:00:00', 1, '2025-01-01 00:00:00', 1),
	(45, 1, 1, '05A8F54F3B1841E6AB58546EFF92A313', 'SRV       ', 1, '2025-01-01 00:00:00', 1, '2025-01-01 00:00:00', 1),
	(46, 1, 1, '2DF5495949EB4450AFE8078D9621D9AE', 'MGR       ', 1, '2025-01-01 00:00:00', 1, '2025-01-01 00:00:00', 1),
	(47, 1, 1, '2DF5495949EB4450AFE8078D9621D9AE', 'SRV       ', 1, '2025-01-01 00:00:00', 1, '2025-01-01 00:00:00', 1),
	(48, 1, 1, '5F78B7F57A8E4D418A345521AE338A55', 'MGR       ', 1, '2025-01-01 00:00:00', 1, '2025-01-01 00:00:00', 1),
	(49, 1, 1, '5F78B7F57A8E4D418A345521AE338A55', 'SRV       ', 1, '2025-01-01 00:00:00', 1, '2025-01-01 00:00:00', 1),
	(50, 1, 1, '0A35DF7556564BBB8A8486E470BA80AB', 'MGR       ', 1, '2025-01-01 00:00:00', 1, '2025-01-01 00:00:00', 1),
	(51, 1, 1, '0A35DF7556564BBB8A8486E470BA80AB', 'SRV       ', 1, '2025-01-01 00:00:00', 1, '2025-01-01 00:00:00', 1),
	(52, 1, 1, 'EF8A6C6D79F24D33B5554C6408B21324', 'MGR       ', 1, '2025-01-01 00:00:00', 1, '2025-01-01 00:00:00', 1),
	(53, 1, 1, 'EF8A6C6D79F24D33B5554C6408B21324', 'SRV       ', 1, '2025-01-01 00:00:00', 1, '2025-01-01 00:00:00', 1),
	(54, 1, 1, 'DDEA7D0BAFB64B11B95436E9A351EEE5', 'MGR       ', 1, '2025-01-01 00:00:00', 1, '2025-01-01 00:00:00', 1),
	(55, 1, 1, 'DDEA7D0BAFB64B11B95436E9A351EEE5', 'SRV       ', 1, '2025-01-01 00:00:00', 1, '2025-01-01 00:00:00', 1),
	(56, 1, 2, 'DDEA7D0BAFB64B11B95436E9A351EEE5', 'MGR       ', 1, '2025-01-01 00:00:00', 1, '2025-01-01 00:00:00', 1),
	(57, 1, 2, 'DDEA7D0BAFB64B11B95436E9A351EEE5', 'SRV       ', 1, '2025-01-01 00:00:00', 1, '2025-01-01 00:00:00', 1),
	(58, 1, 2, 'EF8A6C6D79F24D33B5554C6408B21324', 'MGR       ', 1, '2025-01-01 00:00:00', 1, '2025-01-01 00:00:00', 1),
	(59, 1, 2, 'EF8A6C6D79F24D33B5554C6408B21324', 'SRV       ', 1, '2025-01-01 00:00:00', 1, '2025-01-01 00:00:00', 1),
	(60, 1, 2, '0A35DF7556564BBB8A8486E470BA80AB', 'MGR       ', 1, '2025-01-01 00:00:00', 1, '2025-01-01 00:00:00', 1),
	(61, 1, 2, '0A35DF7556564BBB8A8486E470BA80AB', 'SRV       ', 1, '2025-01-01 00:00:00', 1, '2025-01-01 00:00:00', 1),
	(62, 1, 2, '5F78B7F57A8E4D418A345521AE338A55', 'MGR       ', 1, '2025-01-01 00:00:00', 1, '2025-01-01 00:00:00', 1),
	(63, 1, 2, '5F78B7F57A8E4D418A345521AE338A55', 'SRV       ', 1, '2025-01-01 00:00:00', 1, '2025-01-01 00:00:00', 1),
	(64, 1, 2, '2DF5495949EB4450AFE8078D9621D9AE', 'MGR       ', 1, '2025-01-01 00:00:00', 1, '2025-01-01 00:00:00', 1),
	(65, 1, 2, '2DF5495949EB4450AFE8078D9621D9AE', 'SRV       ', 1, '2025-01-01 00:00:00', 1, '2025-01-01 00:00:00', 1),
	(66, 1, 2, '05A8F54F3B1841E6AB58546EFF92A313', 'MGR       ', 1, '2025-01-01 00:00:00', 1, '2025-01-01 00:00:00', 1),
	(67, 1, 2, '05A8F54F3B1841E6AB58546EFF92A313', 'SRV       ', 1, '2025-01-01 00:00:00', 1, '2025-01-01 00:00:00', 1),
	(68, 1, 2, 'D1A588CFD0384F18B36A13BE682B5D33', 'MGR       ', 1, '2025-01-01 00:00:00', 1, '2025-01-01 00:00:00', 1),
	(69, 1, 2, 'D1A588CFD0384F18B36A13BE682B5D33', 'SRV       ', 1, '2025-01-01 00:00:00', 1, '2025-01-01 00:00:00', 1),
	(70, 1, 2, 'AE4D5E1E89EE4000A51153DA98785C62', 'MGR       ', 1, '2025-01-01 00:00:00', 1, '2025-01-01 00:00:00', 1),
	(71, 1, 2, 'AE4D5E1E89EE4000A51153DA98785C62', 'SRV       ', 1, '2025-01-01 00:00:00', 1, '2025-01-01 00:00:00', 1),
	(72, 1, 2, '7F311105C0F74DDB8140D077863184BB', 'MGR       ', 1, '2025-01-01 00:00:00', 1, '2025-01-01 00:00:00', 1),
	(73, 1, 2, '7F311105C0F74DDB8140D077863184BB', 'SRV       ', 1, '2025-01-01 00:00:00', 1, '2025-01-01 00:00:00', 1),
	(74, 1, 2, 'B42CF53C0C50417E9EB9ACFA49A99AA4', 'MGR       ', 1, '2025-01-01 00:00:00', 1, '2025-01-01 00:00:00', 1),
	(75, 1, 2, 'B42CF53C0C50417E9EB9ACFA49A99AA4', 'SRV       ', 1, '2025-01-01 00:00:00', 1, '2025-01-01 00:00:00', 1),
	(76, 1, 2, '90C54BEAB3054FD394A46298B586BF76', 'MGR       ', 1, '2025-01-01 00:00:00', 1, '2025-01-01 00:00:00', 1),
	(77, 1, 2, '90C54BEAB3054FD394A46298B586BF76', 'SRV       ', 1, '2025-01-01 00:00:00', 1, '2025-01-01 00:00:00', 1),
	(78, 1, 2, 'AED067BBB29F4941BAC993A1E2DBD5A1', 'MGR       ', 1, '2025-01-01 00:00:00', 1, '2025-01-01 00:00:00', 1),
	(79, 1, 2, 'AED067BBB29F4941BAC993A1E2DBD5A1', 'SRV       ', 1, '2025-01-01 00:00:00', 1, '2025-01-01 00:00:00', 1),
	(80, 1, 2, '8BCEEE6F3980423F84ADEDAF13B8C879', 'MGR       ', 1, '2025-01-01 00:00:00', 1, '2025-01-01 00:00:00', 1),
	(81, 1, 2, '8BCEEE6F3980423F84ADEDAF13B8C879', 'SRV       ', 1, '2025-01-01 00:00:00', 1, '2025-01-01 00:00:00', 1),
	(82, 1, 2, '1EBEB2B2323E4204AC19480D0C9C57F1', 'MGR       ', 1, '2025-01-01 00:00:00', 1, '2025-01-01 00:00:00', 1),
	(83, 1, 2, '1EBEB2B2323E4204AC19480D0C9C57F1', 'SRV       ', 1, '2025-01-01 00:00:00', 1, '2025-01-01 00:00:00', 1),
	(84, 1, 2, 'D133B61A96B94806A36642A9424EFC08', 'MGR       ', 1, '2025-01-01 00:00:00', 1, '2025-01-01 00:00:00', 1),
	(85, 1, 2, '92178C566DB9470D80B4D12513A8120E', 'MGR       ', 1, '2025-01-01 00:00:00', 1, '2025-01-01 00:00:00', 1),
	(86, 1, 2, '9E4E038907974B7D8F52F4C404A512E0', 'MGR       ', 1, '2025-01-01 00:00:00', 1, '2025-01-01 00:00:00', 1),
	(87, 1, 2, '038A37C75CFF4F818761409D936D3C3A', 'MGR       ', 1, '2025-01-01 00:00:00', 1, '2025-01-01 00:00:00', 1),
	(88, 1, 2, '4021D32DBC084156ADE285C6D10CCCB3', 'MGR       ', 1, '2025-01-01 00:00:00', 1, '2025-01-01 00:00:00', 1),
	(89, 1, 2, '7777A0E144734CAEBA336872AD626E9F', 'MGR       ', 1, '2025-01-01 00:00:00', 1, '2025-01-01 00:00:00', 1),
	(90, 1, 2, '7777A0E144734CAEBA336872AD626E9F', 'SRV       ', 1, '2025-01-01 00:00:00', 1, '2025-01-01 00:00:00', 1),
	(91, 1, 2, '45B5BF6FC78948DF89157B495B7658EC', 'MGR       ', 1, '2025-01-01 00:00:00', 1, '2025-01-01 00:00:00', 1),
	(92, 1, 2, '45B5BF6FC78948DF89157B495B7658EC', 'SRV       ', 1, '2025-01-01 00:00:00', 1, '2025-01-01 00:00:00', 1),
	(93, 1, 3, '45B5BF6FC78948DF89157B495B7658EC', 'MGR       ', 1, '2025-01-01 00:00:00', 1, '2025-01-01 00:00:00', 1),
	(94, 1, 3, '45B5BF6FC78948DF89157B495B7658EC', 'SRV       ', 1, '2025-01-01 00:00:00', 1, '2025-01-01 00:00:00', 1),
	(95, 1, 3, '7777A0E144734CAEBA336872AD626E9F', 'MGR       ', 1, '2025-01-01 00:00:00', 1, '2025-01-01 00:00:00', 1),
	(96, 1, 3, '7777A0E144734CAEBA336872AD626E9F', 'SRV       ', 1, '2025-01-01 00:00:00', 1, '2025-01-01 00:00:00', 1),
	(97, 1, 3, '4021D32DBC084156ADE285C6D10CCCB3', 'MGR       ', 1, '2025-01-01 00:00:00', 1, '2025-01-01 00:00:00', 1),
	(98, 1, 3, '038A37C75CFF4F818761409D936D3C3A', 'MGR       ', 1, '2025-01-01 00:00:00', 1, '2025-01-01 00:00:00', 1),
	(99, 1, 3, '9E4E038907974B7D8F52F4C404A512E0', 'MGR       ', 1, '2025-01-01 00:00:00', 1, '2025-01-01 00:00:00', 1),
	(100, 1, 3, '92178C566DB9470D80B4D12513A8120E', 'MGR       ', 1, '2025-01-01 00:00:00', 1, '2025-01-01 00:00:00', 1);

-- Dumping structure for table pos_resto.outlet_special_hour
CREATE TABLE IF NOT EXISTS `outlet_special_hour` (
  `id` int(11) NOT NULL AUTO_INCREMENT,
  `outletId` smallint(6) NOT NULL DEFAULT 0,
  `periodid` smallint(6) NOT NULL DEFAULT 0,
  `presence` tinyint(2) NOT NULL DEFAULT 1,
  `inputDate` datetime NOT NULL DEFAULT '2025-01-01 00:00:00',
  `inputBy` smallint(6) NOT NULL DEFAULT 1,
  `updateDate` datetime NOT NULL DEFAULT '2025-01-01 00:00:00',
  `updateBy` smallint(6) NOT NULL DEFAULT 1,
  PRIMARY KEY (`id`)
) ENGINE=InnoDB AUTO_INCREMENT=12 DEFAULT CHARSET=utf8mb4 COLLATE=utf8mb4_general_ci ROW_FORMAT=DYNAMIC;

-- Dumping data for table pos_resto.outlet_special_hour: ~10 rows (approximately)
INSERT INTO `outlet_special_hour` (`id`, `outletId`, `periodid`, `presence`, `inputDate`, `inputBy`, `updateDate`, `updateBy`) VALUES
	(1, 1001, 23, 1, '2025-01-01 00:00:00', 1, '2025-05-08 13:25:17', 1),
	(2, 1001, 34, 1, '2025-01-01 00:00:00', 1, '2025-05-08 13:25:17', 1),
	(3, 1001, 15, 1, '2025-01-01 00:00:00', 1, '2025-05-08 13:25:17', 1),
	(4, 15, 1, 1, '2025-01-01 00:00:00', 1, '2025-05-08 13:25:17', 1),
	(5, 15, 2, 1, '2025-01-01 00:00:00', 1, '2025-05-08 13:25:17', 1),
	(6, 15, 3, 1, '2025-01-01 00:00:00', 1, '2025-05-08 13:25:17', 1),
	(7, 1002, 1, 1, '2025-01-01 00:00:00', 1, '2025-05-08 13:25:17', 1),
	(8, 1002, 2, 1, '2025-01-01 00:00:00', 1, '2025-05-08 13:25:17', 1),
	(9, 1004, 3, 1, '2025-01-01 00:00:00', 1, '2025-05-08 13:25:17', 1),
	(10, 0, 0, 0, '2025-05-08 13:24:46', 1, '2025-05-08 13:25:09', 1),
	(11, 1002, 2, 1, '2025-05-08 13:25:13', 1, '2025-05-08 13:25:17', 1);

-- Dumping structure for table pos_resto.outlet_table_map
CREATE TABLE IF NOT EXISTS `outlet_table_map` (
  `id` int(11) NOT NULL AUTO_INCREMENT,
  `outletId` smallint(6) DEFAULT NULL,
  `outletFloorPlandId` smallint(6) DEFAULT 1,
  `tableName` varchar(200) DEFAULT NULL,
  `tableNameExt` varchar(200) DEFAULT NULL,
  `desc1` varchar(200) DEFAULT NULL,
  `desc2` varchar(200) DEFAULT NULL,
  `desc3` varchar(200) DEFAULT NULL,
  `class` tinyint(4) DEFAULT NULL,
  `seatcnt` tinyint(4) DEFAULT NULL,
  `posY` smallint(6) DEFAULT NULL,
  `posX` smallint(6) DEFAULT NULL,
  `width` tinyint(4) DEFAULT NULL,
  `height` tinyint(4) DEFAULT NULL,
  `capacity` tinyint(4) DEFAULT NULL,
  `shape` tinyint(4) DEFAULT NULL,
  `seatpos` tinyint(4) DEFAULT NULL,
  `seatarr` tinyint(4) DEFAULT NULL,
  `default` varchar(2) DEFAULT NULL,
  `consume` decimal(3,2) DEFAULT NULL,
  `icon` varchar(200) DEFAULT NULL,
  `presence` tinyint(2) NOT NULL DEFAULT 1,
  `inputDate` datetime NOT NULL DEFAULT '2025-01-01 00:00:00',
  `inputBy` smallint(6) NOT NULL DEFAULT 1,
  `updateDate` datetime NOT NULL DEFAULT '2025-01-01 00:00:00',
  `updateBy` smallint(6) NOT NULL DEFAULT 1,
  PRIMARY KEY (`id`)
) ENGINE=InnoDB AUTO_INCREMENT=147 DEFAULT CHARSET=utf8mb4 COLLATE=utf8mb4_general_ci ROW_FORMAT=DYNAMIC;

-- Dumping data for table pos_resto.outlet_table_map: ~115 rows (approximately)
INSERT INTO `outlet_table_map` (`id`, `outletId`, `outletFloorPlandId`, `tableName`, `tableNameExt`, `desc1`, `desc2`, `desc3`, `class`, `seatcnt`, `posY`, `posX`, `width`, `height`, `capacity`, `shape`, `seatpos`, `seatarr`, `default`, `consume`, `icon`, `presence`, `inputDate`, `inputBy`, `updateDate`, `updateBy`) VALUES
	(1, 15, 2, '00TA5', '   ', '                    ', '                    ', '                    ', 0, 0, 1, 639, 80, 80, 4, 2, 2, 0, '  ', 0.00, NULL, 1, '2025-01-01 00:00:00', 1, '2025-05-15 12:28:46', 1),
	(2, 15, 2, '00TA4', '   ', '                    ', '                    ', '                    ', 0, 0, 1, 489, 80, 80, 4, 2, 2, 0, '  ', 0.00, NULL, 1, '2025-01-01 00:00:00', 1, '2025-05-06 17:22:53', 1),
	(3, 15, 2, '00TA3', '   ', '                    ', '                    ', '                    ', 0, 0, 1, 342, 80, 80, 4, 2, 2, 0, '  ', 0.00, NULL, 1, '2025-01-01 00:00:00', 1, '2025-05-06 17:22:53', 1),
	(4, 15, 2, '00TA2', '   ', '                    ', '                    ', '                    ', 0, 0, 1, 200, 80, 80, 4, 2, 2, 0, '  ', 0.00, NULL, 1, '2025-01-01 00:00:00', 1, '2025-05-06 17:22:53', 1),
	(5, 15, 2, '00OC5', '   ', '                    ', '                    ', '                    ', 0, 0, 175, 643, 80, 80, 4, 1, 2, 0, '  ', 0.00, NULL, 1, '2025-01-01 00:00:00', 1, '2025-05-06 17:22:53', 1),
	(6, 15, 2, '00OC4', '   ', '                    ', '                    ', '                    ', 0, 0, 181, 478, 80, 80, 4, 1, 2, 0, '  ', 0.00, NULL, 1, '2025-01-01 00:00:00', 1, '2025-05-06 17:22:53', 1),
	(7, 15, 2, '00OC3', '   ', '                    ', '                    ', '                    ', 0, 0, 183, 332, 80, 80, 4, 1, 2, 0, '  ', 0.00, NULL, 1, '2025-01-01 00:00:00', 1, '2025-05-06 17:22:53', 1),
	(8, 15, 2, '00OC2', '   ', '                    ', '                    ', '                    ', 0, 0, 178, 198, 80, 80, 4, 1, 2, 0, '  ', 0.00, NULL, 1, '2025-01-01 00:00:00', 1, '2025-05-06 17:22:53', 1),
	(9, 15, 2, '00500', '   ', '                    ', '                    ', '                    ', 0, 0, 369, 644, 80, 80, 4, 0, 2, 0, '  ', 0.00, NULL, 1, '2025-01-01 00:00:00', 1, '2025-05-06 17:22:53', 1),
	(10, 15, 2, '00400', '   ', '                    ', '                    ', '                    ', 0, 0, 369, 488, 80, 80, 4, 0, 2, 0, '  ', 0.00, NULL, 1, '2025-01-01 00:00:00', 1, '2025-05-06 17:22:53', 1),
	(11, 15, 2, '00300', '   ', '                    ', '                    ', '                    ', 0, 0, 369, 343, 80, 80, 4, 0, 2, 0, '  ', 0.00, NULL, 1, '2025-01-01 00:00:00', 1, '2025-05-06 17:22:53', 1),
	(12, 15, 2, '00200', '   ', '                    ', '                    ', '                    ', 0, 0, 369, 197, 80, 80, 4, 0, 2, 0, '  ', 0.00, NULL, 1, '2025-01-01 00:00:00', 1, '2025-05-06 17:22:53', 1),
	(13, 15, 2, '00100', '   ', '                    ', '                    ', '                    ', 0, 0, 369, 37, 80, 80, 4, 0, 2, 0, '  ', 0.00, NULL, 1, '2025-01-01 00:00:00', 1, '2025-05-06 17:22:53', 1),
	(14, 15, 2, '00OC1', '   ', '                    ', '                    ', '                    ', 0, 0, 177, 41, 80, 80, 4, 1, 2, 0, '  ', 0.00, NULL, 1, '2025-01-01 00:00:00', 1, '2025-05-06 17:22:53', 1),
	(15, 15, 2, '00TA1', '   ', '                    ', '                    ', '                    ', 0, 0, 1, 41, 80, 80, 4, 2, 2, 0, '  ', 0.00, NULL, 1, '2025-01-01 00:00:00', 1, '2025-05-06 17:22:53', 1),
	(16, 15, 3, '00001', '   ', '                    ', '                    ', '                    ', 0, 0, 1, 22, 60, 60, 4, 0, 2, 0, '  ', 0.00, NULL, 1, '2025-01-01 00:00:00', 1, '2025-01-01 00:00:00', 1),
	(17, 15, 3, '00002', '   ', '                    ', '                    ', '                    ', 0, 0, 37, 22, 60, 60, 4, 0, 2, 0, '  ', 0.00, NULL, 1, '2025-01-01 00:00:00', 1, '2025-01-01 00:00:00', 1),
	(18, 15, 3, '00003', '   ', '                    ', '                    ', '                    ', 0, 0, 88, 22, 60, 60, 4, 0, 2, 0, '  ', 0.00, NULL, 1, '2025-01-01 00:00:00', 1, '2025-01-01 00:00:00', 1),
	(19, 15, 3, '00004', '   ', '                    ', '                    ', '                    ', 0, 0, 124, 23, 60, 60, 4, 0, 2, 0, '  ', 0.00, NULL, 1, '2025-01-01 00:00:00', 1, '2025-01-01 00:00:00', 1),
	(20, 15, 3, '00005', '   ', '                    ', '                    ', '                    ', 0, 0, 177, 22, 60, 60, 4, 0, 2, 0, '  ', 0.00, NULL, 1, '2025-01-01 00:00:00', 1, '2025-01-01 00:00:00', 1),
	(21, 15, 3, '00006', '   ', '                    ', '                    ', '                    ', 0, 0, 214, 22, 60, 60, 4, 0, 2, 0, '  ', 0.00, NULL, 1, '2025-01-01 00:00:00', 1, '2025-01-01 00:00:00', 1),
	(22, 15, 3, '00007', '   ', '                    ', '                    ', '                    ', 0, 0, 267, 22, 60, 60, 4, 0, 2, 0, '  ', 0.00, NULL, 1, '2025-01-01 00:00:00', 1, '2025-01-01 00:00:00', 1),
	(23, 15, 3, '00008', '   ', '                    ', '                    ', '                    ', 0, 0, 304, 22, 60, 60, 4, 0, 2, 0, '  ', 0.00, NULL, 1, '2025-01-01 00:00:00', 1, '2025-01-01 00:00:00', 1),
	(24, 15, 3, '00017', '   ', '                    ', '                    ', '                    ', 0, 0, 275, 315, 70, 70, 4, 0, 2, 0, '  ', 0.00, NULL, 1, '2025-01-01 00:00:00', 1, '2025-01-01 00:00:00', 1),
	(25, 15, 3, '00018', '   ', '                    ', '                    ', '                    ', 0, 0, 321, 315, 70, 70, 4, 0, 2, 0, '  ', 0.00, NULL, 1, '2025-01-01 00:00:00', 1, '2025-01-01 00:00:00', 1),
	(26, 15, 3, '00011', '   ', '                    ', '                    ', '                    ', 0, 0, 389, 65, 60, 60, 4, 0, 2, 0, '  ', 0.00, NULL, 1, '2025-01-01 00:00:00', 1, '2025-01-01 00:00:00', 1),
	(27, 15, 3, '00012', '   ', '                    ', '                    ', '                    ', 0, 0, 389, 101, 60, 60, 4, 0, 2, 0, '  ', 0.00, NULL, 1, '2025-01-01 00:00:00', 1, '2025-01-01 00:00:00', 1),
	(28, 15, 3, '00013', '   ', '                    ', '                    ', '                    ', 0, 0, 202, 192, 80, 80, 4, 0, 2, 0, '  ', 0.00, NULL, 1, '2025-01-01 00:00:00', 1, '2025-01-01 00:00:00', 1),
	(29, 15, 3, '00016', '   ', '                    ', '                    ', '                    ', 0, 0, 202, 310, 80, 80, 4, 0, 2, 0, '  ', 0.00, NULL, 1, '2025-01-01 00:00:00', 1, '2025-01-01 00:00:00', 1),
	(30, 15, 3, '00014', '   ', '                    ', '                    ', '                    ', 0, 0, 275, 197, 70, 70, 4, 0, 2, 0, '  ', 0.00, NULL, 1, '2025-01-01 00:00:00', 1, '2025-01-01 00:00:00', 1),
	(31, 15, 3, '00015', '   ', '                    ', '                    ', '                    ', 0, 0, 321, 197, 70, 70, 4, 0, 2, 0, '  ', 0.00, NULL, 1, '2025-01-01 00:00:00', 1, '2025-01-01 00:00:00', 1),
	(32, 15, 3, '00029', '   ', '                    ', '                    ', '                    ', 0, 0, 140, 429, 60, 60, 4, 0, 2, 0, '  ', 0.00, NULL, 1, '2025-01-01 00:00:00', 1, '2025-01-01 00:00:00', 1),
	(33, 15, 3, '00030', '   ', '                    ', '                    ', '                    ', 0, 0, 140, 393, 60, 60, 4, 0, 2, 0, '  ', 0.00, NULL, 1, '2025-01-01 00:00:00', 1, '2025-01-01 00:00:00', 1),
	(34, 15, 3, '00031', '   ', '                    ', '                    ', '                    ', 0, 0, 140, 343, 60, 60, 4, 0, 2, 0, '  ', 0.00, NULL, 1, '2025-01-01 00:00:00', 1, '2025-01-01 00:00:00', 1),
	(35, 15, 3, '00032', '   ', '                    ', '                    ', '                    ', 0, 0, 140, 307, 60, 60, 4, 0, 2, 0, '  ', 0.00, NULL, 1, '2025-01-01 00:00:00', 1, '2025-01-01 00:00:00', 1),
	(36, 15, 3, '00033', '   ', '                    ', '                    ', '                    ', 0, 0, 140, 258, 60, 60, 4, 0, 2, 0, '  ', 0.00, NULL, 1, '2025-01-01 00:00:00', 1, '2025-01-01 00:00:00', 1),
	(37, 15, 3, '00034', '   ', '                    ', '                    ', '                    ', 0, 0, 140, 223, 60, 60, 4, 0, 2, 0, '  ', 0.00, NULL, 1, '2025-01-01 00:00:00', 1, '2025-01-01 00:00:00', 1),
	(38, 15, 3, '00035', '   ', '                    ', '                    ', '                    ', 0, 0, 140, 176, 60, 60, 4, 0, 2, 0, '  ', 0.00, NULL, 1, '2025-01-01 00:00:00', 1, '2025-01-01 00:00:00', 1),
	(39, 15, 3, '00036', '   ', '                    ', '                    ', '                    ', 0, 0, 140, 141, 60, 60, 4, 0, 2, 0, '  ', 0.00, NULL, 1, '2025-01-01 00:00:00', 1, '2025-01-01 00:00:00', 1),
	(40, 15, 3, '00041', '   ', '                    ', '                    ', '                    ', 0, 0, 56, 339, 70, 70, 4, 0, 2, 0, '  ', 0.00, NULL, 1, '2025-01-01 00:00:00', 1, '2025-01-01 00:00:00', 1),
	(41, 15, 3, '00042', '   ', '                    ', '                    ', '                    ', 0, 0, 10, 338, 70, 70, 4, 0, 2, 0, '  ', 0.00, NULL, 1, '2025-01-01 00:00:00', 1, '2025-01-01 00:00:00', 1),
	(42, 15, 3, '00025', '   ', '                    ', '                    ', '                    ', 0, 0, 183, 684, 70, 70, 4, 0, 2, 0, '  ', 0.00, NULL, 1, '2025-01-01 00:00:00', 1, '2025-01-01 00:00:00', 1),
	(43, 15, 3, '00026', '   ', '                    ', '                    ', '                    ', 0, 0, 183, 637, 70, 70, 4, 0, 2, 0, '  ', 0.00, NULL, 1, '2025-01-01 00:00:00', 1, '2025-01-01 00:00:00', 1),
	(44, 15, 3, '00027', '   ', '                    ', '                    ', '                    ', 0, 0, 184, 555, 70, 70, 4, 0, 2, 0, '  ', 0.00, NULL, 1, '2025-01-01 00:00:00', 1, '2025-01-01 00:00:00', 1),
	(45, 15, 3, '00028', '   ', '                    ', '                    ', '                    ', 0, 0, 184, 508, 70, 70, 4, 0, 2, 0, '  ', 0.00, NULL, 1, '2025-01-01 00:00:00', 1, '2025-01-01 00:00:00', 1),
	(46, 15, 3, '00024', '   ', '                    ', '                    ', '                    ', 0, 0, 275, 507, 70, 70, 4, 0, 2, 0, '  ', 0.00, NULL, 1, '2025-01-01 00:00:00', 1, '2025-01-01 00:00:00', 1),
	(47, 15, 3, '00023', '   ', '                    ', '                    ', '                    ', 0, 0, 275, 554, 70, 70, 4, 0, 2, 0, '  ', 0.00, NULL, 1, '2025-01-01 00:00:00', 1, '2025-01-01 00:00:00', 1),
	(48, 15, 3, '00022', '   ', '                    ', '                    ', '                    ', 0, 0, 276, 636, 70, 70, 4, 0, 2, 0, '  ', 0.00, NULL, 1, '2025-01-01 00:00:00', 1, '2025-01-01 00:00:00', 1),
	(49, 15, 3, '00021', '   ', '                    ', '                    ', '                    ', 0, 0, 276, 683, 70, 70, 4, 0, 2, 0, '  ', 0.00, NULL, 1, '2025-01-01 00:00:00', 1, '2025-01-01 00:00:00', 1),
	(50, 15, 3, '00043', '   ', '                    ', '                    ', '                    ', 0, 0, 9, 256, 70, 70, 4, 0, 2, 0, '  ', 0.00, NULL, 1, '2025-01-01 00:00:00', 1, '2025-01-01 00:00:00', 1),
	(51, 15, 3, '00009', '   ', '                    ', '                    ', '                    ', 0, 0, 349, 66, 60, 60, 4, 0, 2, 0, '  ', 0.00, NULL, 1, '2025-01-01 00:00:00', 1, '2025-01-01 00:00:00', 1),
	(52, 15, 3, '00010', '   ', '                    ', '                    ', '                    ', 0, 0, 349, 102, 60, 60, 4, 0, 2, 0, '  ', 0.00, NULL, 1, '2025-01-01 00:00:00', 1, '2025-01-01 00:00:00', 1),
	(53, 15, 3, '00044', '   ', '                    ', '                    ', '                    ', 0, 0, 56, 256, 70, 70, 4, 0, 2, 0, '  ', 0.00, NULL, 1, '2025-01-01 00:00:00', 1, '2025-01-01 00:00:00', 1),
	(54, 15, 3, '00051', '   ', '                    ', '                    ', '                    ', 0, 0, 101, 537, 80, 80, 4, 0, 2, 0, '  ', 0.00, NULL, 1, '2025-01-01 00:00:00', 1, '2025-01-01 00:00:00', 1),
	(55, 15, 3, '00052', '   ', '                    ', '                    ', '                    ', 0, 0, 36, 543, 60, 60, 4, 0, 2, 0, '  ', 0.00, NULL, 1, '2025-01-01 00:00:00', 1, '2025-01-01 00:00:00', 1),
	(56, 15, 3, '00059', '   ', '                    ', '                    ', '                    ', 0, 0, 1, 693, 60, 60, 4, 0, 2, 0, '  ', 0.00, NULL, 1, '2025-01-01 00:00:00', 1, '2025-01-01 00:00:00', 1),
	(57, 15, 3, '00058', '   ', '                    ', '                    ', '                    ', 0, 0, 37, 693, 60, 60, 4, 0, 2, 0, '  ', 0.00, NULL, 1, '2025-01-01 00:00:00', 1, '2025-01-01 00:00:00', 1),
	(58, 15, 3, '00057', '   ', '                    ', '                    ', '                    ', 0, 0, 1, 644, 60, 60, 4, 0, 2, 0, '  ', 0.00, NULL, 1, '2025-01-01 00:00:00', 1, '2025-01-01 00:00:00', 1),
	(59, 15, 3, '00055', '   ', '                    ', '                    ', '                    ', 0, 0, 1, 594, 60, 60, 4, 0, 2, 0, '  ', 0.00, NULL, 1, '2025-01-01 00:00:00', 1, '2025-01-01 00:00:00', 1),
	(60, 15, 3, '00053', '   ', '                    ', '                    ', '                    ', 0, 0, 1, 543, 60, 60, 4, 0, 2, 0, '  ', 0.00, NULL, 1, '2025-01-01 00:00:00', 1, '2025-01-01 00:00:00', 1),
	(61, 15, 3, '00056', '   ', '                    ', '                    ', '                    ', 0, 0, 37, 645, 60, 60, 4, 0, 2, 0, '  ', 0.00, NULL, 1, '2025-01-01 00:00:00', 1, '2025-01-01 00:00:00', 1),
	(62, 15, 3, '00054', '   ', '                    ', '                    ', '                    ', 0, 0, 37, 594, 60, 60, 4, 0, 2, 0, '  ', 0.00, NULL, 1, '2025-01-01 00:00:00', 1, '2025-01-01 00:00:00', 1),
	(63, 1001, 4, 'DEL01', '   ', '                    ', '                    ', '                    ', 0, 0, 1, 1, 95, 95, 4, 2, 2, 0, '  ', 0.00, NULL, 1, '2025-01-01 00:00:00', 1, '2025-01-01 00:00:00', 1),
	(64, 1001, 4, 'DEL02', '   ', '                    ', '                    ', '                    ', 0, 0, 1, 76, 95, 95, 4, 2, 2, 0, '  ', 0.00, NULL, 1, '2025-01-01 00:00:00', 1, '2025-01-01 00:00:00', 1),
	(65, 1001, 4, 'DEL03', '   ', '                    ', '                    ', '                    ', 0, 0, 1, 151, 95, 95, 4, 2, 2, 0, '  ', 0.00, NULL, 1, '2025-01-01 00:00:00', 1, '2025-01-01 00:00:00', 1),
	(66, 1001, 4, 'DEL04', '   ', '                    ', '                    ', '                    ', 0, 0, 1, 226, 95, 95, 4, 2, 2, 0, '  ', 0.00, NULL, 1, '2025-01-01 00:00:00', 1, '2025-01-01 00:00:00', 1),
	(67, 1001, 4, 'DEL05', '   ', '                    ', '                    ', '                    ', 0, 0, 1, 302, 95, 95, 4, 2, 2, 0, '  ', 0.00, NULL, 1, '2025-01-01 00:00:00', 1, '2025-01-01 00:00:00', 1),
	(68, 1001, 4, 'DEL06', '   ', '                    ', '                    ', '                    ', 0, 0, 1, 377, 95, 95, 4, 2, 2, 0, '  ', 0.00, NULL, 1, '2025-01-01 00:00:00', 1, '2025-01-01 00:00:00', 1),
	(69, 1001, 4, 'DEL07', '   ', '                    ', '                    ', '                    ', 0, 0, 1, 451, 95, 95, 4, 2, 2, 0, '  ', 0.00, NULL, 1, '2025-01-01 00:00:00', 1, '2025-01-01 00:00:00', 1),
	(70, 1001, 4, 'DEL08', '   ', '                    ', '                    ', '                    ', 0, 0, 1, 526, 95, 95, 4, 2, 2, 0, '  ', 0.00, NULL, 1, '2025-01-01 00:00:00', 1, '2025-01-01 00:00:00', 1),
	(71, 1001, 4, 'DEL09', '   ', '                    ', '                    ', '                    ', 0, 0, 1, 601, 95, 95, 4, 2, 2, 0, '  ', 0.00, NULL, 1, '2025-01-01 00:00:00', 1, '2025-01-01 00:00:00', 1),
	(72, 1001, 4, 'DEL10', '   ', '                    ', '                    ', '                    ', 0, 0, 1, 675, 95, 95, 4, 2, 2, 0, '  ', 0.00, NULL, 1, '2025-01-01 00:00:00', 1, '2025-01-01 00:00:00', 1),
	(73, 1002, 1, 'HOT013+22', '   ', '                    ', '                    ', '                    ', 0, 0, 50, 49, 85, 85, 4, 2, 2, 0, '  ', 0.00, NULL, 0, '2025-01-01 00:00:00', 1, '2025-05-06 15:38:03', 1),
	(74, 1002, 1, 'HOT06+2', '   ', '                    ', '                    ', '                    ', 0, 0, 364, 1, 85, 85, 4, 2, 2, 0, '  ', 0.00, NULL, 1, '2025-01-01 00:00:00', 1, '2025-05-15 15:49:20', 1),
	(75, 1002, 1, 'HOT07', '   ', '                    ', '                    ', '                    ', 0, 0, 364, 77, 85, 85, 4, 2, 2, 0, '  ', 0.00, NULL, 1, '2025-01-01 00:00:00', 1, '2025-05-15 15:40:39', 1),
	(76, 1002, 1, 'HOT08', '   ', '                    ', '                    ', '                    ', 0, 0, 364, 153, 85, 85, 4, 2, 2, 0, '  ', 0.00, NULL, 1, '2025-01-01 00:00:00', 1, '2025-05-15 15:49:33', 1),
	(77, 1002, 1, 'HOT09', '   ', '                    ', '                    ', '                    ', 0, 0, 364, 230, 85, 85, 4, 2, 2, 0, '  ', 0.00, NULL, 1, '2025-01-01 00:00:00', 1, '2025-05-15 15:50:53', 1),
	(78, 1002, 1, 'HOT10', '   ', '                    ', '                    ', '                    ', 0, 0, 364, 306, 85, 85, 4, 2, 2, 0, '  ', 0.00, NULL, 1, '2025-01-01 00:00:00', 1, '2025-05-15 15:51:47', 1),
	(79, 1002, 1, 'T2', '   ', '                    ', '                    ', '                    ', 0, 0, 102, 463, 85, 85, 4, 2, 2, 0, '  ', 0.00, NULL, 0, '2025-01-01 00:00:00', 1, '2025-05-06 15:38:20', 1),
	(80, 1002, 1, 'HOT03', '   ', '                    ', '                    ', '                    ', 0, 0, 278, 152, 85, 85, 4, 2, 2, 0, '  ', 0.00, NULL, 1, '2025-01-01 00:00:00', 1, '2025-05-15 15:51:53', 1),
	(81, 1002, 1, 'HOT04', '   ', '                    ', '                    ', '                    ', 0, 0, 278, 237, 85, 85, 4, 2, 2, 0, '  ', 0.00, NULL, 1, '2025-01-01 00:00:00', 1, '2025-05-15 15:52:00', 1),
	(82, 1002, 1, 'HOT05', '   ', '                    ', '                    ', '                    ', 0, 0, 280, 324, 85, 85, 4, 2, 2, 0, '  ', 0.00, NULL, 1, '2025-01-01 00:00:00', 1, '2025-05-15 15:59:04', 1),
	(83, 1001, 4, 'DEL11', '   ', '                    ', '                    ', '                    ', 0, 0, 80, 1, 95, 95, 4, 2, 2, 0, '  ', 0.00, NULL, 1, '2025-01-01 00:00:00', 1, '2025-01-01 00:00:00', 1),
	(84, 1001, 4, 'DEL12', '   ', '                    ', '                    ', '                    ', 0, 0, 80, 76, 95, 95, 4, 2, 2, 0, '  ', 0.00, NULL, 1, '2025-01-01 00:00:00', 1, '2025-01-01 00:00:00', 1),
	(85, 1001, 4, 'DEL13', '   ', '                    ', '                    ', '                    ', 0, 0, 80, 151, 95, 95, 4, 2, 2, 0, '  ', 0.00, NULL, 1, '2025-01-01 00:00:00', 1, '2025-01-01 00:00:00', 1),
	(86, 1001, 4, 'DEL14', '   ', '                    ', '                    ', '                    ', 0, 0, 80, 226, 95, 95, 4, 2, 2, 0, '  ', 0.00, NULL, 1, '2025-01-01 00:00:00', 1, '2025-01-01 00:00:00', 1),
	(87, 1001, 4, 'DEL15', '   ', '                    ', '                    ', '                    ', 0, 0, 80, 301, 95, 95, 4, 2, 2, 0, '  ', 0.00, NULL, 1, '2025-01-01 00:00:00', 1, '2025-01-01 00:00:00', 1),
	(88, 1001, 4, 'DEL16', '   ', '                    ', '                    ', '                    ', 0, 0, 80, 377, 95, 95, 4, 2, 2, 0, '  ', 0.00, NULL, 1, '2025-01-01 00:00:00', 1, '2025-01-01 00:00:00', 1),
	(89, 1001, 4, 'DEL17', '   ', '                    ', '                    ', '                    ', 0, 0, 80, 452, 95, 95, 4, 2, 2, 0, '  ', 0.00, NULL, 1, '2025-01-01 00:00:00', 1, '2025-01-01 00:00:00', 1),
	(90, 1001, 4, 'DEL18', '   ', '                    ', '                    ', '                    ', 0, 0, 80, 527, 95, 95, 4, 2, 2, 0, '  ', 0.00, NULL, 1, '2025-01-01 00:00:00', 1, '2025-01-01 00:00:00', 1),
	(91, 1001, 4, 'DEL19', '   ', '                    ', '                    ', '                    ', 0, 0, 80, 602, 95, 95, 4, 2, 2, 0, '  ', 0.00, NULL, 1, '2025-01-01 00:00:00', 1, '2025-01-01 00:00:00', 1),
	(92, 1001, 4, 'DEL20', '   ', '                    ', '                    ', '                    ', 0, 0, 80, 677, 95, 95, 4, 2, 2, 0, '  ', 0.00, NULL, 1, '2025-01-01 00:00:00', 1, '2025-01-01 00:00:00', 1),
	(93, 1001, 4, 'DEL21', '   ', '                    ', '                    ', '                    ', 0, 0, 158, 1, 95, 95, 4, 2, 2, 0, '  ', 0.00, NULL, 1, '2025-01-01 00:00:00', 1, '2025-01-01 00:00:00', 1),
	(94, 1001, 4, 'DEL22', '   ', '                    ', '                    ', '                    ', 0, 0, 158, 75, 95, 95, 4, 2, 2, 0, '  ', 0.00, NULL, 1, '2025-01-01 00:00:00', 1, '2025-01-01 00:00:00', 1),
	(95, 1001, 4, 'DEL23', '   ', '                    ', '                    ', '                    ', 0, 0, 158, 150, 95, 95, 4, 2, 2, 0, '  ', 0.00, NULL, 1, '2025-01-01 00:00:00', 1, '2025-01-01 00:00:00', 1),
	(96, 1001, 4, 'DEL24', '   ', '                    ', '                    ', '                    ', 0, 0, 158, 226, 95, 95, 4, 2, 2, 0, '  ', 0.00, NULL, 1, '2025-01-01 00:00:00', 1, '2025-01-01 00:00:00', 1),
	(97, 1001, 4, 'DEL25', '   ', '                    ', '                    ', '                    ', 0, 0, 158, 301, 95, 95, 4, 2, 2, 0, '  ', 0.00, NULL, 1, '2025-01-01 00:00:00', 1, '2025-01-01 00:00:00', 1),
	(98, 1001, 4, 'DEL26', '   ', '                    ', '                    ', '                    ', 0, 0, 158, 376, 95, 95, 4, 2, 2, 0, '  ', 0.00, NULL, 1, '2025-01-01 00:00:00', 1, '2025-01-01 00:00:00', 1),
	(99, 1001, 4, 'DEL27', '   ', '                    ', '                    ', '                    ', 0, 0, 158, 451, 95, 95, 4, 2, 2, 0, '  ', 0.00, NULL, 1, '2025-01-01 00:00:00', 1, '2025-01-01 00:00:00', 1),
	(100, 1001, 4, 'DEL28', '   ', '                    ', '                    ', '                    ', 0, 0, 158, 526, 95, 95, 4, 2, 2, 0, '  ', 0.00, NULL, 1, '2025-01-01 00:00:00', 1, '2025-01-01 00:00:00', 1),
	(131, NULL, 1, 'T3 1', NULL, NULL, NULL, NULL, NULL, NULL, 10, 5, 80, 80, 4, NULL, NULL, NULL, NULL, NULL, NULL, 0, '2025-05-06 17:15:48', 1, '2025-05-06 17:19:14', 1),
	(132, NULL, 1, 'T3 2', NULL, NULL, NULL, NULL, NULL, NULL, 10, 10, 80, 80, 4, NULL, NULL, NULL, NULL, NULL, NULL, 0, '2025-05-06 17:15:48', 1, '2025-05-06 17:19:12', 1),
	(133, NULL, 1, 'T3 3', NULL, NULL, NULL, NULL, NULL, NULL, 10, 15, 80, 80, 4, NULL, NULL, NULL, NULL, NULL, NULL, 0, '2025-05-06 17:15:48', 1, '2025-05-06 17:19:11', 1),
	(134, NULL, 1, 'T3 4', NULL, NULL, NULL, NULL, NULL, NULL, 10, 20, 80, 80, 4, NULL, NULL, NULL, NULL, NULL, NULL, 0, '2025-05-06 17:15:48', 1, '2025-05-06 17:19:08', 1),
	(135, NULL, 1, 'T3 5', NULL, NULL, NULL, NULL, NULL, NULL, 10, 25, 80, 80, 4, NULL, NULL, NULL, NULL, NULL, NULL, 0, '2025-05-06 17:15:48', 1, '2025-05-06 17:19:06', 1),
	(136, NULL, 1, 'SQ1 1', NULL, NULL, NULL, NULL, NULL, NULL, 284, 1, 80, 80, 4, NULL, NULL, NULL, NULL, NULL, NULL, 1, '2025-05-06 17:19:27', 1, '2025-05-07 16:06:56', 1),
	(137, NULL, 1, 'SQ1 2', NULL, NULL, NULL, NULL, NULL, NULL, 10, 10, 80, 80, 4, NULL, NULL, NULL, NULL, NULL, NULL, 0, '2025-05-06 17:19:27', 1, '2025-05-06 17:21:13', 1),
	(138, NULL, 1, 'SQ1 3', NULL, NULL, NULL, NULL, NULL, NULL, 10, 15, 80, 80, 4, NULL, NULL, NULL, NULL, NULL, NULL, 0, '2025-05-06 17:19:27', 1, '2025-05-06 17:21:09', 1),
	(139, NULL, 1, 'SQ1 4', NULL, NULL, NULL, NULL, NULL, NULL, 10, 20, 80, 80, 4, NULL, NULL, NULL, NULL, NULL, NULL, 0, '2025-05-06 17:19:27', 1, '2025-05-06 17:21:07', 1),
	(140, NULL, 1, 'e 1', NULL, NULL, NULL, NULL, NULL, NULL, 10, 5, 80, 80, 4, NULL, NULL, NULL, NULL, NULL, NULL, 0, '2025-05-06 17:19:46', 1, '2025-05-06 17:21:06', 1),
	(141, NULL, 1, 'e44 1', NULL, NULL, NULL, NULL, NULL, NULL, 10, 5, 80, 80, 4, NULL, NULL, NULL, NULL, NULL, NULL, 0, '2025-05-06 17:19:56', 1, '2025-05-06 17:20:19', 1),
	(142, NULL, 1, 'e44 2', NULL, NULL, NULL, NULL, NULL, NULL, 10, 10, 80, 80, 4, NULL, NULL, NULL, NULL, NULL, NULL, 0, '2025-05-06 17:19:56', 1, '2025-05-06 17:21:00', 1),
	(143, NULL, 1, 'e44 3', NULL, NULL, NULL, NULL, NULL, NULL, 10, 15, 80, 80, 4, NULL, NULL, NULL, NULL, NULL, NULL, 0, '2025-05-06 17:19:56', 1, '2025-05-06 17:21:02', 1),
	(144, NULL, 1, 'e44 4', NULL, NULL, NULL, NULL, NULL, NULL, 10, 20, 80, 80, 4, NULL, NULL, NULL, NULL, NULL, NULL, 0, '2025-05-06 17:19:56', 1, '2025-05-06 17:21:04', 1),
	(145, NULL, 2, 'V3 1', NULL, NULL, NULL, NULL, NULL, NULL, 476, 87, 50, 100, 6, NULL, NULL, NULL, NULL, NULL, NULL, 1, '2025-05-06 17:22:42', 1, '2025-05-06 17:22:53', 1),
	(146, NULL, 2, 'V3 2', NULL, NULL, NULL, NULL, NULL, NULL, 478, 37, 50, 100, 6, NULL, NULL, NULL, NULL, NULL, NULL, 1, '2025-05-06 17:22:42', 1, '2025-05-06 17:22:53', 1);

-- Dumping structure for table pos_resto.outlet_table_map_status
CREATE TABLE IF NOT EXISTS `outlet_table_map_status` (
  `id` tinyint(4) NOT NULL AUTO_INCREMENT,
  `name` varchar(50) DEFAULT NULL,
  PRIMARY KEY (`id`)
) ENGINE=InnoDB AUTO_INCREMENT=31 DEFAULT CHARSET=utf16 COLLATE=utf16_bin;

-- Dumping data for table pos_resto.outlet_table_map_status: ~3 rows (approximately)
INSERT INTO `outlet_table_map_status` (`id`, `name`) VALUES
	(1, 'Empty'),
	(10, 'Old'),
	(20, 'Paid'),
	(30, 'Overdue');

-- Dumping structure for table pos_resto.outlet_tips_pool
CREATE TABLE IF NOT EXISTS `outlet_tips_pool` (
  `id` int(11) NOT NULL AUTO_INCREMENT,
  `outletId` smallint(6) DEFAULT NULL,
  `mjdept` varchar(4) DEFAULT NULL,
  `empdept` varchar(4) DEFAULT NULL,
  `rate` decimal(3,2) DEFAULT NULL,
  `presence` tinyint(2) NOT NULL DEFAULT 1,
  `inputDate` datetime NOT NULL DEFAULT '2025-01-01 00:00:00',
  `inputBy` smallint(6) NOT NULL DEFAULT 1,
  `updateDate` datetime NOT NULL DEFAULT '2025-01-01 00:00:00',
  `updateBy` smallint(6) NOT NULL DEFAULT 1,
  PRIMARY KEY (`id`)
) ENGINE=InnoDB AUTO_INCREMENT=7 DEFAULT CHARSET=utf8mb4 COLLATE=utf8mb4_general_ci ROW_FORMAT=DYNAMIC;

-- Dumping data for table pos_resto.outlet_tips_pool: ~6 rows (approximately)
INSERT INTO `outlet_tips_pool` (`id`, `outletId`, `mjdept`, `empdept`, `rate`, `presence`, `inputDate`, `inputBy`, `updateDate`, `updateBy`) VALUES
	(1, 1002, '0001', '0002', 3.00, 1, '2025-01-01 00:00:00', 1, '2025-01-01 00:00:00', 1),
	(2, 1002, '    ', '    ', 3.00, 1, '2025-01-01 00:00:00', 1, '2025-01-01 00:00:00', 1),
	(3, 1002, '    ', '    ', 0.00, 1, '2025-01-01 00:00:00', 1, '2025-01-01 00:00:00', 1),
	(4, 1, '    ', '    ', 3.00, 1, '2025-01-01 00:00:00', 1, '2025-01-01 00:00:00', 1),
	(5, 1, '    ', '    ', 0.00, 1, '2025-01-01 00:00:00', 1, '2025-01-01 00:00:00', 1),
	(6, 1, '    ', '    ', 0.00, 1, '2025-01-01 00:00:00', 1, '2025-01-01 00:00:00', 1);

-- Dumping structure for table pos_resto.pantry_message
CREATE TABLE IF NOT EXISTS `pantry_message` (
  `id` mediumint(9) NOT NULL AUTO_INCREMENT,
  `desc1` varchar(200) DEFAULT NULL,
  `desc2` varchar(200) DEFAULT NULL,
  `desc3` varchar(200) DEFAULT NULL,
  `seq` smallint(6) DEFAULT NULL,
  `presence` tinyint(2) NOT NULL DEFAULT 1,
  `inputDate` datetime NOT NULL DEFAULT '2025-01-01 00:00:00',
  `inputBy` smallint(6) NOT NULL DEFAULT 1,
  `updateDate` datetime NOT NULL DEFAULT '2025-01-01 00:00:00',
  `updateBy` smallint(6) NOT NULL DEFAULT 1,
  PRIMARY KEY (`id`) USING BTREE
) ENGINE=InnoDB AUTO_INCREMENT=12 DEFAULT CHARSET=utf8mb4 COLLATE=utf8mb4_general_ci ROW_FORMAT=DYNAMIC;

-- Dumping data for table pos_resto.pantry_message: ~11 rows (approximately)
INSERT INTO `pantry_message` (`id`, `desc1`, `desc2`, `desc3`, `seq`, `presence`, `inputDate`, `inputBy`, `updateDate`, `updateBy`) VALUES
	(1, 'Immediate ', 'Immediate           ', 'Immediate           ', 1, 1, '2025-01-01 00:00:00', 1, '2025-04-30 12:50:51', 1),
	(2, 'Suspended ', 'Suspended           ', 'Suspended           ', 2, 1, '2025-01-01 00:00:00', 1, '2025-04-30 12:50:51', 1),
	(3, 'Wait For Callup ', 'Wait For Callup     ', 'Wait For Callup     ', 3, 1, '2025-01-01 00:00:00', 1, '2025-04-30 12:50:51', 1),
	(4, 'Take Away ', 'Take Away           ', 'Take Away           ', 4, 1, '2025-01-01 00:00:00', 1, '2025-04-30 12:50:51', 1),
	(5, 'BE QUICK ', 'BE QUICK            ', 'BE QUICK            ', 5, 1, '2025-01-01 00:00:00', 1, '2025-04-30 12:50:51', 1),
	(6, 'Come Together ', 'Come Together       ', 'Come Together       ', 6, 1, '2025-01-01 00:00:00', 1, '2025-04-30 12:50:51', 1),
	(7, 'Prepare ', 'Prepare             ', 'Prepare             ', 7, 1, '2025-01-01 00:00:00', 1, '2025-04-30 12:50:51', 1),
	(8, 'Add Later ', 'Add Later           ', 'Add Later           ', 8, 1, '2025-01-01 00:00:00', 1, '2025-04-30 12:50:51', 1),
	(9, 'Rice Come First ', 'Rice Come First     ', 'Rice Come First     ', 9, 1, '2025-01-01 00:00:00', 1, '2025-04-30 12:50:51', 1),
	(10, 'Noodle First ', 'Noodle First        ', 'Noodle First        ', 10, 1, '2025-01-01 00:00:00', 1, '2025-04-30 12:50:51', 1),
	(11, 'test334', NULL, NULL, 24, 0, '2025-04-30 12:50:46', 1, '2025-04-30 12:50:56', 1);

-- Dumping structure for table pos_resto.pantry_station
CREATE TABLE IF NOT EXISTS `pantry_station` (
  `statid` int(11) NOT NULL AUTO_INCREMENT,
  `desc1` varchar(200) DEFAULT NULL,
  `desc2` varchar(200) DEFAULT NULL,
  `desc3` varchar(200) DEFAULT NULL,
  `outlet` varchar(200) DEFAULT NULL,
  `phyid` varchar(200) DEFAULT NULL,
  `lang` varchar(200) DEFAULT NULL,
  `presence` tinyint(2) NOT NULL DEFAULT 1,
  `inputDate` datetime NOT NULL DEFAULT '2025-01-01 00:00:00',
  `inputBy` smallint(6) NOT NULL DEFAULT 1,
  `updateDate` datetime NOT NULL DEFAULT '2025-01-01 00:00:00',
  `updateBy` smallint(6) NOT NULL DEFAULT 1,
  PRIMARY KEY (`statid`)
) ENGINE=InnoDB AUTO_INCREMENT=5 DEFAULT CHARSET=utf8mb4 COLLATE=utf8mb4_general_ci ROW_FORMAT=DYNAMIC;

-- Dumping data for table pos_resto.pantry_station: ~4 rows (approximately)
INSERT INTO `pantry_station` (`statid`, `desc1`, `desc2`, `desc3`, `outlet`, `phyid`, `lang`, `presence`, `inputDate`, `inputBy`, `updateDate`, `updateBy`) VALUES
	(1, '2', NULL, NULL, '5', '8', '-8', 1, '2025-05-02 17:35:26', 1, '2025-05-02 17:39:42', 1),
	(2, '3', NULL, NULL, '67', '9', '0', 0, '2025-05-02 17:35:53', 1, '2025-05-02 17:39:49', 1),
	(3, '4', NULL, NULL, '7', '0', '==', 0, '2025-05-02 17:39:18', 1, '2025-05-02 17:39:49', 1),
	(4, 'test34', NULL, NULL, NULL, NULL, NULL, 1, '2025-05-02 17:39:53', 1, '2025-01-01 00:00:00', 1);

-- Dumping structure for table pos_resto.pantry_station_print_queue
CREATE TABLE IF NOT EXISTS `pantry_station_print_queue` (
  `statid` int(11) NOT NULL AUTO_INCREMENT,
  `printq` varchar(200) DEFAULT NULL,
  `presence` tinyint(2) NOT NULL DEFAULT 1,
  `inputDate` datetime NOT NULL DEFAULT '2025-01-01 00:00:00',
  `inputBy` smallint(6) NOT NULL DEFAULT 1,
  `updateDate` datetime NOT NULL DEFAULT '2025-01-01 00:00:00',
  `updateBy` smallint(6) NOT NULL DEFAULT 1,
  PRIMARY KEY (`statid`)
) ENGINE=InnoDB AUTO_INCREMENT=5 DEFAULT CHARSET=utf8mb4 COLLATE=utf8mb4_general_ci ROW_FORMAT=DYNAMIC;

-- Dumping data for table pos_resto.pantry_station_print_queue: ~4 rows (approximately)
INSERT INTO `pantry_station_print_queue` (`statid`, `printq`, `presence`, `inputDate`, `inputBy`, `updateDate`, `updateBy`) VALUES
	(1, '34453423', 0, '2025-01-01 00:00:00', 1, '2025-05-02 17:52:43', 1),
	(2, NULL, 1, '2025-05-02 17:53:33', 1, '2025-01-01 00:00:00', 1),
	(3, NULL, 1, '2025-05-02 17:53:34', 1, '2025-01-01 00:00:00', 1),
	(4, NULL, 1, '2025-05-02 17:53:37', 1, '2025-01-01 00:00:00', 1);

-- Dumping structure for table pos_resto.printer
CREATE TABLE IF NOT EXISTS `printer` (
  `id` int(11) NOT NULL AUTO_INCREMENT,
  `printerTypeCon` tinyint(4) NOT NULL DEFAULT 1,
  `outletId` varchar(50) NOT NULL DEFAULT '',
  `name` varchar(50) NOT NULL DEFAULT '',
  `ipAddress` varchar(50) NOT NULL DEFAULT '',
  `port` varchar(50) NOT NULL DEFAULT '',
  `presence` tinyint(2) NOT NULL DEFAULT 1,
  `inputDate` datetime NOT NULL DEFAULT '2025-01-01 00:00:00',
  `inputBy` smallint(6) NOT NULL DEFAULT 1,
  `updateDate` datetime NOT NULL DEFAULT '2025-01-01 00:00:00',
  `updateBy` smallint(6) NOT NULL DEFAULT 1,
  PRIMARY KEY (`id`) USING BTREE
) ENGINE=InnoDB AUTO_INCREMENT=4 DEFAULT CHARSET=utf8mb4 COLLATE=utf8mb4_general_ci;

-- Dumping data for table pos_resto.printer: ~2 rows (approximately)
INSERT INTO `printer` (`id`, `printerTypeCon`, `outletId`, `name`, `ipAddress`, `port`, `presence`, `inputDate`, `inputBy`, `updateDate`, `updateBy`) VALUES
	(1, 1, '1004', '', '10.51.122.20', '9100', 1, '2025-05-09 18:09:20', 1, '2025-01-01 00:00:00', 1),
	(2, 1, '1004', '', '10.51.122.20', '9100', 1, '2025-05-09 18:09:23', 1, '2025-01-01 00:00:00', 1),
	(3, 1, '1004', 'test', '10.51.122.20', '9100', 1, '2025-05-09 18:09:50', 1, '2025-01-01 00:00:00', 1);

-- Dumping structure for table pos_resto.send_order
CREATE TABLE IF NOT EXISTS `send_order` (
  `id` varchar(50) NOT NULL DEFAULT '',
  `cartId` varchar(50) NOT NULL DEFAULT '',
  `sendOrderDate` datetime NOT NULL DEFAULT '2025-01-01 00:00:00',
  `presence` tinyint(2) NOT NULL DEFAULT 1,
  `inputDate` datetime NOT NULL DEFAULT '2025-01-01 00:00:00',
  `inputBy` smallint(6) NOT NULL DEFAULT 1,
  `updateDate` datetime NOT NULL DEFAULT '2025-01-01 00:00:00',
  `updateBy` smallint(6) NOT NULL DEFAULT 1,
  PRIMARY KEY (`id`)
) ENGINE=InnoDB DEFAULT CHARSET=utf16 COLLATE=utf16_bin;

-- Dumping data for table pos_resto.send_order: ~23 rows (approximately)
INSERT INTO `send_order` (`id`, `cartId`, `sendOrderDate`, `presence`, `inputDate`, `inputBy`, `updateDate`, `updateBy`) VALUES
	('SO000001', '250515000012', '2025-05-17 17:55:54', 1, '2025-05-17 17:55:54', 1, '2025-05-17 17:55:54', 1),
	('SO000002', '250515000012', '2025-05-17 17:58:56', 1, '2025-05-17 17:58:56', 1, '2025-05-17 17:58:56', 1),
	('SO000003', '250515000012', '2025-05-17 17:59:01', 1, '2025-05-17 17:59:01', 1, '2025-05-17 17:59:01', 1),
	('SO000004', '250515000012', '2025-05-17 18:01:57', 1, '2025-05-17 18:01:57', 1, '2025-05-17 18:01:57', 1),
	('SO000005', '250515000012', '2025-05-17 18:02:12', 1, '2025-05-17 18:02:12', 1, '2025-05-17 18:02:12', 1),
	('SO000008', '250515000011', '2025-05-17 18:07:08', 1, '2025-05-17 18:07:08', 1, '2025-05-17 18:07:08', 1),
	('SO000009', '250515000011', '2025-05-17 18:12:38', 1, '2025-05-17 18:12:38', 1, '2025-05-17 18:12:38', 1),
	('SO000034', '250519000003', '2025-05-19 01:09:34', 1, '2025-05-19 01:09:34', 1, '2025-05-19 01:09:34', 1),
	('SO000038', '250519000008', '2025-05-19 15:29:22', 1, '2025-05-19 15:29:22', 1, '2025-05-19 15:29:22', 1),
	('SO000040', '250519000009', '2025-05-19 16:43:23', 1, '2025-05-19 16:43:23', 1, '2025-05-19 16:43:23', 1),
	('SO000046', '250519000012', '2025-05-26 16:07:17', 1, '2025-05-26 16:07:17', 1, '2025-05-26 16:07:17', 1),
	('SO000047', '250519000012', '2025-05-26 16:07:38', 1, '2025-05-26 16:07:38', 1, '2025-05-26 16:07:38', 1),
	('SO000048', '250519000012', '2025-05-26 16:08:01', 1, '2025-05-26 16:08:01', 1, '2025-05-26 16:08:01', 1),
	('SO000049', '250519000012', '2025-05-26 16:10:18', 1, '2025-05-26 16:10:18', 1, '2025-05-26 16:10:18', 1),
	('SO000050', '250519000012', '2025-05-26 16:11:27', 1, '2025-05-26 16:11:27', 1, '2025-05-26 16:11:27', 1),
	('SO000051', '250519000012', '2025-05-26 16:14:32', 1, '2025-05-26 16:14:32', 1, '2025-05-26 16:14:32', 1),
	('SO000052', '250519000012', '2025-05-26 16:14:38', 1, '2025-05-26 16:14:38', 1, '2025-05-26 16:14:38', 1),
	('SO000053', '250519000012', '2025-05-26 16:15:28', 1, '2025-05-26 16:15:28', 1, '2025-05-26 16:15:28', 1),
	('SO000054', '250519000012', '2025-05-26 16:16:00', 1, '2025-05-26 16:16:00', 1, '2025-05-26 16:16:00', 1),
	('SO000055', '250519000012', '2025-05-26 16:16:18', 1, '2025-05-26 16:16:18', 1, '2025-05-26 16:16:18', 1),
	('SO000059', '250519000012', '2025-05-26 16:19:38', 1, '2025-05-26 16:19:38', 1, '2025-05-26 16:19:38', 1),
	('SO000061', '250526000013', '2025-05-26 17:11:41', 1, '2025-05-26 17:11:41', 1, '2025-05-26 17:11:41', 1),
	('SO000065', '250526000014', '2025-05-26 18:04:32', 1, '2025-05-26 18:04:32', 1, '2025-05-26 18:04:32', 1);

-- Dumping structure for table pos_resto.special_hour
CREATE TABLE IF NOT EXISTS `special_hour` (
  `id` smallint(6) NOT NULL AUTO_INCREMENT,
  `desc1` varchar(200) DEFAULT NULL,
  `desc2` varchar(200) DEFAULT NULL,
  `desc3` varchar(200) DEFAULT NULL,
  `stdate` date DEFAULT NULL,
  `enddate` date DEFAULT NULL,
  `sttime` time DEFAULT NULL,
  `endtime` time DEFAULT NULL,
  `weekmask` int(11) DEFAULT NULL,
  `public` varchar(200) DEFAULT NULL,
  `type` tinyint(4) DEFAULT NULL,
  `stremind` tinyint(4) DEFAULT NULL,
  `endremind` tinyint(4) DEFAULT NULL,
  `bkcolor` mediumint(9) DEFAULT NULL,
  `autodisc` varchar(200) DEFAULT NULL,
  `disctoold` varchar(200) DEFAULT NULL,
  `setup1` tinyint(4) DEFAULT NULL,
  `sttime1` mediumint(9) DEFAULT NULL,
  `endtime1` mediumint(9) DEFAULT NULL,
  `rngtype1` tinyint(4) DEFAULT NULL,
  `strange1` smallint(6) DEFAULT NULL,
  `endrange1` smallint(6) DEFAULT NULL,
  `fmprintq1` varchar(200) DEFAULT NULL,
  `toprintq1` varchar(200) DEFAULT NULL,
  `fmprice1` tinyint(4) DEFAULT NULL,
  `toprice1` tinyint(4) DEFAULT NULL,
  `itemdisc1` smallint(6) DEFAULT NULL,
  `idiscnoo1` varchar(200) DEFAULT NULL,
  `setup2` varchar(200) DEFAULT NULL,
  `sttime2` varchar(200) DEFAULT NULL,
  `endtime2` varchar(200) DEFAULT NULL,
  `rngtype2` varchar(200) DEFAULT NULL,
  `strange2` varchar(200) DEFAULT NULL,
  `endrange2` varchar(200) DEFAULT NULL,
  `fmprintq2` varchar(200) DEFAULT NULL,
  `toprintq2` varchar(200) DEFAULT NULL,
  `fmprice2` tinyint(4) DEFAULT NULL,
  `toprice2` tinyint(4) DEFAULT NULL,
  `itemdisc2` varchar(200) DEFAULT NULL,
  `idiscnoo2` varchar(200) DEFAULT NULL,
  `setup3` varchar(200) DEFAULT NULL,
  `sttime3` varchar(200) DEFAULT NULL,
  `endtime3` varchar(200) DEFAULT NULL,
  `rngtype3` varchar(200) DEFAULT NULL,
  `strange3` varchar(200) DEFAULT NULL,
  `endrange3` varchar(200) DEFAULT NULL,
  `fmprintq3` varchar(200) DEFAULT NULL,
  `toprintq3` varchar(200) DEFAULT NULL,
  `fmprice3` tinyint(4) DEFAULT NULL,
  `toprice3` tinyint(4) DEFAULT NULL,
  `itemdisc3` varchar(200) DEFAULT NULL,
  `idiscnoo3` varchar(200) DEFAULT NULL,
  `setup4` varchar(200) DEFAULT NULL,
  `sttime4` varchar(200) DEFAULT NULL,
  `endtime4` varchar(200) DEFAULT NULL,
  `rngtype4` varchar(200) DEFAULT NULL,
  `strange4` varchar(200) DEFAULT NULL,
  `endrange4` varchar(200) DEFAULT NULL,
  `fmprintq4` varchar(200) DEFAULT NULL,
  `toprintq4` varchar(200) DEFAULT NULL,
  `fmprice4` tinyint(4) DEFAULT NULL,
  `toprice4` tinyint(4) DEFAULT NULL,
  `itemdisc4` varchar(200) DEFAULT NULL,
  `idiscnoo4` varchar(200) DEFAULT NULL,
  `setup5` varchar(200) DEFAULT NULL,
  `sttime5` varchar(200) DEFAULT NULL,
  `endtime5` varchar(200) DEFAULT NULL,
  `rngtype5` varchar(200) DEFAULT NULL,
  `strange5` varchar(200) DEFAULT NULL,
  `endrange5` varchar(200) DEFAULT NULL,
  `fmprintq5` varchar(200) DEFAULT NULL,
  `toprintq5` varchar(200) DEFAULT NULL,
  `fmprice5` tinyint(4) DEFAULT NULL,
  `toprice5` tinyint(4) DEFAULT NULL,
  `itemdisc5` varchar(200) DEFAULT NULL,
  `idiscnoo5` varchar(200) DEFAULT NULL,
  `presence` tinyint(2) NOT NULL DEFAULT 1,
  `inputDate` datetime NOT NULL DEFAULT '2025-01-01 00:00:00',
  `inputBy` smallint(6) NOT NULL DEFAULT 1,
  `updateDate` datetime NOT NULL DEFAULT '2025-01-01 00:00:00',
  `updateBy` smallint(6) NOT NULL DEFAULT 1,
  PRIMARY KEY (`id`) USING BTREE
) ENGINE=InnoDB AUTO_INCREMENT=6 DEFAULT CHARSET=utf8mb4 COLLATE=utf8mb4_general_ci ROW_FORMAT=DYNAMIC;

-- Dumping data for table pos_resto.special_hour: ~5 rows (approximately)
INSERT INTO `special_hour` (`id`, `desc1`, `desc2`, `desc3`, `stdate`, `enddate`, `sttime`, `endtime`, `weekmask`, `public`, `type`, `stremind`, `endremind`, `bkcolor`, `autodisc`, `disctoold`, `setup1`, `sttime1`, `endtime1`, `rngtype1`, `strange1`, `endrange1`, `fmprintq1`, `toprintq1`, `fmprice1`, `toprice1`, `itemdisc1`, `idiscnoo1`, `setup2`, `sttime2`, `endtime2`, `rngtype2`, `strange2`, `endrange2`, `fmprintq2`, `toprintq2`, `fmprice2`, `toprice2`, `itemdisc2`, `idiscnoo2`, `setup3`, `sttime3`, `endtime3`, `rngtype3`, `strange3`, `endrange3`, `fmprintq3`, `toprintq3`, `fmprice3`, `toprice3`, `itemdisc3`, `idiscnoo3`, `setup4`, `sttime4`, `endtime4`, `rngtype4`, `strange4`, `endrange4`, `fmprintq4`, `toprintq4`, `fmprice4`, `toprice4`, `itemdisc4`, `idiscnoo4`, `setup5`, `sttime5`, `endtime5`, `rngtype5`, `strange5`, `endrange5`, `fmprintq5`, `toprintq5`, `fmprice5`, `toprice5`, `itemdisc5`, `idiscnoo5`, `presence`, `inputDate`, `inputBy`, `updateDate`, `updateBy`) VALUES
	(1, 'Sep 25 ', 'Sep 25                                  ', 'Sep 25                                  ', '2018-09-23', '2028-09-23', '09:00:00', '23:59:59', 1111111, '34343', 2, 1, 1, 0, '   ', ' ', 1, 90000, 235959, 1, 3, 5, '   ', '   ', 1, 1, 5, ' ', ' ', '      ', '      ', '  ', '    ', '    ', '   ', '   ', 0, 0, '   ', ' ', ' ', '      ', '      ', '  ', '    ', '    ', '   ', '   ', 0, 0, '   ', ' ', ' ', '      ', '      ', '  ', '    ', '    ', '   ', '   ', 0, 0, '          ', ' ', ' ', '      ', '      ', '  ', '    ', '    ', '   ', '   ', 0, 0, '   ', ' ', 1, '2025-01-01 00:00:00', 1, '2025-04-28 17:28:38', 1),
	(2, 'sep 26 ', 'sep 26                                  ', 'sep 26                                  ', '2018-09-24', '2028-09-23', '09:10:00', '23:59:59', 1111111, ' ', 2, 1, 1, 0, '   ', ' ', 1, 90000, 235959, 1, 1, 3, '   ', '   ', 1, 1, 6, ' ', ' ', '      ', '      ', '  ', '    ', '    ', '   ', '   ', 0, 0, '   ', ' ', ' ', '      ', '      ', '  ', '    ', '    ', '   ', '   ', 0, 0, '   ', ' ', ' ', '      ', '      ', '  ', '    ', '    ', '   ', '   ', 0, 0, '          ', ' ', ' ', '      ', '      ', '  ', '    ', '    ', '   ', '   ', 0, 0, '   ', ' ', 1, '2025-01-01 00:00:00', 1, '2025-04-28 17:28:38', 1),
	(3, '27 - 3 ', '27 - 3                                  ', '27 - 3                                  ', '2018-09-25', '2028-09-23', '09:30:00', '23:59:59', 2, ' public', 2, 1, 1, 0, '   ', ' ', 1, 90000, 235959, 1, 1, 3, '   ', '   ', 1, 1, 7, ' ', ' ', '      ', '      ', '  ', '    ', '    ', '   ', '   ', 0, 0, '   ', ' ', ' ', '      ', '      ', '  ', '    ', '    ', '   ', '   ', 0, 0, '   ', ' ', ' ', '      ', '      ', '  ', '    ', '    ', '   ', '   ', 0, 0, '          ', ' ', ' ', '      ', '      ', '  ', '    ', '    ', '   ', '   ', 0, 0, '   ', ' ', 1, '2025-01-01 00:00:00', 1, '2025-04-28 17:28:38', 1),
	(4, 'test 2', NULL, NULL, NULL, NULL, NULL, NULL, NULL, NULL, NULL, NULL, NULL, NULL, NULL, NULL, NULL, NULL, NULL, NULL, NULL, NULL, NULL, NULL, NULL, NULL, NULL, NULL, NULL, NULL, NULL, NULL, NULL, NULL, NULL, NULL, NULL, NULL, NULL, NULL, NULL, NULL, NULL, NULL, NULL, NULL, NULL, NULL, NULL, NULL, NULL, NULL, NULL, NULL, NULL, NULL, NULL, NULL, NULL, NULL, NULL, NULL, NULL, NULL, NULL, NULL, NULL, NULL, NULL, NULL, NULL, NULL, NULL, NULL, NULL, NULL, 0, '2025-04-28 17:31:41', 1, '2025-04-28 17:33:17', 1),
	(5, 'test4', NULL, NULL, '2025-04-28', '2025-04-28', NULL, NULL, NULL, NULL, NULL, NULL, NULL, NULL, NULL, NULL, NULL, NULL, NULL, NULL, NULL, NULL, NULL, NULL, NULL, NULL, NULL, NULL, NULL, NULL, NULL, NULL, NULL, NULL, NULL, NULL, NULL, NULL, NULL, NULL, NULL, NULL, NULL, NULL, NULL, NULL, NULL, NULL, NULL, NULL, NULL, NULL, NULL, NULL, NULL, NULL, NULL, NULL, NULL, NULL, NULL, NULL, NULL, NULL, NULL, NULL, NULL, NULL, NULL, NULL, NULL, NULL, NULL, NULL, NULL, NULL, 0, '2025-04-28 17:33:03', 1, '2025-04-28 17:33:17', 1);

-- Dumping structure for table pos_resto.station
CREATE TABLE IF NOT EXISTS `station` (
  `statid` int(11) NOT NULL AUTO_INCREMENT,
  `desc1` varchar(20) DEFAULT NULL,
  `desc2` varchar(20) DEFAULT NULL,
  `desc3` varchar(20) DEFAULT NULL,
  `outlet` smallint(6) DEFAULT NULL,
  `keybrdid` varchar(4) DEFAULT NULL,
  `panelid` smallint(6) DEFAULT NULL,
  `price` tinyint(4) DEFAULT NULL,
  `register` smallint(6) DEFAULT NULL,
  `mode` tinyint(4) DEFAULT NULL,
  `type` tinyint(4) DEFAULT NULL,
  `phyid` varchar(17) DEFAULT NULL,
  `lang` tinyint(4) DEFAULT NULL,
  `htmenulu` varchar(6) DEFAULT NULL,
  `cashalert` varchar(1) DEFAULT NULL,
  `lcdenable` varchar(1) DEFAULT NULL,
  `lcdhost` varchar(15) DEFAULT NULL,
  `lcdport` tinyint(4) DEFAULT NULL,
  `extapp` varchar(1) DEFAULT NULL,
  `begchk` varchar(5) DEFAULT NULL,
  `endchk` varchar(5) DEFAULT NULL,
  `nextchk` varchar(5) DEFAULT NULL,
  `bizbegchk` varchar(5) DEFAULT NULL,
  `showerr` varchar(1) DEFAULT NULL,
  `table` varchar(5) DEFAULT NULL,
  `empid` varchar(6) DEFAULT NULL,
  `polewidth` tinyint(4) DEFAULT NULL,
  `taxid` varchar(20) DEFAULT NULL,
  `license` varchar(32) DEFAULT NULL,
  PRIMARY KEY (`statid`)
) ENGINE=InnoDB AUTO_INCREMENT=6 DEFAULT CHARSET=utf8mb4 COLLATE=utf8mb4_general_ci ROW_FORMAT=DYNAMIC;

-- Dumping data for table pos_resto.station: ~5 rows (approximately)
INSERT INTO `station` (`statid`, `desc1`, `desc2`, `desc3`, `outlet`, `keybrdid`, `panelid`, `price`, `register`, `mode`, `type`, `phyid`, `lang`, `htmenulu`, `cashalert`, `lcdenable`, `lcdhost`, `lcdport`, `extapp`, `begchk`, `endchk`, `nextchk`, `bizbegchk`, `showerr`, `table`, `empid`, `polewidth`, `taxid`, `license`) VALUES
	(1, 'Hand Teminal [HT01] ', 'Hand Teminal [HT01] ', 'Hand Teminal [HT01] ', 1, '0001', 2, 1, 1, 0, 1, 'a1u1             ', 2, '      ', ' ', ' ', '               ', 0, ' ', '     ', '     ', '     ', '     ', ' ', '     ', '      ', 0, '                    ', '                                '),
	(2, 'Cashier             ', 'Cashier             ', 'Cashier             ', 15, '0001', 4, 2, 1, 0, 0, '                 ', 2, '      ', ' ', ' ', '               ', 0, '1', '     ', '     ', '     ', '     ', ' ', '     ', '      ', 0, '                    ', '                                '),
	(3, 'Terminal Order 1    ', 'Terminal Order 1    ', 'Terminal Order 1    ', 15, '0001', 4, 2, 1, 0, 0, '10.51.9.11       ', 2, '      ', ' ', ' ', '               ', 0, '1', '     ', '     ', '     ', '     ', ' ', '     ', '      ', 0, '                    ', '                                '),
	(4, 'Hand Teminal [HT02] ', 'Hand Teminal [HT02] ', 'Hand Teminal [HT02] ', 1, '    ', 2, 1, 1, 0, 1, 'a2u2             ', 2, '      ', ' ', ' ', '               ', 0, ' ', '     ', '     ', '     ', '     ', ' ', '     ', '      ', 0, '                    ', '                                '),
	(5, 'Terminal Order 2    ', 'Terminal Order 2    ', 'Terminal Order 2    ', 15, '    ', 4, 2, 2, 0, 0, '10.51.9.12       ', 2, '      ', ' ', ' ', '               ', 0, '0', 'WG03 ', 'WG03 ', '     ', '     ', ' ', '     ', '      ', 0, '                    ', '                                ');

-- Dumping structure for table pos_resto.station_tax_run
CREATE TABLE IF NOT EXISTS `station_tax_run` (
  `statid` int(11) NOT NULL AUTO_INCREMENT,
  `paygrpid` varchar(200) DEFAULT NULL,
  `taxbeg` varchar(200) DEFAULT NULL,
  `taxend` varchar(200) DEFAULT NULL,
  `taxrun` varchar(200) DEFAULT NULL,
  `presence` tinyint(2) NOT NULL DEFAULT 1,
  `inputDate` datetime NOT NULL DEFAULT '2025-01-01 00:00:00',
  `inputBy` smallint(6) NOT NULL DEFAULT 1,
  `updateDate` datetime NOT NULL DEFAULT '2025-01-01 00:00:00',
  `updateBy` smallint(6) NOT NULL DEFAULT 1,
  PRIMARY KEY (`statid`)
) ENGINE=InnoDB AUTO_INCREMENT=5 DEFAULT CHARSET=utf8mb4 COLLATE=utf8mb4_general_ci ROW_FORMAT=DYNAMIC;

-- Dumping data for table pos_resto.station_tax_run: ~3 rows (approximately)
INSERT INTO `station_tax_run` (`statid`, `paygrpid`, `taxbeg`, `taxend`, `taxrun`, `presence`, `inputDate`, `inputBy`, `updateDate`, `updateBy`) VALUES
	(1, '1', '3', '5', '7', 1, '2025-05-02 16:52:54', 1, '2025-05-02 17:08:44', 1),
	(2, '2', '4', '6', '8', 0, '2025-05-02 16:52:57', 1, '2025-05-02 17:08:51', 1),
	(3, NULL, NULL, NULL, NULL, 1, '2025-05-02 17:53:17', 1, '2025-01-01 00:00:00', 1),
	(4, NULL, NULL, NULL, NULL, 1, '2025-05-02 17:53:21', 1, '2025-01-01 00:00:00', 1);

-- Dumping structure for table pos_resto.station_ui_range
CREATE TABLE IF NOT EXISTS `station_ui_range` (
  `id` int(11) NOT NULL AUTO_INCREMENT,
  `created` varchar(0) DEFAULT NULL,
  `empid` varchar(0) DEFAULT NULL,
  `modified` varchar(0) DEFAULT NULL,
  `lastempid` varchar(0) DEFAULT NULL,
  `outlet` varchar(0) DEFAULT NULL,
  `statid` varchar(0) DEFAULT NULL,
  `begmonth` varchar(0) DEFAULT NULL,
  `endmonth` varchar(0) DEFAULT NULL,
  `uiprefix` varchar(0) DEFAULT NULL,
  `uifirst` varchar(0) DEFAULT NULL,
  `uilast` varchar(0) DEFAULT NULL,
  `uinext` varchar(0) DEFAULT NULL,
  `warncount` varchar(0) DEFAULT NULL,
  `active` varchar(0) DEFAULT NULL,
  PRIMARY KEY (`id`)
) ENGINE=InnoDB DEFAULT CHARSET=utf8mb4 COLLATE=utf8mb4_general_ci ROW_FORMAT=DYNAMIC;

-- Dumping data for table pos_resto.station_ui_range: ~0 rows (approximately)

-- Dumping structure for table pos_resto.template
CREATE TABLE IF NOT EXISTS `template` (
  `id` int(11) NOT NULL AUTO_INCREMENT,
  `templateCategoryId` int(11) NOT NULL DEFAULT 0,
  `name` varchar(200) NOT NULL DEFAULT '',
  `message` text NOT NULL,
  `presence` tinyint(2) NOT NULL DEFAULT 1,
  `inputDate` datetime NOT NULL DEFAULT '2025-01-01 00:00:00',
  `inputBy` smallint(6) NOT NULL DEFAULT 1,
  `updateDate` datetime NOT NULL DEFAULT '2025-01-01 00:00:00',
  `updateBy` smallint(6) NOT NULL DEFAULT 1,
  PRIMARY KEY (`id`)
) ENGINE=InnoDB AUTO_INCREMENT=8 DEFAULT CHARSET=utf16 COLLATE=utf16_bin;

-- Dumping data for table pos_resto.template: ~7 rows (approximately)
INSERT INTO `template` (`id`, `templateCategoryId`, `name`, `message`, `presence`, `inputDate`, `inputBy`, `updateDate`, `updateBy`) VALUES
	(1, 100, 'ChangeItemQty', '~IPL 1.1\n~H\n01=efont:Tahoma;vdensity:low;hdensity:high;charset:Big5;\n02=efont:Tahoma;vdensity:low;hdensity:high;charset:Big5;color:red;\n03=efont:Tahoma,bold;ofont:bold;vdensity:low;hdensity:high;\n04=efont:Tahoma,bold;ofont:bold;vdensity:low;hdensity:high;color:red;\n05=vdensity:low;hdensity:high;charset:Big5;\n06=vdensity:low;hdensity:high;charset:Big5;color:red;\n07=width:4;align:left;\n08=align:center;\n09=efont:Tahoma,bold;ofont:bold;vdensity:low;hdensity:high;color:red;\n~H\n\n<INFSTYLE>\n	STrimZero		{type=\'S\' method="TrimZero"}\n</INFSTYLE>\n\n~L101  [$sQueueDesc$] ([$sQueueNum$])\n~L304~S08******\n<INFDIV name="FineDinDiv" visible="hidden">\n	~L303 :[$sTable,STrimZero$]\n</INFDIV>\n<INFDIV name="FastFoodDiv" visible="hidden">\n	~L309\n	~L201#:[$sCheckID$]\n</INFDIV>\n<INFDIV name="DeliveryDiv" visible="hidden">\n	~L309\n	~L201#:[$sCheckID$]\n</INFDIV>\n~L201[$tCurrentTime$]    [$sEmpName2$]\n<INFLIST name="PrintItemList" method="single">\n	<INFROW>\n		<INFDIV name="ChildDiv" visible="hidden">\n        	~L201[$sItemNameS2$]\n			<INFDIV name="NonParentOnSameQDiv" visible="hidden">\n				~L101~S07~S00([$sItemParentNameS2$])\n			</INFDIV>\n		</INFDIV>\n		<INFDIV name="NonChildDiv" visible="hidden">\n			~L201[$sItemNameS2$]\n		</INFDIV>		\n		<INFDIV name="TakeAwayDiv" visible="hidden">\n			~L201~S07~S00*\n		</INFDIV>\n		\n		<INFLIST name="ModifierList" method="single">\n			<INFROW>\n				~L201~S07~S00*[$sModifierNameS2$]\n			</INFROW>\n		</INFLIST>\n		\n		~L201 : [$nOldItemQty$]\n		~L202 : [$nItemQty$]\n	</INFROW>\n</INFLIST>\n~C08\n', 1, '2025-01-01 00:00:00', 1, '2025-04-30 19:18:51', 1),
	(2, 100, 'ChangeTable', '~IPL 1.1\r\n~H\r\n01=efont:Tahoma;vdensity:low;hdensity:high;charset:Big5;\r\n02=efont:Tahoma;vdensity:low;hdensity:high;charset:Big5;color:red;\r\n03=efont:Tahoma,bold;ofont:bold;vdensity:low;hdensity:high;\r\n04=efont:Tahoma,bold;ofont:bold;vdensity:low;hdensity:high;color:red;\r\n05=vdensity:low;hdensity:high;charset:Big5;\r\n06=vdensity:low;hdensity:high;charset:Big5;color:red;\r\n07=width:4;align:left;\r\n08=align:center;\r\n09=efont:Tahoma,bold;ofont:bold;vdensity:low;hdensity:high;color:red;\r\n~H\r\n\r\n<INFSTYLE>\r\n	STrimZero		{type=\'S\' method="TrimZero"}\r\n</INFSTYLE>\r\n\r\n~L101  [$sQueueDesc$] ([$sQueueNum$])\r\n~L304~S08******\r\n<INFDIV name="FineDinDiv" visible="hidden">\r\n	~L303 :[$sTable,STrimZero$]\r\n</INFDIV>\r\n<INFDIV name="FastFoodDiv" visible="hidden">\r\n	~L309\r\n	~L201#:[$sCheckID$]\r\n</INFDIV>\r\n<INFDIV name="DeliveryDiv" visible="hidden">\r\n	~L309\r\n	~L201#:[$sCheckID$]\r\n</INFDIV>\r\n~L201[$tCurrentTime$]    [$sEmpName2$]\r\n<INFLIST name="PrintItemList" method="single">\r\n	<INFROW>\r\n		<INFDIV name="ChildDiv" visible="hidden">\r\n        	~L201[$sItemNameS2$]\r\n			<INFDIV name="NonParentOnSameQDiv" visible="hidden">\r\n				~L101~S07~S00([$sItemParentNameS2$])\r\n			</INFDIV>\r\n		</INFDIV>\r\n		<INFDIV name="NonChildDiv" visible="hidden">\r\n			~L201[$sItemNameS2$]\r\n		</INFDIV>		\r\n		<INFDIV name="TakeAwayDiv" visible="hidden">\r\n			~L201~S07~S00*\r\n		</INFDIV>\r\n		\r\n		<INFLIST name="ModifierList" method="single">\r\n			<INFROW>\r\n				~L201~S07~S00*[$sModifierNameS2$]\r\n			</INFROW>\r\n		</INFLIST>\r\n		\r\n		~L201 : [$nOldItemQty$]\r\n		~L202 : [$nItemQty$]\r\n	</INFROW>\r\n</INFLIST>\r\n~C08\r\n', 1, '2025-01-01 00:00:00', 1, '2025-01-01 00:00:00', 1),
	(3, 100, 'EngChangeItemQty', '~IPL 1.1\r\n~H\r\n01=efont:Tahoma;vdensity:low;hdensity:high;charset:Big5;\r\n02=efont:Tahoma;vdensity:low;hdensity:high;charset:Big5;color:red;\r\n03=efont:Tahoma,bold;ofont:bold;vdensity:low;hdensity:high;\r\n04=efont:Tahoma,bold;ofont:bold;vdensity:low;hdensity:high;color:red;\r\n05=vdensity:low;hdensity:high;charset:Big5;\r\n06=vdensity:low;hdensity:high;charset:Big5;color:red;\r\n07=width:4;align:left;\r\n08=align:center;\r\n09=efont:Tahoma,bold;ofont:bold;vdensity:low;hdensity:high;color:red;\r\n~H\r\n\r\n<INFSTYLE>\r\n	STrimZero		{type=\'S\' method="TrimZero"}\r\n</INFSTYLE>\r\n\r\n~L101  [$sQueueDesc$] ([$sQueueNum$])\r\n~L304~S08******\r\n<INFDIV name="FineDinDiv" visible="hidden">\r\n	~L303 :[$sTable,STrimZero$]\r\n</INFDIV>\r\n<INFDIV name="FastFoodDiv" visible="hidden">\r\n	~L309\r\n	~L201#:[$sCheckID$]\r\n</INFDIV>\r\n<INFDIV name="DeliveryDiv" visible="hidden">\r\n	~L309\r\n	~L201#:[$sCheckID$]\r\n</INFDIV>\r\n~L201[$tCurrentTime$]    [$sEmpName2$]\r\n<INFLIST name="PrintItemList" method="single">\r\n	<INFROW>\r\n		<INFDIV name="ChildDiv" visible="hidden">\r\n        	~L201[$sItemNameS2$]\r\n			<INFDIV name="NonParentOnSameQDiv" visible="hidden">\r\n				~L101~S07~S00([$sItemParentNameS2$])\r\n			</INFDIV>\r\n		</INFDIV>\r\n		<INFDIV name="NonChildDiv" visible="hidden">\r\n			~L201[$sItemNameS2$]\r\n		</INFDIV>		\r\n		<INFDIV name="TakeAwayDiv" visible="hidden">\r\n			~L201~S07~S00*\r\n		</INFDIV>\r\n		\r\n		<INFLIST name="ModifierList" method="single">\r\n			<INFROW>\r\n				~L201~S07~S00*[$sModifierNameS2$]\r\n			</INFROW>\r\n		</INFLIST>\r\n		\r\n		~L201 : [$nOldItemQty$]\r\n		~L202 : [$nItemQty$]\r\n	</INFROW>\r\n</INFLIST>\r\n~C08\r\n', 1, '2025-01-01 00:00:00', 1, '2025-01-01 00:00:00', 1),
	(4, 100, 'EngChangeTable', '', 1, '2025-01-01 00:00:00', 1, '2025-01-01 00:00:00', 1),
	(5, 100, 'EngMergeCheck', '', 1, '2025-01-01 00:00:00', 1, '2025-01-01 00:00:00', 1),
	(6, 100, 'BarKitchenSlip', '', 1, '2025-01-01 00:00:00', 1, '2025-01-01 00:00:00', 1),
	(7, 300, 'Job', 'trest tekplate\n1233231', 1, '2025-01-01 00:00:00', 1, '2025-04-30 19:22:33', 1);

-- Dumping structure for table pos_resto.template_category
CREATE TABLE IF NOT EXISTS `template_category` (
  `id` int(11) NOT NULL AUTO_INCREMENT,
  `name` varchar(200) NOT NULL DEFAULT '',
  `presence` tinyint(2) NOT NULL DEFAULT 1,
  `inputDate` datetime NOT NULL DEFAULT '2025-01-01 00:00:00',
  `inputBy` smallint(6) NOT NULL DEFAULT 1,
  `updateDate` datetime NOT NULL DEFAULT '2025-01-01 00:00:00',
  `updateBy` smallint(6) NOT NULL DEFAULT 1,
  PRIMARY KEY (`id`) USING BTREE
) ENGINE=InnoDB AUTO_INCREMENT=301 DEFAULT CHARSET=utf16 COLLATE=utf16_bin;

-- Dumping data for table pos_resto.template_category: ~2 rows (approximately)
INSERT INTO `template_category` (`id`, `name`, `presence`, `inputDate`, `inputBy`, `updateDate`, `updateBy`) VALUES
	(100, 'Kitchen Slip', 1, '2025-01-01 00:00:00', 1, '2025-01-01 00:00:00', 1),
	(200, 'Kitchen Message', 1, '2025-01-01 00:00:00', 1, '2025-01-01 00:00:00', 1),
	(300, 'Kitchen Monitor', 1, '2025-01-01 00:00:00', 1, '2025-01-01 00:00:00', 1);

-- Dumping structure for table pos_resto.template_table_map
CREATE TABLE IF NOT EXISTS `template_table_map` (
  `id` int(11) NOT NULL AUTO_INCREMENT,
  `name` varchar(100) NOT NULL DEFAULT '',
  `capacity` tinyint(4) NOT NULL DEFAULT 4,
  `image` varchar(250) NOT NULL DEFAULT '',
  `icon` varchar(250) NOT NULL DEFAULT '',
  `width` tinyint(4) NOT NULL DEFAULT 50,
  `height` tinyint(4) NOT NULL DEFAULT 50,
  `presence` tinyint(2) NOT NULL DEFAULT 1,
  `inputDate` datetime NOT NULL DEFAULT '2025-01-01 00:00:00',
  `inputBy` smallint(6) NOT NULL DEFAULT 1,
  `updateDate` datetime NOT NULL DEFAULT '2025-01-01 00:00:00',
  `updateBy` smallint(6) NOT NULL DEFAULT 1,
  PRIMARY KEY (`id`)
) ENGINE=InnoDB AUTO_INCREMENT=4 DEFAULT CHARSET=utf16 COLLATE=utf16_bin;

-- Dumping data for table pos_resto.template_table_map: ~3 rows (approximately)
INSERT INTO `template_table_map` (`id`, `name`, `capacity`, `image`, `icon`, `width`, `height`, `presence`, `inputDate`, `inputBy`, `updateDate`, `updateBy`) VALUES
	(1, '4 Dine In', 4, '', '', 80, 80, 1, '2025-01-01 00:00:00', 1, '2025-01-01 00:00:00', 1),
	(2, '6 Dine In', 6, '', '', 50, 100, 1, '2025-01-01 00:00:00', 1, '2025-01-01 00:00:00', 1),
	(3, 'Single Bar', 1, '', '', 50, 50, 1, '2025-01-01 00:00:00', 1, '2025-01-01 00:00:00', 1);

-- Dumping structure for table pos_resto.void_code
CREATE TABLE IF NOT EXISTS `void_code` (
  `id` tinyint(4) NOT NULL AUTO_INCREMENT,
  `mode` tinyint(4) DEFAULT NULL,
  `void_Code` varchar(200) DEFAULT NULL,
  `desc1` varchar(200) DEFAULT NULL,
  `desc2` varchar(200) DEFAULT NULL,
  `desc3` varchar(200) DEFAULT NULL,
  `seq` varchar(200) DEFAULT NULL,
  `presence` tinyint(2) NOT NULL DEFAULT 1,
  `inputDate` datetime NOT NULL DEFAULT '2025-01-01 00:00:00',
  `inputBy` smallint(6) NOT NULL DEFAULT 1,
  `updateDate` datetime NOT NULL DEFAULT '2025-01-01 00:00:00',
  `updateBy` smallint(6) NOT NULL DEFAULT 1,
  PRIMARY KEY (`id`)
) ENGINE=InnoDB AUTO_INCREMENT=41 DEFAULT CHARSET=utf8mb4 COLLATE=utf8mb4_general_ci ROW_FORMAT=DYNAMIC;

-- Dumping data for table pos_resto.void_code: ~39 rows (approximately)
INSERT INTO `void_code` (`id`, `mode`, `void_Code`, `desc1`, `desc2`, `desc3`, `seq`, `presence`, `inputDate`, `inputBy`, `updateDate`, `updateBy`) VALUES
	(1, 2, '001', 'Problem Food        ', 'Problem Food        ', 'Problem Food        ', '001', 1, '2025-01-01 00:00:00', 1, '2025-01-01 00:00:00', 1),
	(2, 2, '002', 'Testing             ', 'Testing             ', 'Testing             ', '002', 1, '2025-01-01 00:00:00', 1, '2025-01-01 00:00:00', 1),
	(3, 2, '003', 'Too Late            ', 'Too Late            ', 'Too Late            ', '003', 1, '2025-01-01 00:00:00', 1, '2025-01-01 00:00:00', 1),
	(4, 2, '004', 'Guest Request       ', 'Guest Request       ', 'Guest Request       ', '004', 1, '2025-01-01 00:00:00', 1, '2025-01-01 00:00:00', 1),
	(5, 2, '005', 'Wrong Order         ', 'Wrong Order         ', 'Wrong Order         ', '005', 1, '2025-01-01 00:00:00', 1, '2025-01-01 00:00:00', 1),
	(6, 2, '006', 'Data Error          ', 'Data Error          ', 'Data Error          ', '006', 1, '2025-01-01 00:00:00', 1, '2025-01-01 00:00:00', 1),
	(7, 2, '007', 'Sold Out            ', 'Sold Out            ', 'Sold Out            ', '007', 1, '2025-01-01 00:00:00', 1, '2025-01-01 00:00:00', 1),
	(8, 2, '008', 'Wrong Price         ', 'Wrong Price         ', 'Wrong Price         ', '008', 1, '2025-01-01 00:00:00', 1, '2025-01-01 00:00:00', 1),
	(9, 2, '009', 'Repeat Item         ', 'Repeat Item         ', 'Repeat Item         ', '009', 1, '2025-01-01 00:00:00', 1, '2025-01-01 00:00:00', 1),
	(10, 2, '010', 'Reject Item         ', 'Reject Item         ', 'Reject Item         ', '010', 1, '2025-01-01 00:00:00', 1, '2025-01-01 00:00:00', 1),
	(11, 2, '011', 'Other Reason        ', 'Other Reason        ', 'Other Reason        ', '011', 1, '2025-01-01 00:00:00', 1, '2025-01-01 00:00:00', 1),
	(12, 1, '001', 'Data Error          ', 'Data Error          ', 'Data Error          ', '001', 1, '2025-01-01 00:00:00', 1, '2025-01-01 00:00:00', 1),
	(13, 1, '002', 'Wrong Table         ', 'Wrong Table         ', 'Wrong Table         ', '002', 1, '2025-01-01 00:00:00', 1, '2025-01-01 00:00:00', 1),
	(14, 1, '003', 'Testing             ', 'Testing             ', 'Testing             ', '003', 1, '2025-01-01 00:00:00', 1, '2025-01-01 00:00:00', 1),
	(15, 1, '004', 'Other Reason        ', 'Other Reason        ', 'Other Reason        ', '004', 1, '2025-01-01 00:00:00', 1, '2025-01-01 00:00:00', 1),
	(16, 3, '001', 'Data Error          ', 'Data Error          ', 'Data Error          ', '001', 1, '2025-01-01 00:00:00', 1, '2025-01-01 00:00:00', 1),
	(17, 3, '002', 'Testing             ', 'Testing             ', 'Testing             ', '002', 1, '2025-01-01 00:00:00', 1, '2025-01-01 00:00:00', 1),
	(18, 3, '003', 'Adjust Payment      ', 'Adjust Payment      ', 'Adjust Payment      ', '003', 1, '2025-01-01 00:00:00', 1, '2025-01-01 00:00:00', 1),
	(19, 3, '004', 'Adjust Check Info.  ', 'Adjust Check Info.  ', 'Adjust Check Info.  ', '004', 1, '2025-01-01 00:00:00', 1, '2025-01-01 00:00:00', 1),
	(20, 3, '005', 'Other Reason        ', 'Other Reason        ', 'Other Reason        ', '005', 1, '2025-01-01 00:00:00', 1, '2025-01-01 00:00:00', 1),
	(21, 4, '001', 'Data Error          ', 'Data Error          ', 'Data Error          ', '001', 1, '2025-01-01 00:00:00', 1, '2025-01-01 00:00:00', 1),
	(22, 4, '002', 'Adjust Discount     ', 'Adjust Discount     ', 'Adjust Discount     ', '002', 1, '2025-01-01 00:00:00', 1, '2025-01-01 00:00:00', 1),
	(23, 4, '003', 'Guest Request       ', 'Guest Request       ', 'Guest Request       ', '003', 1, '2025-01-01 00:00:00', 1, '2025-01-01 00:00:00', 1),
	(24, 4, '004', 'Reject Discount     ', 'Reject Discount     ', 'Reject Discount     ', '004', 1, '2025-01-01 00:00:00', 1, '2025-01-01 00:00:00', 1),
	(25, 4, '005', 'Testing             ', 'Testing             ', 'Testing             ', '005', 1, '2025-01-01 00:00:00', 1, '2025-01-01 00:00:00', 1),
	(26, 4, '006', 'Other Reason        ', 'Other Reason        ', 'Other Reason        ', '006', 1, '2025-01-01 00:00:00', 1, '2025-01-01 00:00:00', 1),
	(27, 5, '001', 'Data Error          ', 'Data Error          ', 'Data Error          ', '001', 1, '2025-01-01 00:00:00', 1, '2025-01-01 00:00:00', 1),
	(28, 5, '002', 'Adjust Discount     ', 'Adjust Discount     ', 'Adjust Discount     ', '002', 1, '2025-01-01 00:00:00', 1, '2025-01-01 00:00:00', 1),
	(29, 5, '003', 'Guest Request       ', 'Guest Request       ', 'Guest Request       ', '003', 1, '2025-01-01 00:00:00', 1, '2025-01-01 00:00:00', 1),
	(30, 5, '004', 'Reject Discount     ', 'Reject Discount     ', 'Reject Discount     ', '004', 1, '2025-01-01 00:00:00', 1, '2025-01-01 00:00:00', 1),
	(31, 5, '005', 'Testing             ', 'Testing             ', 'Testing             ', '005', 1, '2025-01-01 00:00:00', 1, '2025-01-01 00:00:00', 1),
	(32, 5, '006', 'Other Reason        ', 'Other Reason        ', 'Other Reason        ', '006', 1, '2025-01-01 00:00:00', 1, '2025-01-01 00:00:00', 1),
	(33, 0, 'V01', 'Merge Sub-Group     ', 'Merge Sub-Group     ', 'Merge Sub-Group     ', '   ', 1, '2025-01-01 00:00:00', 1, '2025-01-01 00:00:00', 1),
	(34, 0, 'V02', 'Replace Set Menu    ', 'Replace Set Menu    ', 'Replace Set Menu    ', '   ', 1, '2025-01-01 00:00:00', 1, '2025-01-01 00:00:00', 1),
	(35, 0, 'V03', 'Void Check/Sub-Group', 'Void Check/Sub-Group', 'Void Check/Sub-Group', '   ', 1, '2025-01-01 00:00:00', 1, '2025-01-01 00:00:00', 1),
	(36, 0, 'V04', 'Split Check         ', 'Split Check         ', 'Split Check         ', '   ', 1, '2025-01-01 00:00:00', 1, '2025-01-01 00:00:00', 1),
	(37, 0, 'V05', 'Item Is Voided      ', 'Item Is Voided      ', 'Item Is Voided      ', '   ', 1, '2025-01-01 00:00:00', 1, '2025-01-01 00:00:00', 1),
	(38, 0, 'V06', 'Merge Check         ', 'Merge Check         ', 'Merge Check         ', '   ', 1, '2025-01-01 00:00:00', 1, '2025-01-01 00:00:00', 1),
	(39, 0, 'V07', 'Transfer Item       ', 'Transfer Item       ', 'Transfer Item       ', '   ', 1, '2025-01-01 00:00:00', 1, '2025-01-01 00:00:00', 1),
	(40, NULL, NULL, 'rwar', NULL, NULL, NULL, 0, '2025-04-30 12:33:01', 1, '2025-04-30 12:33:17', 1);

-- Dumping structure for table pos_resto.wb_deposit_add_value_type
CREATE TABLE IF NOT EXISTS `wb_deposit_add_value_type` (
  `id` int(11) NOT NULL AUTO_INCREMENT,
  `desc1` varchar(200) DEFAULT NULL,
  `desc2` varchar(200) DEFAULT NULL,
  `desc3` varchar(200) DEFAULT NULL,
  `seq` varchar(200) DEFAULT NULL,
  `amount` varchar(200) DEFAULT NULL,
  `free` varchar(200) DEFAULT NULL,
  `extmonth` varchar(200) DEFAULT NULL,
  `openamt` varchar(200) DEFAULT NULL,
  `opendrw` varchar(200) DEFAULT NULL,
  `item` varchar(200) DEFAULT NULL,
  `presence` tinyint(2) NOT NULL DEFAULT 1,
  `inputDate` datetime NOT NULL DEFAULT '2025-01-01 00:00:00',
  `inputBy` smallint(6) NOT NULL DEFAULT 1,
  `updateDate` datetime NOT NULL DEFAULT '2025-01-01 00:00:00',
  `updateBy` smallint(6) NOT NULL DEFAULT 1,
  PRIMARY KEY (`id`) USING BTREE
) ENGINE=InnoDB AUTO_INCREMENT=3 DEFAULT CHARSET=utf8mb4 COLLATE=utf8mb4_general_ci ROW_FORMAT=DYNAMIC;

-- Dumping data for table pos_resto.wb_deposit_add_value_type: ~2 rows (approximately)
INSERT INTO `wb_deposit_add_value_type` (`id`, `desc1`, `desc2`, `desc3`, `seq`, `amount`, `free`, `extmonth`, `openamt`, `opendrw`, `item`, `presence`, `inputDate`, `inputBy`, `updateDate`, `updateBy`) VALUES
	(1, 'test', NULL, NULL, '2', '2', '4', '4', '2', '3', 'null2', 1, '2025-04-29 16:15:45', 1, '2025-04-29 16:19:41', 1),
	(2, 'we 2', NULL, NULL, '3', '3', '3', '2', '34', '2', 'null324', 1, '2025-04-29 16:15:53', 1, '2025-04-29 16:19:41', 1);

-- Dumping structure for table pos_resto.wb_svc_card_add_value_type
CREATE TABLE IF NOT EXISTS `wb_svc_card_add_value_type` (
  `id` int(11) NOT NULL AUTO_INCREMENT,
  `desc1` varchar(200) DEFAULT NULL,
  `desc2` varchar(200) DEFAULT NULL,
  `desc3` varchar(200) DEFAULT NULL,
  `seq` varchar(200) DEFAULT NULL,
  `amount` varchar(200) DEFAULT NULL,
  `free` varchar(200) DEFAULT NULL,
  `extmonth` varchar(200) DEFAULT NULL,
  `openamt` varchar(200) DEFAULT NULL,
  `opendrw` varchar(200) DEFAULT NULL,
  `item` varchar(200) DEFAULT NULL,
  `svcclass` varchar(200) DEFAULT NULL,
  `presence` tinyint(2) NOT NULL DEFAULT 1,
  `inputDate` datetime NOT NULL DEFAULT '2025-01-01 00:00:00',
  `inputBy` smallint(6) NOT NULL DEFAULT 1,
  `updateDate` datetime NOT NULL DEFAULT '2025-01-01 00:00:00',
  `updateBy` smallint(6) NOT NULL DEFAULT 1,
  PRIMARY KEY (`id`) USING BTREE
) ENGINE=InnoDB AUTO_INCREMENT=2 DEFAULT CHARSET=utf8mb4 COLLATE=utf8mb4_general_ci ROW_FORMAT=DYNAMIC;

-- Dumping data for table pos_resto.wb_svc_card_add_value_type: ~0 rows (approximately)
INSERT INTO `wb_svc_card_add_value_type` (`id`, `desc1`, `desc2`, `desc3`, `seq`, `amount`, `free`, `extmonth`, `openamt`, `opendrw`, `item`, `svcclass`, `presence`, `inputDate`, `inputBy`, `updateDate`, `updateBy`) VALUES
	(1, 'tte2', NULL, NULL, '3', '4', '5', '6', '7', 'null', 'null', NULL, 0, '2025-04-29 16:24:33', 1, '2025-04-29 16:24:48', 1);

/*!40103 SET TIME_ZONE=IFNULL(@OLD_TIME_ZONE, 'system') */;
/*!40101 SET SQL_MODE=IFNULL(@OLD_SQL_MODE, '') */;
/*!40014 SET FOREIGN_KEY_CHECKS=IFNULL(@OLD_FOREIGN_KEY_CHECKS, 1) */;
/*!40101 SET CHARACTER_SET_CLIENT=@OLD_CHARACTER_SET_CLIENT */;
/*!40111 SET SQL_NOTES=IFNULL(@OLD_SQL_NOTES, 1) */;
