-- --------------------------------------------------------
-- Host:                         localhost
-- Server version:               10.4.28-MariaDB - mariadb.org binary distribution
-- Server OS:                    Win64
-- HeidiSQL Version:             12.12.0.7122
-- --------------------------------------------------------

/*!40101 SET @OLD_CHARACTER_SET_CLIENT=@@CHARACTER_SET_CLIENT */;
/*!40101 SET NAMES utf8 */;
/*!50503 SET NAMES utf8mb4 */;
/*!40103 SET @OLD_TIME_ZONE=@@TIME_ZONE */;
/*!40103 SET TIME_ZONE='+00:00' */;
/*!40014 SET @OLD_FOREIGN_KEY_CHECKS=@@FOREIGN_KEY_CHECKS, FOREIGN_KEY_CHECKS=0 */;
/*!40101 SET @OLD_SQL_MODE=@@SQL_MODE, SQL_MODE='NO_AUTO_VALUE_ON_ZERO' */;
/*!40111 SET @OLD_SQL_NOTES=@@SQL_NOTES, SQL_NOTES=0 */;

-- Dumping structure for table pos_resto.adjust_items
CREATE TABLE IF NOT EXISTS `adjust_items` (
  `id` varchar(50) NOT NULL DEFAULT '',
  `createDate` datetime NOT NULL DEFAULT '2025-01-01 00:00:00',
  `presence` tinyint(2) NOT NULL DEFAULT 1,
  `inputDate` datetime NOT NULL DEFAULT '2025-01-01 00:00:00',
  `inputBy` smallint(6) NOT NULL DEFAULT 1,
  `updateDate` datetime NOT NULL DEFAULT '2025-01-01 00:00:00',
  `updateBy` smallint(6) NOT NULL DEFAULT 1,
  PRIMARY KEY (`id`)
) ENGINE=InnoDB DEFAULT CHARSET=utf16 COLLATE=utf16_bin;

-- Dumping data for table pos_resto.adjust_items: ~145 rows (approximately)
INSERT INTO `adjust_items` (`id`, `createDate`, `presence`, `inputDate`, `inputBy`, `updateDate`, `updateBy`) VALUES
	('A0030', '2025-01-01 00:00:00', 1, '2025-06-04 12:47:59', 1, '2025-06-25 16:37:29', 1),
	('A0031', '2025-01-01 00:00:00', 1, '2025-06-13 18:13:29', 1, '2025-06-13 18:18:13', 1),
	('A0032', '2025-01-01 00:00:00', 1, '2025-06-13 18:13:29', 1, '2025-06-13 18:18:13', 1),
	('A0033', '2025-01-01 00:00:00', 1, '2025-06-13 18:18:13', 1, '2025-06-13 18:18:13', 1),
	('A0034', '2025-01-01 00:00:00', 1, '2025-06-13 18:18:13', 1, '2025-06-25 16:36:53', 1),
	('A0035', '2025-01-01 00:00:00', 1, '2025-06-13 18:18:13', 1, '2025-06-25 16:36:53', 1),
	('A0036', '2025-01-01 00:00:00', 1, '2025-06-13 18:18:13', 1, '2025-06-25 16:36:53', 1),
	('A0037', '2025-01-01 00:00:00', 1, '2025-06-13 18:18:13', 1, '2025-06-13 18:18:13', 1),
	('A0038', '2025-01-01 00:00:00', 1, '2025-06-13 18:18:13', 1, '2025-06-13 18:18:13', 1),
	('A0039', '2025-01-01 00:00:00', 1, '2025-06-13 18:18:13', 1, '2025-06-13 18:18:13', 1),
	('A0040', '2025-01-01 00:00:00', 1, '2025-06-13 18:18:13', 1, '2025-06-13 18:18:13', 1),
	('A0041', '2025-01-01 00:00:00', 1, '2025-06-13 18:18:13', 1, '2025-06-13 18:18:13', 1),
	('A0042', '2025-01-01 00:00:00', 1, '2025-06-13 18:18:13', 1, '2025-06-13 18:18:13', 1),
	('A0043', '2025-01-01 00:00:00', 1, '2025-06-13 18:18:13', 1, '2025-06-13 18:18:13', 1),
	('A0044', '2025-01-01 00:00:00', 1, '2025-06-13 18:18:13', 1, '2025-06-13 18:18:13', 1),
	('A0045', '2025-01-01 00:00:00', 1, '2025-06-13 18:18:13', 1, '2025-06-13 18:18:13', 1),
	('A0046', '2025-01-01 00:00:00', 1, '2025-06-13 18:18:13', 1, '2025-06-13 18:18:13', 1),
	('A0047', '2025-01-01 00:00:00', 1, '2025-06-13 18:18:13', 1, '2025-06-18 16:08:47', 1),
	('A0048', '2025-01-01 00:00:00', 1, '2025-06-13 18:18:14', 1, '2025-07-02 11:16:34', 1),
	('A0049', '2025-01-01 00:00:00', 1, '2025-06-13 18:18:14', 1, '2025-06-25 16:37:29', 1),
	('A0050', '2025-01-01 00:00:00', 1, '2025-06-13 18:18:14', 1, '2025-06-25 16:37:29', 1),
	('A0051', '2025-01-01 00:00:00', 1, '2025-06-13 18:18:14', 1, '2025-06-25 16:37:29', 1),
	('A0052', '2025-01-01 00:00:00', 1, '2025-06-13 18:18:14', 1, '2025-06-25 16:37:29', 1),
	('A0053', '2025-01-01 00:00:00', 1, '2025-06-13 18:18:14', 1, '2025-06-25 16:37:29', 1),
	('A0054', '2025-01-01 00:00:00', 1, '2025-06-13 18:18:14', 1, '2025-06-25 16:37:29', 1),
	('A0055', '2025-01-01 00:00:00', 1, '2025-06-13 18:18:14', 1, '2025-06-25 16:37:29', 1),
	('A0056', '2025-01-01 00:00:00', 1, '2025-06-13 18:18:14', 1, '2025-06-25 16:37:29', 1),
	('A0057', '2025-01-01 00:00:00', 1, '2025-06-13 18:18:14', 1, '2025-06-25 16:37:29', 1),
	('A0058', '2025-01-01 00:00:00', 1, '2025-06-13 18:18:14', 1, '2025-06-25 16:37:29', 1),
	('A0059', '2025-01-01 00:00:00', 1, '2025-06-13 18:18:14', 1, '2025-06-25 16:37:29', 1),
	('A0060', '2025-01-01 00:00:00', 1, '2025-06-13 18:18:14', 1, '2025-06-25 16:37:29', 1),
	('A0061', '2025-01-01 00:00:00', 1, '2025-06-13 18:18:14', 1, '2025-06-25 16:37:29', 1),
	('A0062', '2025-01-01 00:00:00', 1, '2025-06-13 18:18:14', 1, '2025-06-25 16:37:29', 1),
	('A0063', '2025-01-01 00:00:00', 1, '2025-06-13 18:18:14', 1, '2025-06-25 16:37:29', 1),
	('A0064', '2025-01-01 00:00:00', 1, '2025-06-13 18:18:14', 1, '2025-06-25 16:37:29', 1),
	('A0065', '2025-01-01 00:00:00', 1, '2025-06-13 18:18:14', 1, '2025-06-25 16:37:29', 1),
	('A0066', '2025-01-01 00:00:00', 1, '2025-06-13 18:18:14', 1, '2025-06-13 18:18:14', 1),
	('A0067', '2025-01-01 00:00:00', 1, '2025-06-13 18:18:14', 1, '2025-06-13 18:18:14', 1),
	('A0068', '2025-01-01 00:00:00', 1, '2025-06-13 18:18:14', 1, '2025-06-13 18:18:14', 1),
	('A0069', '2025-01-01 00:00:00', 1, '2025-06-13 18:18:14', 1, '2025-06-13 18:18:14', 1),
	('A0070', '2025-01-01 00:00:00', 1, '2025-06-13 18:18:14', 1, '2025-06-13 18:18:14', 1),
	('A0071', '2025-01-01 00:00:00', 1, '2025-06-13 18:18:14', 1, '2025-06-13 18:18:14', 1),
	('A0072', '2025-01-01 00:00:00', 1, '2025-06-13 18:18:14', 1, '2025-06-13 18:18:14', 1),
	('A0073', '2025-01-01 00:00:00', 1, '2025-06-13 18:18:14', 1, '2025-06-13 18:18:14', 1),
	('A0074', '2025-01-01 00:00:00', 1, '2025-06-13 18:18:14', 1, '2025-06-13 18:18:14', 1),
	('A0075', '2025-01-01 00:00:00', 1, '2025-06-13 18:18:14', 1, '2025-06-13 18:18:14', 1),
	('A0076', '2025-01-01 00:00:00', 1, '2025-06-13 18:18:14', 1, '2025-06-13 18:18:14', 1),
	('A0077', '2025-01-01 00:00:00', 1, '2025-06-13 18:18:14', 1, '2025-06-13 18:18:14', 1),
	('A0078', '2025-01-01 00:00:00', 1, '2025-06-13 18:18:14', 1, '2025-06-13 18:18:14', 1),
	('A0079', '2025-01-01 00:00:00', 1, '2025-06-13 18:18:14', 1, '2025-06-13 18:18:14', 1),
	('A0080', '2025-01-01 00:00:00', 1, '2025-06-13 18:18:14', 1, '2025-06-13 18:18:14', 1),
	('A0081', '2025-01-01 00:00:00', 1, '2025-06-13 18:18:14', 1, '2025-06-13 18:18:14', 1),
	('A0082', '2025-01-01 00:00:00', 1, '2025-06-13 18:18:14', 1, '2025-06-13 18:18:14', 1),
	('A0083', '2025-01-01 00:00:00', 1, '2025-06-13 18:18:14', 1, '2025-06-13 18:18:14', 1),
	('A0084', '2025-01-01 00:00:00', 1, '2025-06-13 18:18:14', 1, '2025-06-13 18:18:14', 1),
	('A0085', '2025-01-01 00:00:00', 1, '2025-06-13 18:18:14', 1, '2025-06-13 18:18:14', 1),
	('A0086', '2025-01-01 00:00:00', 1, '2025-06-13 18:18:14', 1, '2025-06-13 18:18:14', 1),
	('A0087', '2025-01-01 00:00:00', 1, '2025-06-13 18:18:14', 1, '2025-06-13 18:18:14', 1),
	('A0088', '2025-01-01 00:00:00', 1, '2025-06-13 18:18:14', 1, '2025-06-13 18:18:14', 1),
	('A0089', '2025-01-01 00:00:00', 1, '2025-06-13 18:18:14', 1, '2025-06-13 18:18:14', 1),
	('A0090', '2025-01-01 00:00:00', 1, '2025-06-13 18:18:14', 1, '2025-06-13 18:18:14', 1),
	('A0091', '2025-01-01 00:00:00', 1, '2025-06-13 18:18:14', 1, '2025-06-13 18:18:14', 1),
	('A0092', '2025-01-01 00:00:00', 1, '2025-06-13 18:18:14', 1, '2025-06-13 18:18:14', 1),
	('A0093', '2025-01-01 00:00:00', 1, '2025-06-13 18:18:14', 1, '2025-06-13 18:18:14', 1),
	('A0094', '2025-01-01 00:00:00', 1, '2025-06-13 18:18:14', 1, '2025-06-13 18:18:14', 1),
	('A0095', '2025-01-01 00:00:00', 1, '2025-06-13 18:18:14', 1, '2025-06-13 18:18:14', 1),
	('A0096', '2025-01-01 00:00:00', 1, '2025-06-13 18:18:14', 1, '2025-06-13 18:18:14', 1),
	('A0097', '2025-01-01 00:00:00', 1, '2025-06-13 18:18:14', 1, '2025-06-13 18:18:14', 1),
	('A0098', '2025-01-01 00:00:00', 1, '2025-06-13 18:18:14', 1, '2025-06-13 18:18:14', 1),
	('A0099', '2025-01-01 00:00:00', 1, '2025-06-13 18:18:14', 1, '2025-06-13 18:18:14', 1),
	('A0100', '2025-01-01 00:00:00', 1, '2025-06-13 18:18:14', 1, '2025-06-13 18:18:14', 1),
	('A0101', '2025-01-01 00:00:00', 1, '2025-06-13 18:18:14', 1, '2025-06-13 18:18:14', 1),
	('A0102', '2025-01-01 00:00:00', 1, '2025-06-13 18:18:14', 1, '2025-06-24 15:55:19', 1),
	('A0103', '2025-01-01 00:00:00', 1, '2025-06-13 18:18:14', 1, '2025-06-13 18:18:14', 1),
	('A0104', '2025-01-01 00:00:00', 1, '2025-06-13 18:18:14', 1, '2025-06-13 18:18:14', 1),
	('A0105', '2025-01-01 00:00:00', 1, '2025-06-13 18:18:14', 1, '2025-06-13 18:18:14', 1),
	('A0106', '2025-01-01 00:00:00', 1, '2025-06-13 18:18:14', 1, '2025-06-13 18:18:14', 1),
	('A0107', '2025-01-01 00:00:00', 1, '2025-06-13 18:18:14', 1, '2025-06-13 18:18:14', 1),
	('A0108', '2025-01-01 00:00:00', 1, '2025-06-13 18:18:14', 1, '2025-06-13 18:18:14', 1),
	('A0109', '2025-01-01 00:00:00', 1, '2025-06-13 18:18:14', 1, '2025-06-13 18:18:14', 1),
	('A0110', '2025-01-01 00:00:00', 1, '2025-07-02 11:21:06', 1, '2025-07-02 11:21:06', 1),
	('A0111', '2025-01-01 00:00:00', 1, '2025-07-02 11:21:14', 1, '2025-07-02 11:21:14', 1),
	('A0112', '2025-01-01 00:00:00', 1, '2025-07-02 12:02:52', 1, '2025-07-02 12:02:52', 1),
	('A0113', '2025-01-01 00:00:00', 1, '2025-07-02 12:30:31', 1, '2025-07-02 12:30:31', 1),
	('A0114', '2025-01-01 00:00:00', 1, '2025-07-02 12:30:31', 1, '2025-07-02 12:30:31', 1),
	('A0115', '2025-01-01 00:00:00', 1, '2025-07-02 16:10:32', 1, '2025-07-02 16:10:32', 1),
	('A0116', '2025-01-01 00:00:00', 1, '2025-07-02 16:10:32', 1, '2025-07-02 16:10:32', 1),
	('A0117', '2025-01-01 00:00:00', 1, '2025-07-02 16:10:50', 1, '2025-07-02 16:10:50', 1),
	('A0118', '2025-01-01 00:00:00', 1, '2025-07-02 16:10:51', 1, '2025-07-02 16:10:51', 1),
	('A0119', '2025-01-01 00:00:00', 1, '2025-07-04 11:54:15', 1, '2025-07-04 11:54:15', 1),
	('A0120', '2025-01-01 00:00:00', 1, '2025-07-04 12:20:22', 1, '2025-07-04 12:20:22', 1),
	('A0121', '2025-01-01 00:00:00', 1, '2025-07-09 13:59:58', 1, '2025-07-09 13:59:58', 1),
	('A0122', '2025-01-01 00:00:00', 1, '2025-07-09 13:59:58', 1, '2025-07-09 13:59:58', 1),
	('A0123', '2025-01-01 00:00:00', 1, '2025-07-09 13:59:58', 1, '2025-07-09 13:59:58', 1),
	('A0124', '2025-01-01 00:00:00', 1, '2025-07-09 14:01:36', 1, '2025-07-09 14:01:36', 1),
	('A0125', '2025-01-01 00:00:00', 1, '2025-07-09 14:01:36', 1, '2025-07-09 14:01:36', 1),
	('A0126', '2025-01-01 00:00:00', 1, '2025-07-18 16:08:13', 1, '2025-07-18 16:08:13', 1),
	('A0127', '2025-01-01 00:00:00', 1, '2025-07-18 16:08:13', 1, '2025-07-18 16:08:13', 1),
	('A0128', '2025-01-01 00:00:00', 1, '2025-07-18 16:08:13', 1, '2025-07-18 16:08:13', 1),
	('A0129', '2025-01-01 00:00:00', 1, '2025-07-18 16:08:46', 1, '2025-07-18 16:08:46', 1),
	('A0130', '2025-01-01 00:00:00', 1, '2025-07-28 16:21:11', 1, '2025-07-28 16:21:11', 1),
	('A0131', '2025-01-01 00:00:00', 1, '2025-07-28 17:28:42', 1, '2025-07-28 17:28:42', 1),
	('A0132', '2025-01-01 00:00:00', 1, '2025-10-24 14:38:18', 1, '2025-10-24 14:38:18', 1),
	('A0133', '2025-01-01 00:00:00', 1, '2025-10-24 14:38:18', 1, '2025-10-24 14:38:18', 1),
	('A0134', '2025-01-01 00:00:00', 1, '2025-11-25 13:03:28', 1, '2025-11-25 13:03:28', 1),
	('A0135', '2025-01-01 00:00:00', 1, '2025-11-25 13:04:16', 1, '2025-11-25 13:04:16', 1),
	('A0136', '2025-01-01 00:00:00', 1, '2025-11-26 16:56:13', 1, '2025-11-26 16:56:13', 1),
	('A0137', '2025-01-01 00:00:00', 1, '2025-11-26 17:04:00', 1, '2025-11-26 17:04:00', 1),
	('A0138', '2025-01-01 00:00:00', 1, '2025-11-26 17:04:08', 1, '2025-11-26 17:04:08', 1),
	('A0139', '2025-01-01 00:00:00', 1, '2025-11-26 17:04:08', 1, '2025-11-26 17:04:08', 1),
	('A0140', '2025-01-01 00:00:00', 1, '2025-11-26 17:05:03', 1, '2025-11-26 17:05:03', 1),
	('A0141', '2025-01-01 00:00:00', 1, '2025-11-26 17:05:03', 1, '2025-11-26 17:05:03', 1),
	('A0142', '2025-01-01 00:00:00', 1, '2025-11-26 17:05:09', 1, '2025-11-26 17:05:09', 1),
	('A0143', '2025-01-01 00:00:00', 1, '2025-11-26 17:05:09', 1, '2025-11-26 17:05:09', 1),
	('A0144', '2025-01-01 00:00:00', 1, '2026-02-11 18:03:34', 1, '2026-02-11 18:03:34', 1),
	('A0145', '2025-01-01 00:00:00', 1, '2026-02-11 18:03:34', 1, '2026-02-11 18:03:34', 1),
	('A0146', '2025-01-01 00:00:00', 1, '2026-02-11 18:03:34', 1, '2026-02-11 18:03:34', 1),
	('A0147', '2025-01-01 00:00:00', 1, '2026-02-11 18:03:34', 1, '2026-02-11 18:03:34', 1),
	('A0148', '2025-01-01 00:00:00', 1, '2026-02-11 18:03:34', 1, '2026-02-11 18:03:34', 1),
	('A0149', '2025-01-01 00:00:00', 1, '2026-02-11 18:03:34', 1, '2026-02-11 18:03:34', 1),
	('A0150', '2025-01-01 00:00:00', 1, '2026-02-11 18:03:34', 1, '2026-02-11 18:03:34', 1),
	('A0151', '2025-01-01 00:00:00', 1, '2026-02-11 18:03:34', 1, '2026-02-11 18:03:34', 1),
	('A0152', '2025-01-01 00:00:00', 1, '2026-02-11 18:03:34', 1, '2026-02-11 18:03:34', 1),
	('A0153', '2025-01-01 00:00:00', 1, '2026-02-11 18:03:34', 1, '2026-02-11 18:03:34', 1),
	('A0154', '2025-01-01 00:00:00', 1, '2026-02-11 18:03:34', 1, '2026-02-11 18:03:34', 1),
	('A0155', '2025-01-01 00:00:00', 1, '2026-02-11 18:03:34', 1, '2026-02-11 18:03:34', 1),
	('A0156', '2025-01-01 00:00:00', 1, '2026-02-11 18:03:34', 1, '2026-02-11 18:03:34', 1),
	('A0157', '2025-01-01 00:00:00', 1, '2026-02-11 18:03:34', 1, '2026-02-11 18:03:34', 1),
	('A0158', '2025-01-01 00:00:00', 1, '2026-02-11 18:03:34', 1, '2026-02-11 18:03:34', 1),
	('A0159', '2025-01-01 00:00:00', 1, '2026-02-11 18:03:34', 1, '2026-02-11 18:03:34', 1),
	('A0160', '2025-01-01 00:00:00', 1, '2026-02-11 18:03:34', 1, '2026-02-11 18:03:34', 1),
	('A0161', '2025-01-01 00:00:00', 1, '2026-02-11 18:03:34', 1, '2026-02-11 18:03:34', 1),
	('A0162', '2025-01-01 00:00:00', 1, '2026-02-11 18:03:34', 1, '2026-02-11 18:03:34', 1),
	('A0163', '2025-01-01 00:00:00', 1, '2026-02-11 18:03:34', 1, '2026-02-11 18:03:34', 1),
	('A0164', '2025-01-01 00:00:00', 1, '2026-02-11 18:03:34', 1, '2026-02-11 18:03:34', 1),
	('A0165', '2025-01-01 00:00:00', 1, '2026-02-11 18:03:34', 1, '2026-02-11 18:03:34', 1),
	('A0166', '2025-01-01 00:00:00', 1, '2026-02-11 18:03:34', 1, '2026-02-11 18:03:34', 1),
	('A0167', '2025-01-01 00:00:00', 1, '2026-02-11 18:03:34', 1, '2026-02-11 18:03:34', 1),
	('A0168', '2025-01-01 00:00:00', 1, '2026-02-11 18:03:34', 1, '2026-02-11 18:03:34', 1),
	('A0169', '2025-01-01 00:00:00', 1, '2026-02-11 18:03:34', 1, '2026-02-11 18:03:34', 1),
	('A0170', '2025-01-01 00:00:00', 1, '2026-02-11 18:03:34', 1, '2026-02-11 18:03:34', 1),
	('A0171', '2025-01-01 00:00:00', 1, '2026-02-11 18:03:34', 1, '2026-02-11 18:03:34', 1),
	('A0172', '2025-01-01 00:00:00', 1, '2026-02-11 18:03:34', 1, '2026-02-11 18:03:34', 1),
	('A0173', '2025-01-01 00:00:00', 1, '2026-02-11 18:03:34', 1, '2026-02-11 18:03:34', 1),
	('A0174', '2025-01-01 00:00:00', 1, '2026-02-11 18:03:34', 1, '2026-02-11 18:03:34', 1);

-- Dumping structure for table pos_resto.auto_number
CREATE TABLE IF NOT EXISTS `auto_number` (
  `id` int(11) NOT NULL AUTO_INCREMENT,
  `name` varchar(50) CHARACTER SET utf8mb4 COLLATE utf8mb4_bin DEFAULT NULL,
  `prefix` varchar(50) CHARACTER SET utf8mb4 COLLATE utf8mb4_bin DEFAULT NULL,
  `digit` int(11) NOT NULL DEFAULT 6,
  `runningNumber` int(11) NOT NULL DEFAULT 0,
  `lastRecord` varchar(50) DEFAULT NULL,
  `updateDate` datetime DEFAULT '2024-01-01 00:00:00',
  PRIMARY KEY (`id`) USING BTREE
) ENGINE=InnoDB AUTO_INCREMENT=324 DEFAULT CHARSET=utf8mb4 COLLATE=utf8mb4_general_ci;

-- Dumping data for table pos_resto.auto_number: ~6 rows (approximately)
INSERT INTO `auto_number` (`id`, `name`, `prefix`, `digit`, `runningNumber`, `lastRecord`, `updateDate`) VALUES
	(1, 'cart', 'yymmdd', 6, 686, '260226000686', '2026-02-26 17:05:46'),
	(2, 'order', NULL, 6, 368, '000368', '2026-02-26 17:05:42'),
	(3, 'counter', NULL, 6, 0, '000002', '2025-10-01 12:14:40'),
	(320, 'sendOrder', 'SO', 6, 1361, 'SO001361', '2026-02-26 17:26:00'),
	(321, 'dailyCheck', NULL, 6, 113, '000113', '2026-02-26 14:22:53'),
	(322, 'adjustItems', 'A', 4, 174, 'A0174', '2026-02-11 18:03:34');

-- Dumping structure for table pos_resto.bill
CREATE TABLE IF NOT EXISTS `bill` (
  `id` int(11) NOT NULL AUTO_INCREMENT,
  `cartId` varchar(50) NOT NULL DEFAULT '0',
  `no` tinyint(4) NOT NULL DEFAULT 1,
  `presence` tinyint(2) NOT NULL DEFAULT 1,
  `inputDate` datetime NOT NULL DEFAULT '2025-01-01 00:00:00',
  `inputBy` smallint(6) NOT NULL DEFAULT 1,
  `updateDate` datetime NOT NULL DEFAULT '2025-01-01 00:00:00',
  `updateBy` smallint(6) NOT NULL DEFAULT 1,
  PRIMARY KEY (`id`) USING BTREE
) ENGINE=InnoDB AUTO_INCREMENT=11 DEFAULT CHARSET=utf8mb4 COLLATE=utf8mb4_general_ci;

-- Dumping data for table pos_resto.bill: ~8 rows (approximately)
INSERT INTO `bill` (`id`, `cartId`, `no`, `presence`, `inputDate`, `inputBy`, `updateDate`, `updateBy`) VALUES
	(1, '260211000677', 0, 1, '2026-02-11 18:40:41', 76, '2026-02-11 18:40:41', 76),
	(2, '260211000677', 1, 1, '2026-02-12 15:06:19', 76, '2026-02-12 15:06:19', 76),
	(3, '260212000682', 0, 1, '2026-02-13 14:28:54', 76, '2026-02-13 14:28:54', 76),
	(4, '260212000679', 0, 1, '2026-02-13 14:29:14', 76, '2026-02-13 14:29:14', 76),
	(5, '260212000678', 0, 1, '2026-02-13 14:29:48', 76, '2026-02-13 14:29:48', 76),
	(6, '260212000680', 0, 1, '2026-02-13 14:30:11', 76, '2026-02-13 14:30:11', 76),
	(7, '260213000683', 0, 1, '2026-02-23 15:26:08', 76, '2026-02-23 15:26:08', 76),
	(8, '260213000684', 0, 1, '2026-02-23 15:26:22', 76, '2026-02-23 15:26:22', 76),
	(9, '260223000685', 0, 1, '2026-02-23 15:28:05', 76, '2026-02-23 15:28:05', 76),
	(10, '260226000686', 0, 1, '2026-02-26 17:26:00', 76, '2026-02-26 17:26:00', 76);

-- Dumping structure for table pos_resto.cart
CREATE TABLE IF NOT EXISTS `cart` (
  `id` varchar(50) CHARACTER SET utf8mb4 COLLATE utf8mb4_general_ci NOT NULL DEFAULT '',
  `counterNo` smallint(6) NOT NULL DEFAULT 0,
  `billNo` tinyint(4) NOT NULL DEFAULT 0,
  `printBill` tinyint(4) NOT NULL DEFAULT 0,
  `paymentId` varchar(10) NOT NULL DEFAULT '',
  `dailyCheckId` varchar(50) CHARACTER SET utf8mb4 COLLATE utf8mb4_general_ci NOT NULL DEFAULT '',
  `sendOrder` tinyint(4) NOT NULL DEFAULT 0,
  `outletId` int(11) NOT NULL DEFAULT 0,
  `outletTableMapId` int(11) NOT NULL DEFAULT 0,
  `lockBy` varchar(10) NOT NULL DEFAULT '',
  `cover` int(11) NOT NULL DEFAULT 0,
  `tableMapStatusId` int(11) NOT NULL DEFAULT 0,
  `close` tinyint(4) NOT NULL DEFAULT 0,
  `closeBy` int(11) NOT NULL DEFAULT 0,
  `periodId` tinyint(4) NOT NULL DEFAULT 0,
  `totalItem` tinyint(4) NOT NULL DEFAULT 0,
  `totalAmount` int(11) NOT NULL DEFAULT 0,
  `totalTips` int(11) NOT NULL DEFAULT 0,
  `changePayment` int(11) NOT NULL DEFAULT 0,
  `tips` int(11) NOT NULL DEFAULT 0,
  `summaryTotalGroup` tinyint(4) NOT NULL DEFAULT 1,
  `summaryItemTotal` int(11) NOT NULL DEFAULT 0,
  `summaryDiscount` int(11) NOT NULL DEFAULT 0,
  `summarySc` int(11) NOT NULL DEFAULT 0,
  `summaryTax` int(11) NOT NULL DEFAULT 0,
  `grandTotal` int(11) NOT NULL DEFAULT 0,
  `startDate` datetime NOT NULL DEFAULT '2025-01-01 00:00:00',
  `endDate` datetime NOT NULL DEFAULT '2025-01-01 00:00:00',
  `overDue` datetime NOT NULL DEFAULT '2025-01-01 00:00:00',
  `timer` smallint(6) NOT NULL DEFAULT 0,
  `limitEndDate` datetime NOT NULL DEFAULT '2000-01-01 00:00:00',
  `void` tinyint(4) NOT NULL DEFAULT 0,
  `presence` tinyint(2) NOT NULL DEFAULT 1,
  `inputDate` datetime NOT NULL DEFAULT '2025-01-01 00:00:00',
  `inputBy` smallint(6) NOT NULL DEFAULT 1,
  `updateDate` datetime NOT NULL DEFAULT '2025-01-01 00:00:00',
  `updateBy` smallint(6) NOT NULL DEFAULT 1,
  PRIMARY KEY (`id`)
) ENGINE=InnoDB DEFAULT CHARSET=utf16 COLLATE=utf16_bin;

-- Dumping data for table pos_resto.cart: ~11 rows (approximately)
INSERT INTO `cart` (`id`, `counterNo`, `billNo`, `printBill`, `paymentId`, `dailyCheckId`, `sendOrder`, `outletId`, `outletTableMapId`, `lockBy`, `cover`, `tableMapStatusId`, `close`, `closeBy`, `periodId`, `totalItem`, `totalAmount`, `totalTips`, `changePayment`, `tips`, `summaryTotalGroup`, `summaryItemTotal`, `summaryDiscount`, `summarySc`, `summaryTax`, `grandTotal`, `startDate`, `endDate`, `overDue`, `timer`, `limitEndDate`, `void`, `presence`, `inputDate`, `inputBy`, `updateDate`, `updateBy`) VALUES
	('000367', 0, 0, 0, '', '000113', 0, 1002, 153, '', 4, 42, 1, 0, 51, 0, 0, 0, 0, 0, 1, 0, 0, 0, 0, 0, '2026-02-26 14:35:53', '2026-02-26 16:41:05', '2026-02-26 18:35:53', 0, '2000-01-01 00:00:00', 1, 1, '2026-02-26 14:35:53', 76, '2026-02-26 16:41:05', 76),
	('260211000677', 0, 2, 0, '1506', '000109', 1, 1002, 154, '', 4, 20, 1, 76, 52, 0, 0, 0, 122000, 0, 0, 1078000, 0, 0, 0, 1078000, '2026-02-11 18:15:59', '2026-02-12 15:06:33', '2026-02-11 22:15:59', 120, '2026-02-11 20:15:59', 0, 1, '2026-02-11 18:15:59', 76, '2026-02-12 15:06:34', 76),
	('260212000678', 0, 1, 0, '1429', '000110', 1, 1002, 147, '', 4, 20, 1, 76, 51, 0, 0, 0, 100000, 0, 0, 500000, 0, 0, 0, 500000, '2026-02-12 15:07:12', '2026-02-13 14:29:59', '2026-02-12 19:07:12', 60, '2026-02-12 16:07:12', 0, 1, '2026-02-12 15:07:12', 76, '2026-02-13 14:30:01', 76),
	('260212000679', 0, 1, 0, '1429', '000110', 1, 1002, 148, '', 4, 20, 1, 76, 51, 0, 0, 0, 115000, 0, 0, 85000, 0, 0, 0, 85000, '2026-02-12 15:08:45', '2026-02-13 14:29:22', '2026-02-12 19:08:45', 0, '2026-02-12 15:08:45', 0, 1, '2026-02-12 15:08:45', 76, '2026-02-13 14:29:24', 76),
	('260212000680', 0, 1, 0, '1430', '000110', 1, 1002, 153, '', 5, 20, 1, 76, 51, 0, 0, 0, 67000, 0, 0, 33000, 0, 0, 0, 33000, '2026-02-12 15:57:22', '2026-02-13 14:30:20', '2026-02-12 19:57:22', 0, '2026-02-12 15:57:22', 0, 1, '2026-02-12 15:57:22', 76, '2026-02-13 14:30:21', 76),
	('260212000681', 0, 0, 0, '', '000110', 1, 1002, 149, '', 4, 41, 1, 0, 51, 0, 0, 0, 0, 0, 1, 0, 0, 0, 0, 0, '2026-02-12 16:17:35', '2026-02-12 16:20:15', '2026-02-12 20:17:35', 60, '2026-02-12 17:17:35', 1, 1, '2026-02-12 16:17:35', 76, '2026-02-12 16:20:16', 76),
	('260212000682', 0, 1, 0, '1428', '000110', 1, 1002, 149, '', 4, 20, 1, 76, 51, 0, 0, 0, 20000, 0, 0, 1030000, 0, 0, 0, 1030000, '2026-02-12 16:20:19', '2026-02-13 14:29:08', '2026-02-12 20:20:19', 120, '2026-02-12 18:20:19', 0, 1, '2026-02-12 16:20:19', 76, '2026-02-13 14:29:09', 76),
	('260213000683', 0, 1, 0, '1526', '000111', 1, 1002, 148, '', 4, 20, 1, 76, 51, 0, 0, 0, 100000, 0, 0, 500000, 0, 0, 0, 500000, '2026-02-13 14:47:54', '2026-02-23 15:26:16', '2026-02-13 18:47:54', 60, '2026-02-13 15:47:54', 0, 1, '2026-02-13 14:47:54', 76, '2026-02-23 15:26:17', 76),
	('260213000684', 0, 1, 0, '1526', '000111', 1, 1002, 147, '', 4, 20, 1, 76, 51, 0, 0, 0, 0, 0, 0, 500000, 0, 25000, 52500, 577500, '2026-02-13 14:49:14', '2026-02-23 15:26:36', '2026-02-13 18:49:14', 60, '2026-02-13 15:49:14', 0, 1, '2026-02-13 14:49:14', 76, '2026-02-23 15:26:37', 76),
	('260223000685', 0, 1, 0, '1528', '000112', 1, 1002, 147, '', 4, 20, 1, 76, 51, 0, 0, 0, 0, 0, 0, 283000, -28300, 12735, 29581, 297016, '2026-02-23 15:26:50', '2026-02-23 15:28:14', '2026-02-23 19:26:50', 0, '2026-02-23 15:26:50', 0, 1, '2026-02-23 15:26:50', 76, '2026-02-23 15:28:16', 76),
	('260226000686', 0, 1, 0, '1726', '000113', 1, 1002, 153, '', 4, 13, 0, 0, 52, 0, 0, 0, 0, 0, 1, 30000, 0, 1500, 3150, 34650, '2026-02-26 17:05:42', '2026-02-26 17:05:42', '2026-02-26 21:05:42', 0, '2026-02-26 17:05:42', 0, 1, '2026-02-26 17:05:42', 76, '2026-02-26 17:53:16', 76);

-- Dumping structure for table pos_resto.cart_cashback
CREATE TABLE IF NOT EXISTS `cart_cashback` (
  `id` int(11) NOT NULL AUTO_INCREMENT,
  `cartId` varchar(50) CHARACTER SET utf8mb4 COLLATE utf8mb4_general_ci NOT NULL DEFAULT '0',
  `cashbackId` smallint(6) NOT NULL DEFAULT 0,
  `cartPaymentId` int(11) NOT NULL DEFAULT 0,
  `cashbackMax` int(11) NOT NULL DEFAULT 0,
  `paymentId` smallint(6) NOT NULL DEFAULT 0,
  `presence` tinyint(2) NOT NULL DEFAULT 1,
  `inputDate` datetime NOT NULL DEFAULT '2025-01-01 00:00:00',
  `inputBy` smallint(6) NOT NULL DEFAULT 1,
  `updateDate` datetime NOT NULL DEFAULT '2025-01-01 00:00:00',
  `updateBy` smallint(6) NOT NULL DEFAULT 1,
  PRIMARY KEY (`id`) USING BTREE
) ENGINE=InnoDB AUTO_INCREMENT=92 DEFAULT CHARSET=utf16 COLLATE=utf16_bin;

-- Dumping data for table pos_resto.cart_cashback: ~67 rows (approximately)
INSERT INTO `cart_cashback` (`id`, `cartId`, `cashbackId`, `cartPaymentId`, `cashbackMax`, `paymentId`, `presence`, `inputDate`, `inputBy`, `updateDate`, `updateBy`) VALUES
	(9, '251107000599', 1, 22, 10000, 1, 0, '2025-11-07 16:51:11', 1, '2025-11-07 17:03:09', 76),
	(10, '251107000599', 1, 23, 100000, 2, 1, '2025-11-07 17:03:49', 1, '2025-11-07 17:03:49', 1),
	(11, '251107000599', 0, 0, 0, 0, 1, '2025-11-07 17:03:49', 1, '2025-11-07 17:03:49', 1),
	(12, '251125000615', 1, 4, 50000, 1, 1, '2025-11-25 13:42:06', 1, '2025-11-25 13:42:06', 1),
	(13, '251125000615', 0, 0, 0, 0, 1, '2025-11-25 13:42:06', 1, '2025-11-25 13:42:06', 1),
	(14, '251125000616', 1, 5, 50000, 1, 1, '2025-11-25 15:26:22', 1, '2025-11-25 15:26:22', 1),
	(15, '251125000616', 0, 0, 0, 0, 1, '2025-11-25 15:26:22', 1, '2025-11-25 15:26:22', 1),
	(16, '251126000617', 1, 1, 100000, 1, 1, '2025-11-26 16:25:38', 1, '2025-11-26 16:25:38', 1),
	(17, '251126000617', 0, 0, 0, 0, 1, '2025-11-26 16:25:38', 1, '2025-11-26 16:25:38', 1),
	(18, '251126000618', 1, 2, 10000, 1, 1, '2025-11-26 16:27:45', 1, '2025-11-26 16:27:45', 1),
	(19, '251126000618', 0, 0, 0, 0, 1, '2025-11-26 16:27:45', 1, '2025-11-26 16:27:45', 1),
	(20, '251126000619', 1, 4, 10000, 1, 1, '2025-11-26 16:28:31', 1, '2025-11-26 16:28:31', 1),
	(21, '251203000624', 1, 8, 10000, 1, 1, '2025-12-03 11:48:26', 1, '2025-12-03 11:48:26', 1),
	(22, '251203000624', 0, 0, 0, 0, 1, '2025-12-03 11:48:26', 1, '2025-12-03 11:48:26', 1),
	(23, '251203000628', 1, 13, 50000, 1, 1, '2025-12-03 15:59:27', 1, '2025-12-03 15:59:27', 1),
	(24, '251203000628', 0, 0, 0, 0, 1, '2025-12-03 15:59:27', 1, '2025-12-03 15:59:27', 1),
	(25, '251204000631', 1, 19, 10000, 2, 1, '2025-12-04 13:14:34', 1, '2025-12-04 13:14:34', 1),
	(26, '251204000631', 0, 0, 0, 0, 1, '2025-12-04 13:14:35', 1, '2025-12-04 13:14:35', 1),
	(27, '251204000635', 1, 23, 10000, 1, 1, '2025-12-11 13:19:36', 1, '2025-12-11 13:19:36', 1),
	(28, '251204000635', 0, 0, 0, 0, 1, '2025-12-11 13:19:36', 1, '2025-12-11 13:19:36', 1),
	(29, '251212000643', 1, 31, 10000, 1, 1, '2025-12-12 17:18:20', 1, '2025-12-12 17:18:20', 1),
	(30, '251212000643', 0, 0, 0, 0, 1, '2025-12-12 17:18:21', 1, '2025-12-12 17:18:21', 1),
	(31, '251212000644', 1, 32, 10000, 1, 1, '2025-12-12 17:27:06', 1, '2025-12-12 17:27:06', 1),
	(32, '251212000644', 0, 0, 0, 0, 1, '2025-12-12 17:27:07', 1, '2025-12-12 17:27:07', 1),
	(33, '251215000645', 1, 33, 10000, 1, 1, '2025-12-15 17:14:13', 1, '2025-12-15 17:14:13', 1),
	(34, '251215000645', 0, 0, 0, 0, 1, '2025-12-15 17:14:13', 1, '2025-12-15 17:14:13', 1),
	(35, '251217000646', 1, 34, 10000, 1, 1, '2025-12-17 11:35:44', 1, '2025-12-17 11:35:44', 1),
	(36, '251217000646', 0, 0, 0, 0, 1, '2025-12-17 11:35:45', 1, '2025-12-17 11:35:45', 1),
	(37, '251217000647', 1, 39, 50000, 12, 1, '2025-12-17 11:49:45', 1, '2025-12-17 11:49:45', 1),
	(38, '251217000647', 0, 0, 0, 0, 1, '2025-12-17 11:49:45', 1, '2025-12-17 11:49:45', 1),
	(39, '251217000648', 1, 40, 100000, 1, 1, '2025-12-17 12:00:08', 1, '2025-12-17 12:00:08', 1),
	(40, '251217000648', 0, 0, 0, 0, 1, '2025-12-17 12:00:08', 1, '2025-12-17 12:00:08', 1),
	(41, '251217000649', 1, 41, 50000, 1, 1, '2025-12-17 12:20:50', 1, '2025-12-17 12:20:50', 1),
	(42, '251217000649', 0, 0, 0, 0, 1, '2025-12-17 12:20:50', 1, '2025-12-17 12:20:50', 1),
	(43, '251218000654', 1, 3, 50000, 1, 1, '2025-12-18 16:03:05', 1, '2025-12-18 16:03:05', 1),
	(44, '251218000654', 0, 0, 0, 0, 1, '2025-12-18 16:03:05', 1, '2025-12-18 16:03:05', 1),
	(45, '251218000656', 1, 5, 10000, 1, 1, '2025-12-19 13:27:19', 1, '2025-12-19 13:27:19', 1),
	(46, '251218000656', 0, 0, 0, 0, 1, '2025-12-19 13:27:19', 1, '2025-12-19 13:27:19', 1),
	(47, '251219000658', 1, 8, 10000, 1, 1, '2025-12-19 16:12:50', 1, '2025-12-19 16:12:50', 1),
	(48, '251219000658', 0, 0, 0, 0, 1, '2025-12-19 16:12:50', 1, '2025-12-19 16:12:50', 1),
	(49, '251219000658', 1, 10, 10000, 12, 1, '2025-12-19 16:42:04', 1, '2025-12-19 16:42:04', 1),
	(50, '260108000661', 1, 13, 10000, 1, 1, '2026-01-08 17:09:17', 1, '2026-01-08 17:09:17', 1),
	(51, '260108000661', 0, 0, 0, 0, 1, '2026-01-08 17:09:17', 1, '2026-01-08 17:09:17', 1),
	(52, '260108000662', 1, 15, 50000, 1, 1, '2026-01-08 17:58:29', 1, '2026-01-08 17:58:29', 1),
	(53, '260108000662', 0, 0, 0, 0, 1, '2026-01-08 17:58:30', 1, '2026-01-08 17:58:30', 1),
	(54, '260109000663', 1, 16, 100000, 1, 1, '2026-01-09 13:15:42', 1, '2026-01-09 13:15:42', 1),
	(55, '260109000663', 0, 0, 0, 0, 1, '2026-01-09 13:15:42', 1, '2026-01-09 13:15:42', 1),
	(56, '260109000664', 1, 17, 50000, 1, 1, '2026-01-09 13:16:29', 1, '2026-01-09 13:16:29', 1),
	(57, '260109000664', 0, 0, 0, 0, 1, '2026-01-09 13:16:29', 1, '2026-01-09 13:16:29', 1),
	(58, '260109000665', 1, 19, 100000, 2, 1, '2026-01-09 15:23:27', 1, '2026-01-09 15:23:27', 1),
	(59, '260109000665', 0, 0, 0, 0, 1, '2026-01-09 15:23:27', 1, '2026-01-09 15:23:27', 1),
	(60, '260127000667', 1, 22, 10000, 1, 1, '2026-01-27 15:01:10', 1, '2026-01-27 15:01:10', 1),
	(61, '260127000667', 0, 0, 0, 0, 1, '2026-01-27 15:01:10', 1, '2026-01-27 15:01:10', 1),
	(62, '260127000668', 1, 23, 100000, 1, 1, '2026-01-27 15:37:24', 1, '2026-01-27 15:37:24', 1),
	(63, '260127000668', 0, 0, 0, 0, 1, '2026-01-27 15:37:24', 1, '2026-01-27 15:37:24', 1),
	(64, '260127000669', 1, 24, 10000, 1, 1, '2026-01-27 15:57:41', 1, '2026-01-27 15:57:41', 1),
	(65, '260127000669', 0, 0, 0, 0, 1, '2026-01-27 15:57:41', 1, '2026-01-27 15:57:41', 1),
	(66, '260127000670', 1, 25, 100000, 1, 1, '2026-01-27 17:09:49', 1, '2026-01-27 17:09:49', 1),
	(67, '260127000670', 0, 0, 0, 0, 1, '2026-01-27 17:09:49', 1, '2026-01-27 17:09:49', 1),
	(68, '260210000671', 1, 26, 100000, 1, 1, '2026-02-10 11:10:41', 1, '2026-02-10 11:10:41', 1),
	(69, '260210000671', 0, 0, 0, 0, 1, '2026-02-10 11:10:41', 1, '2026-02-10 11:10:41', 1),
	(70, '260210000672', 1, 27, 100000, 1, 1, '2026-02-10 11:22:19', 1, '2026-02-10 11:22:19', 1),
	(71, '260210000672', 0, 0, 0, 0, 1, '2026-02-10 11:22:19', 1, '2026-02-10 11:22:19', 1),
	(72, '260210000673', 1, 28, 50000, 1, 1, '2026-02-10 11:38:56', 1, '2026-02-10 11:38:56', 1),
	(73, '260210000673', 0, 0, 0, 0, 1, '2026-02-10 11:38:56', 1, '2026-02-10 11:38:56', 1),
	(74, '260210000675', 1, 30, 100000, 1, 1, '2026-02-10 11:52:40', 1, '2026-02-10 11:52:40', 1),
	(75, '260210000675', 0, 0, 0, 0, 1, '2026-02-10 11:52:41', 1, '2026-02-10 11:52:41', 1),
	(76, '260211000677', 1, 1, 100000, 1, 1, '2026-02-12 15:06:33', 1, '2026-02-12 15:06:33', 1),
	(77, '260211000677', 0, 0, 0, 0, 1, '2026-02-12 15:06:33', 1, '2026-02-12 15:06:33', 1),
	(78, '260212000682', 1, 6, 100000, 1, 1, '2026-02-13 14:29:08', 1, '2026-02-13 14:29:08', 1),
	(79, '260212000682', 0, 0, 0, 0, 1, '2026-02-13 14:29:08', 1, '2026-02-13 14:29:08', 1),
	(80, '260212000679', 1, 3, 50000, 1, 1, '2026-02-13 14:29:22', 1, '2026-02-13 14:29:22', 1),
	(81, '260212000679', 0, 0, 0, 0, 1, '2026-02-13 14:29:22', 1, '2026-02-13 14:29:22', 1),
	(82, '260212000678', 1, 2, 100000, 1, 1, '2026-02-13 14:29:59', 1, '2026-02-13 14:29:59', 1),
	(83, '260212000678', 0, 0, 0, 0, 1, '2026-02-13 14:29:59', 1, '2026-02-13 14:29:59', 1),
	(84, '260212000680', 1, 4, 10000, 1, 1, '2026-02-13 14:30:20', 1, '2026-02-13 14:30:20', 1),
	(85, '260212000680', 0, 0, 0, 0, 1, '2026-02-13 14:30:20', 1, '2026-02-13 14:30:20', 1),
	(86, '260213000683', 1, 7, 100000, 1, 1, '2026-02-23 15:26:16', 1, '2026-02-23 15:26:16', 1),
	(87, '260213000683', 0, 0, 0, 0, 1, '2026-02-23 15:26:16', 1, '2026-02-23 15:26:16', 1),
	(88, '260213000684', 1, 9, 100000, 2, 1, '2026-02-23 15:26:35', 1, '2026-02-23 15:26:35', 1),
	(89, '260213000684', 0, 0, 0, 0, 1, '2026-02-23 15:26:36', 1, '2026-02-23 15:26:36', 1),
	(90, '260223000685', 1, 11, 50000, 2, 1, '2026-02-23 15:28:14', 1, '2026-02-23 15:28:14', 1),
	(91, '260223000685', 0, 0, 0, 0, 1, '2026-02-23 15:28:14', 1, '2026-02-23 15:28:14', 1);

-- Dumping structure for table pos_resto.cart_copy_bill
CREATE TABLE IF NOT EXISTS `cart_copy_bill` (
  `id` int(11) NOT NULL AUTO_INCREMENT,
  `cartId` varchar(50) NOT NULL DEFAULT '0',
  `presence` tinyint(2) NOT NULL DEFAULT 1,
  `inputDate` datetime NOT NULL DEFAULT '2025-01-01 00:00:00',
  `inputBy` smallint(6) NOT NULL DEFAULT 1,
  `updateDate` datetime NOT NULL DEFAULT '2025-01-01 00:00:00',
  `updateBy` smallint(6) NOT NULL DEFAULT 1,
  PRIMARY KEY (`id`)
) ENGINE=InnoDB DEFAULT CHARSET=utf16 COLLATE=utf16_bin;

-- Dumping data for table pos_resto.cart_copy_bill: ~0 rows (approximately)

-- Dumping structure for table pos_resto.cart_item
CREATE TABLE IF NOT EXISTS `cart_item` (
  `id` int(11) NOT NULL AUTO_INCREMENT,
  `cartId` varchar(50) CHARACTER SET utf8mb4 COLLATE utf8mb4_general_ci NOT NULL DEFAULT '',
  `subgroup` smallint(6) NOT NULL DEFAULT 1,
  `qty` smallint(6) NOT NULL DEFAULT 1,
  `menuId` int(11) NOT NULL DEFAULT 0,
  `adjustItemsId` varchar(50) CHARACTER SET utf8mb4 COLLATE utf8mb4_general_ci NOT NULL DEFAULT '',
  `ta` tinyint(4) NOT NULL DEFAULT 0,
  `price` int(11) NOT NULL DEFAULT 0,
  `debit` int(11) NOT NULL DEFAULT 0,
  `credit` int(11) NOT NULL DEFAULT 0,
  `closedPrice` int(11) NOT NULL DEFAULT 0,
  `sendOrder` varchar(50) CHARACTER SET utf8mb4 COLLATE utf8mb4_general_ci NOT NULL DEFAULT '',
  `void` tinyint(4) NOT NULL DEFAULT 0,
  `menuCategoryId` int(11) NOT NULL DEFAULT 0,
  `menuDepartmentId` int(11) NOT NULL DEFAULT 0,
  `presence` tinyint(2) NOT NULL DEFAULT 1,
  `inputDate` datetime NOT NULL DEFAULT '2025-01-01 00:00:00',
  `inputBy` smallint(6) NOT NULL DEFAULT 1,
  `updateDate` datetime NOT NULL DEFAULT '2025-01-01 00:00:00',
  `updateBy` smallint(6) NOT NULL DEFAULT 1,
  PRIMARY KEY (`id`) USING BTREE
) ENGINE=InnoDB AUTO_INCREMENT=36 DEFAULT CHARSET=utf16 COLLATE=utf16_bin;

-- Dumping data for table pos_resto.cart_item: ~32 rows (approximately)
INSERT INTO `cart_item` (`id`, `cartId`, `subgroup`, `qty`, `menuId`, `adjustItemsId`, `ta`, `price`, `debit`, `credit`, `closedPrice`, `sendOrder`, `void`, `menuCategoryId`, `menuDepartmentId`, `presence`, `inputDate`, `inputBy`, `updateDate`, `updateBy`) VALUES
	(1, '000357', 1, 1, 199, '', 0, 500000, 500000, 0, 0, '', 0, 0, 3, 1, '2026-02-11 18:12:29', 76, '2026-02-11 18:12:29', 76),
	(2, '000357', 1, 1, 199, '', 0, 500000, 500000, 0, 0, '', 0, 0, 3, 1, '2026-02-11 18:14:18', 76, '2026-02-11 18:14:18', 76),
	(3, '000357', 1, 1, 199, '', 0, 500000, 500000, 0, 0, '', 0, 0, 3, 1, '2026-02-11 18:14:55', 76, '2026-02-11 18:14:55', 76),
	(4, '000357', 1, 1, 199, '', 0, 500000, 500000, 0, 0, '', 0, 0, 3, 1, '2026-02-11 18:15:42', 76, '2026-02-11 18:15:42', 76),
	(6, '260211000677', 1, 1, 199, '', 0, 500000, 500000, 0, 0, 'SO001321', 0, 0, 3, 1, '2026-02-11 18:17:01', 76, '2026-02-11 18:17:22', 76),
	(7, '260211000677', 1, 1, 194, 'A0169', 0, 15000, 15000, 0, 0, 'SO001322', 0, 0, 5, 1, '2026-02-11 18:28:06', 76, '2026-02-11 18:28:16', 76),
	(8, '260211000677', 1, 1, 195, 'A0170', 0, 15000, 15000, 0, 0, 'SO001322', 0, 0, 5, 1, '2026-02-11 18:28:07', 76, '2026-02-11 18:28:16', 76),
	(9, '260211000677', 1, 1, 196, 'A0171', 0, 18000, 18000, 0, 0, 'SO001322', 0, 0, 5, 1, '2026-02-11 18:28:11', 76, '2026-02-11 18:28:16', 76),
	(10, '260211000677', 1, 1, 194, 'A0169', 0, 15000, 15000, 0, 0, 'SO001325', 0, 0, 5, 1, '2026-02-11 18:56:11', 76, '2026-02-11 18:56:46', 76),
	(11, '260211000677', 1, 1, 195, 'A0170', 0, 15000, 15000, 0, 0, 'SO001326', 0, 0, 5, 1, '2026-02-11 19:15:00', 76, '2026-02-11 19:15:03', 76),
	(12, '260211000677', 1, 1, 199, '', 0, 500000, 500000, 0, 0, 'SO001327', 0, 0, 3, 1, '2026-02-11 19:15:25', 76, '2026-02-11 19:15:27', 76),
	(13, '260212000678', 1, 1, 199, '', 0, 500000, 500000, 0, 0, 'SO001330', 0, 0, 3, 1, '2026-02-12 15:08:02', 76, '2026-02-12 15:08:08', 76),
	(14, '260212000679', 1, 1, 169, 'A0144', 0, 28000, 28000, 0, 0, 'SO001331', 0, 0, 2, 1, '2026-02-12 15:08:49', 76, '2026-02-12 15:08:53', 76),
	(15, '260212000679', 1, 1, 170, 'A0145', 0, 32000, 32000, 0, 0, 'SO001331', 0, 0, 2, 1, '2026-02-12 15:08:50', 76, '2026-02-12 15:08:53', 76),
	(16, '260212000679', 1, 1, 171, 'A0146', 0, 25000, 25000, 0, 0, 'SO001331', 0, 0, 2, 1, '2026-02-12 15:08:50', 76, '2026-02-12 15:08:53', 76),
	(17, '260212000680', 1, 1, 195, 'A0170', 0, 15000, 15000, 0, 0, 'SO001332', 0, 0, 5, 1, '2026-02-12 16:13:40', 76, '2026-02-12 16:13:43', 76),
	(18, '260212000680', 1, 1, 196, 'A0171', 0, 18000, 18000, 0, 0, 'SO001332', 0, 0, 5, 1, '2026-02-12 16:13:40', 76, '2026-02-12 16:13:43', 76),
	(19, '260212000681', 1, 2, 199, '', 0, 500000, 500000, 0, 0, 'SO001333', 1, 0, 3, 0, '2026-02-12 16:17:37', 76, '2026-02-12 16:20:15', 76),
	(20, '260212000682', 1, 2, 199, '', 0, 500000, 500000, 0, 0, 'SO001335', 0, 0, 3, 1, '2026-02-12 16:21:45', 76, '2026-02-12 16:21:50', 76),
	(21, '260212000682', 1, 1, 194, 'A0169', 0, 15000, 15000, 0, 0, 'SO001336', 0, 0, 5, 1, '2026-02-12 18:07:58', 76, '2026-02-12 18:08:01', 76),
	(22, '260212000682', 1, 1, 195, 'A0170', 0, 15000, 15000, 0, 0, 'SO001336', 0, 0, 5, 1, '2026-02-12 18:07:59', 76, '2026-02-12 18:08:01', 76),
	(23, '260213000683', 1, 1, 199, '', 0, 500000, 500000, 0, 0, 'SO001348', 0, 0, 3, 1, '2026-02-13 14:47:56', 76, '2026-02-13 14:47:59', 76),
	(24, '260213000684', 1, 1, 199, '', 0, 500000, 500000, 0, 0, 'SO001349', 0, 0, 3, 1, '2026-02-13 14:49:58', 76, '2026-02-13 14:50:02', 76),
	(25, '260213000684', 1, 3, 201, 'A0163', 0, 0, 0, 0, 0, 'SO001350', 0, 0, 1, 1, '2026-02-13 14:51:28', 76, '2026-02-13 14:51:34', 76),
	(26, '260223000685', 1, 10, 194, 'A0169', 0, 15000, 15000, 0, 0, 'SO001356', 0, 0, 5, 1, '2026-02-23 15:27:22', 76, '2026-02-23 15:27:50', 76),
	(27, '260223000685', 1, 5, 195, 'A0170', 0, 15000, 15000, 0, 0, 'SO001356', 0, 0, 5, 1, '2026-02-23 15:27:23', 76, '2026-02-23 15:27:50', 76),
	(28, '260223000685', 1, 1, 196, 'A0171', 0, 18000, 18000, 0, 0, 'SO001356', 0, 0, 5, 1, '2026-02-23 15:27:23', 76, '2026-02-23 15:27:50', 76),
	(29, '260223000685', 1, 1, 197, 'A0172', 0, 20000, 20000, 0, 0, 'SO001356', 0, 0, 5, 1, '2026-02-23 15:27:24', 76, '2026-02-23 15:27:50', 76),
	(30, '260223000685', 1, 1, 198, 'A0173', 0, 20000, 20000, 0, 0, 'SO001356', 0, 0, 5, 1, '2026-02-23 15:27:24', 76, '2026-02-23 15:27:50', 76),
	(32, '260226000686', 1, 1, 195, 'A0170', 0, 15000, 15000, 0, 0, 'SO001360', 0, 0, 5, 1, '2026-02-26 17:05:45', 76, '2026-02-26 17:05:46', 76),
	(33, '260226000686', 1, 1, 194, 'A0169', 0, 15000, 15000, 0, 0, 'SO001360', 0, 0, 5, 1, '2026-02-26 17:05:45', 76, '2026-02-26 17:05:46', 76);

-- Dumping structure for table pos_resto.cart_item_discount
CREATE TABLE IF NOT EXISTS `cart_item_discount` (
  `id` int(11) NOT NULL AUTO_INCREMENT,
  `cartId` varchar(50) CHARACTER SET utf8mb4 COLLATE utf8mb4_general_ci NOT NULL DEFAULT '',
  `cartItemId` int(11) NOT NULL DEFAULT 0,
  `sendOrder` varchar(50) CHARACTER SET utf8mb4 COLLATE utf8mb4_general_ci NOT NULL DEFAULT '',
  `discountId` tinyint(4) NOT NULL DEFAULT 0,
  `note` varchar(250) CHARACTER SET utf8mb4 COLLATE utf8mb4_general_ci NOT NULL DEFAULT '',
  `rate` tinyint(4) NOT NULL DEFAULT 0,
  `amount` int(11) NOT NULL DEFAULT 0,
  `status` tinyint(4) NOT NULL DEFAULT 0,
  `debit` float(10,5) NOT NULL DEFAULT 0.00000,
  `credit` float(10,5) NOT NULL DEFAULT 0.00000,
  `void` tinyint(4) NOT NULL DEFAULT 0,
  `presence` tinyint(2) NOT NULL DEFAULT 1,
  `inputDate` datetime NOT NULL DEFAULT '2025-01-01 00:00:00',
  `inputBy` smallint(6) NOT NULL DEFAULT 1,
  `updateDate` datetime NOT NULL DEFAULT '2025-01-01 00:00:00',
  `updateBy` smallint(6) NOT NULL DEFAULT 1,
  PRIMARY KEY (`id`) USING BTREE
) ENGINE=InnoDB AUTO_INCREMENT=6 DEFAULT CHARSET=utf16 COLLATE=utf16_bin;

-- Dumping data for table pos_resto.cart_item_discount: ~5 rows (approximately)
INSERT INTO `cart_item_discount` (`id`, `cartId`, `cartItemId`, `sendOrder`, `discountId`, `note`, `rate`, `amount`, `status`, `debit`, `credit`, `void`, `presence`, `inputDate`, `inputBy`, `updateDate`, `updateBy`) VALUES
	(1, '260223000685', 26, 'SO001357', 1, '10% POST ALL', 10, 0, 0, 0.00000, 1500.00000, 0, 1, '2026-02-23 15:27:59', 76, '2026-02-23 15:28:00', 76),
	(2, '260223000685', 27, 'SO001357', 1, '10% POST ALL', 10, 0, 0, 0.00000, 1500.00000, 0, 1, '2026-02-23 15:27:59', 76, '2026-02-23 15:28:00', 76),
	(3, '260223000685', 28, 'SO001357', 1, '10% POST ALL', 10, 0, 0, 0.00000, 1800.00000, 0, 1, '2026-02-23 15:27:59', 76, '2026-02-23 15:28:00', 76),
	(4, '260223000685', 29, 'SO001357', 1, '10% POST ALL', 10, 0, 0, 0.00000, 2000.00000, 0, 1, '2026-02-23 15:27:59', 76, '2026-02-23 15:28:00', 76),
	(5, '260223000685', 30, 'SO001357', 1, '10% POST ALL', 10, 0, 0, 0.00000, 2000.00000, 0, 1, '2026-02-23 15:27:59', 76, '2026-02-23 15:28:00', 76);

-- Dumping structure for table pos_resto.cart_item_group
CREATE TABLE IF NOT EXISTS `cart_item_group` (
  `id` int(11) NOT NULL AUTO_INCREMENT,
  `cartId` varchar(50) CHARACTER SET utf8mb4 COLLATE utf8mb4_general_ci NOT NULL DEFAULT '',
  `cartItemId` int(11) NOT NULL DEFAULT 0,
  `subgroup` smallint(6) NOT NULL DEFAULT 1,
  `qty` smallint(6) NOT NULL DEFAULT 1,
  `presence` tinyint(2) NOT NULL DEFAULT 1,
  `inputDate` datetime NOT NULL DEFAULT '2025-01-01 00:00:00',
  `inputBy` smallint(6) NOT NULL DEFAULT 1,
  `updateDate` datetime NOT NULL DEFAULT '2025-01-01 00:00:00',
  `updateBy` smallint(6) NOT NULL DEFAULT 1,
  PRIMARY KEY (`id`) USING BTREE
) ENGINE=InnoDB DEFAULT CHARSET=utf16 COLLATE=utf16_bin;

-- Dumping data for table pos_resto.cart_item_group: ~0 rows (approximately)

-- Dumping structure for table pos_resto.cart_item_modifier
CREATE TABLE IF NOT EXISTS `cart_item_modifier` (
  `id` int(11) NOT NULL AUTO_INCREMENT,
  `menuSetMenuId` int(11) NOT NULL DEFAULT 0,
  `menuSetQty` tinyint(4) NOT NULL DEFAULT 0,
  `menuSetAdjustItemsId` varchar(50) CHARACTER SET utf8mb4 COLLATE utf8mb4_general_ci NOT NULL DEFAULT '',
  `cartId` varchar(50) CHARACTER SET utf8mb4 COLLATE utf8mb4_general_ci NOT NULL DEFAULT '',
  `cartItemId` int(11) NOT NULL DEFAULT 0,
  `modifierId` tinyint(4) NOT NULL DEFAULT 0,
  `applyDiscount` tinyint(4) NOT NULL DEFAULT 0,
  `menuTaxScId` tinyint(4) NOT NULL DEFAULT 0,
  `scRate` tinyint(4) NOT NULL DEFAULT 0,
  `scTaxInclude` tinyint(4) NOT NULL DEFAULT 0,
  `scStatus` tinyint(4) NOT NULL DEFAULT 0,
  `taxRate` tinyint(4) NOT NULL DEFAULT 0,
  `taxStatus` tinyint(4) NOT NULL DEFAULT 0,
  `note` varchar(250) CHARACTER SET utf8mb4 COLLATE utf8mb4_general_ci NOT NULL DEFAULT '',
  `remark` varchar(250) CHARACTER SET utf8mb4 COLLATE utf8mb4_general_ci NOT NULL DEFAULT '',
  `debit` int(11) NOT NULL DEFAULT 0,
  `credit` int(11) NOT NULL DEFAULT 0,
  `price` int(11) NOT NULL DEFAULT 0,
  `priceIncluded` int(11) NOT NULL DEFAULT 0,
  `sendOrder` varchar(50) CHARACTER SET utf8mb4 COLLATE utf8mb4_general_ci NOT NULL DEFAULT '',
  `void` tinyint(4) NOT NULL DEFAULT 0,
  `presence` tinyint(2) NOT NULL DEFAULT 1,
  `inputDate` datetime NOT NULL DEFAULT '2025-01-01 00:00:00',
  `inputBy` smallint(6) NOT NULL DEFAULT 1,
  `updateDate` datetime NOT NULL DEFAULT '2025-01-01 00:00:00',
  `updateBy` smallint(6) NOT NULL DEFAULT 1,
  PRIMARY KEY (`id`) USING BTREE
) ENGINE=InnoDB AUTO_INCREMENT=11 DEFAULT CHARSET=utf16 COLLATE=utf16_bin;

-- Dumping data for table pos_resto.cart_item_modifier: ~10 rows (approximately)
INSERT INTO `cart_item_modifier` (`id`, `menuSetMenuId`, `menuSetQty`, `menuSetAdjustItemsId`, `cartId`, `cartItemId`, `modifierId`, `applyDiscount`, `menuTaxScId`, `scRate`, `scTaxInclude`, `scStatus`, `taxRate`, `taxStatus`, `note`, `remark`, `debit`, `credit`, `price`, `priceIncluded`, `sendOrder`, `void`, `presence`, `inputDate`, `inputBy`, `updateDate`, `updateBy`) VALUES
	(1, 0, 0, '', '260223000685', 26, 36, 0, 0, 0, 0, 0, 0, 0, '', '', 0, 0, 0, 0, 'SO001356', 0, 1, '2026-02-23 15:27:35', 76, '2026-02-23 15:27:50', 76),
	(2, 0, 0, '', '260223000685', 26, 40, 0, 0, 0, 0, 0, 0, 0, '', '', 0, 0, 0, 0, 'SO001356', 0, 1, '2026-02-23 15:27:35', 76, '2026-02-23 15:27:50', 76),
	(3, 0, 0, '', '260223000685', 27, 36, 0, 0, 0, 0, 0, 0, 0, '', '', 0, 0, 0, 0, 'SO001356', 0, 1, '2026-02-23 15:27:35', 76, '2026-02-23 15:27:50', 76),
	(4, 0, 0, '', '260223000685', 27, 40, 0, 0, 0, 0, 0, 0, 0, '', '', 0, 0, 0, 0, 'SO001356', 0, 1, '2026-02-23 15:27:35', 76, '2026-02-23 15:27:50', 76),
	(5, 0, 0, '', '260223000685', 28, 36, 0, 0, 0, 0, 0, 0, 0, '', '', 0, 0, 0, 0, 'SO001356', 0, 1, '2026-02-23 15:27:35', 76, '2026-02-23 15:27:50', 76),
	(6, 0, 0, '', '260223000685', 28, 40, 0, 0, 0, 0, 0, 0, 0, '', '', 0, 0, 0, 0, 'SO001356', 0, 1, '2026-02-23 15:27:35', 76, '2026-02-23 15:27:50', 76),
	(7, 0, 0, '', '260223000685', 29, 36, 0, 0, 0, 0, 0, 0, 0, '', '', 0, 0, 0, 0, 'SO001356', 0, 1, '2026-02-23 15:27:35', 76, '2026-02-23 15:27:50', 76),
	(8, 0, 0, '', '260223000685', 29, 40, 0, 0, 0, 0, 0, 0, 0, '', '', 0, 0, 0, 0, 'SO001356', 0, 1, '2026-02-23 15:27:35', 76, '2026-02-23 15:27:50', 76),
	(9, 0, 0, '', '260223000685', 30, 36, 0, 0, 0, 0, 0, 0, 0, '', '', 0, 0, 0, 0, 'SO001356', 0, 1, '2026-02-23 15:27:35', 76, '2026-02-23 15:27:50', 76),
	(10, 0, 0, '', '260223000685', 30, 40, 0, 0, 0, 0, 0, 0, 0, '', '', 0, 0, 0, 0, 'SO001356', 0, 1, '2026-02-23 15:27:35', 76, '2026-02-23 15:27:50', 76);

-- Dumping structure for table pos_resto.cart_item_sc
CREATE TABLE IF NOT EXISTS `cart_item_sc` (
  `id` int(11) NOT NULL AUTO_INCREMENT,
  `cartId` varchar(50) CHARACTER SET utf8mb4 COLLATE utf8mb4_general_ci NOT NULL DEFAULT '',
  `cartItemId` int(11) NOT NULL DEFAULT 0,
  `sendOrder` varchar(50) CHARACTER SET utf8mb4 COLLATE utf8mb4_general_ci NOT NULL DEFAULT '',
  `menuTaxScId` tinyint(4) NOT NULL DEFAULT 0,
  `note` varchar(250) CHARACTER SET utf8mb4 COLLATE utf8mb4_general_ci NOT NULL DEFAULT '',
  `rate` tinyint(4) NOT NULL DEFAULT 0,
  `status` tinyint(4) NOT NULL DEFAULT 0,
  `debit` int(11) NOT NULL DEFAULT 0,
  `credit` int(11) NOT NULL DEFAULT 0,
  `void` tinyint(4) NOT NULL DEFAULT 0,
  `presence` tinyint(2) NOT NULL DEFAULT 1,
  `inputDate` datetime NOT NULL DEFAULT '2025-01-01 00:00:00',
  `inputBy` smallint(6) NOT NULL DEFAULT 1,
  `updateDate` datetime NOT NULL DEFAULT '2025-01-01 00:00:00',
  `updateBy` smallint(6) NOT NULL DEFAULT 1,
  PRIMARY KEY (`id`) USING BTREE
) ENGINE=InnoDB AUTO_INCREMENT=15 DEFAULT CHARSET=utf16 COLLATE=utf16_bin;

-- Dumping data for table pos_resto.cart_item_sc: ~10 rows (approximately)
INSERT INTO `cart_item_sc` (`id`, `cartId`, `cartItemId`, `sendOrder`, `menuTaxScId`, `note`, `rate`, `status`, `debit`, `credit`, `void`, `presence`, `inputDate`, `inputBy`, `updateDate`, `updateBy`) VALUES
	(1, '000357', 4, '', 0, 'null', 0, 0, 0, 0, 0, 1, '2026-02-11 18:15:42', 1, '2026-02-11 18:15:42', 1),
	(3, '260213000684', 24, 'SO001349', 1, 'S.C. 5%', 5, 1, 25000, 0, 0, 1, '2026-02-13 14:49:58', 1, '2026-02-13 14:51:33', 76),
	(4, '260213000684', 25, 'SO001350', 1, 'S.C. 5%', 5, 1, 0, 0, 0, 1, '2026-02-13 14:51:28', 1, '2026-02-13 14:51:34', 76),
	(5, '260223000685', 26, 'SO001356', 1, 'S.C. 5%', 5, 1, 675, 0, 0, 1, '2026-02-23 15:27:22', 1, '2026-02-23 15:27:59', 76),
	(6, '260223000685', 27, 'SO001356', 1, 'S.C. 5%', 5, 1, 675, 0, 0, 1, '2026-02-23 15:27:23', 1, '2026-02-23 15:27:59', 76),
	(7, '260223000685', 28, 'SO001356', 1, 'S.C. 5%', 5, 1, 810, 0, 0, 1, '2026-02-23 15:27:23', 1, '2026-02-23 15:27:59', 76),
	(8, '260223000685', 29, 'SO001356', 1, 'S.C. 5%', 5, 1, 900, 0, 0, 1, '2026-02-23 15:27:24', 1, '2026-02-23 15:27:59', 76),
	(9, '260223000685', 30, 'SO001356', 1, 'S.C. 5%', 5, 1, 900, 0, 0, 1, '2026-02-23 15:27:24', 1, '2026-02-23 15:27:59', 76),
	(11, '260226000686', 32, 'SO001360', 1, 'S.C. 5%', 5, 1, 750, 0, 0, 1, '2026-02-26 17:05:45', 1, '2026-02-26 17:53:00', 76),
	(12, '260226000686', 33, 'SO001360', 1, 'S.C. 5%', 5, 1, 750, 0, 0, 1, '2026-02-26 17:05:45', 1, '2026-02-26 17:53:00', 76);

-- Dumping structure for table pos_resto.cart_item_tax
CREATE TABLE IF NOT EXISTS `cart_item_tax` (
  `id` int(11) NOT NULL AUTO_INCREMENT,
  `cartId` varchar(50) CHARACTER SET utf8mb4 COLLATE utf8mb4_general_ci NOT NULL DEFAULT '',
  `cartItemId` int(11) NOT NULL DEFAULT 0,
  `sendOrder` varchar(50) CHARACTER SET utf8mb4 COLLATE utf8mb4_general_ci NOT NULL DEFAULT '',
  `menuTaxScId` tinyint(4) NOT NULL DEFAULT 0,
  `note` varchar(250) CHARACTER SET utf8mb4 COLLATE utf8mb4_general_ci NOT NULL DEFAULT '',
  `rate` tinyint(4) NOT NULL DEFAULT 0,
  `status` tinyint(4) NOT NULL DEFAULT 0,
  `debit` int(11) NOT NULL DEFAULT 0,
  `credit` int(11) NOT NULL DEFAULT 0,
  `void` tinyint(4) NOT NULL DEFAULT 0,
  `presence` tinyint(2) NOT NULL DEFAULT 1,
  `inputDate` datetime NOT NULL DEFAULT '2025-01-01 00:00:00',
  `inputBy` smallint(6) NOT NULL DEFAULT 1,
  `updateDate` datetime NOT NULL DEFAULT '2025-01-01 00:00:00',
  `updateBy` smallint(6) NOT NULL DEFAULT 1,
  PRIMARY KEY (`id`) USING BTREE
) ENGINE=InnoDB AUTO_INCREMENT=15 DEFAULT CHARSET=utf16 COLLATE=utf16_bin;

-- Dumping data for table pos_resto.cart_item_tax: ~10 rows (approximately)
INSERT INTO `cart_item_tax` (`id`, `cartId`, `cartItemId`, `sendOrder`, `menuTaxScId`, `note`, `rate`, `status`, `debit`, `credit`, `void`, `presence`, `inputDate`, `inputBy`, `updateDate`, `updateBy`) VALUES
	(1, '000357', 4, '', 0, 'null', 0, 0, 0, 0, 0, 1, '2026-02-11 18:15:42', 1, '2026-02-11 18:15:42', 1),
	(3, '260213000684', 24, 'SO001349', 1, '10% Tax ', 10, 1, 52500, 0, 0, 1, '2026-02-13 14:49:58', 1, '2026-02-13 14:51:33', 76),
	(4, '260213000684', 25, 'SO001350', 1, '10% Tax ', 10, 1, 0, 0, 0, 1, '2026-02-13 14:51:28', 1, '2026-02-13 14:51:34', 76),
	(5, '260223000685', 26, 'SO001356', 1, '10% Tax ', 10, 1, 1568, 0, 0, 1, '2026-02-23 15:27:22', 1, '2026-02-23 15:27:59', 76),
	(6, '260223000685', 27, 'SO001356', 1, '10% Tax ', 10, 1, 1568, 0, 0, 1, '2026-02-23 15:27:23', 1, '2026-02-23 15:27:59', 76),
	(7, '260223000685', 28, 'SO001356', 1, '10% Tax ', 10, 1, 1881, 0, 0, 1, '2026-02-23 15:27:23', 1, '2026-02-23 15:27:59', 76),
	(8, '260223000685', 29, 'SO001356', 1, '10% Tax ', 10, 1, 2090, 0, 0, 1, '2026-02-23 15:27:24', 1, '2026-02-23 15:27:59', 76),
	(9, '260223000685', 30, 'SO001356', 1, '10% Tax ', 10, 1, 2090, 0, 0, 1, '2026-02-23 15:27:24', 1, '2026-02-23 15:27:59', 76),
	(11, '260226000686', 32, 'SO001360', 1, '10% Tax ', 10, 1, 1575, 0, 0, 1, '2026-02-26 17:05:45', 1, '2026-02-26 17:53:00', 76),
	(12, '260226000686', 33, 'SO001360', 1, '10% Tax ', 10, 1, 1575, 0, 0, 1, '2026-02-26 17:05:45', 1, '2026-02-26 17:53:00', 76);

-- Dumping structure for table pos_resto.cart_item_void_reason
CREATE TABLE IF NOT EXISTS `cart_item_void_reason` (
  `id` int(11) NOT NULL AUTO_INCREMENT,
  `cartId` varchar(50) CHARACTER SET utf8mb4 COLLATE utf8mb4_general_ci NOT NULL DEFAULT '',
  `cartItemId` int(11) NOT NULL DEFAULT 0,
  `qty` smallint(6) NOT NULL DEFAULT 0,
  `reason` varchar(250) NOT NULL DEFAULT '',
  `presence` tinyint(2) NOT NULL DEFAULT 1,
  `inputDate` datetime NOT NULL DEFAULT '2025-01-01 00:00:00',
  `inputBy` smallint(6) NOT NULL DEFAULT 1,
  `updateDate` datetime NOT NULL DEFAULT '2025-01-01 00:00:00',
  `updateBy` smallint(6) NOT NULL DEFAULT 1,
  PRIMARY KEY (`id`) USING BTREE
) ENGINE=InnoDB DEFAULT CHARSET=utf16 COLLATE=utf16_bin;

-- Dumping data for table pos_resto.cart_item_void_reason: ~0 rows (approximately)

-- Dumping structure for table pos_resto.cart_merge_log
CREATE TABLE IF NOT EXISTS `cart_merge_log` (
  `id` int(11) NOT NULL AUTO_INCREMENT,
  `cartId` varchar(50) NOT NULL DEFAULT '',
  `cartIdNew` varchar(50) NOT NULL DEFAULT '',
  `outletTableMapId` int(11) NOT NULL DEFAULT 0,
  `outletTableMapIdNew` int(11) NOT NULL DEFAULT 0,
  `dailyCheckId` varchar(50) NOT NULL DEFAULT '',
  `cover1` tinyint(4) NOT NULL DEFAULT 0,
  `cover2` tinyint(4) NOT NULL DEFAULT 0,
  `coverNew` tinyint(4) NOT NULL DEFAULT 0,
  `presence` tinyint(4) NOT NULL DEFAULT 1,
  `inputDate` datetime NOT NULL DEFAULT '2025-01-01 00:00:00',
  `inputBy` tinyint(4) NOT NULL DEFAULT 0,
  PRIMARY KEY (`id`) USING BTREE
) ENGINE=InnoDB AUTO_INCREMENT=14 DEFAULT CHARSET=utf16 COLLATE=utf16_bin;

-- Dumping data for table pos_resto.cart_merge_log: ~6 rows (approximately)
INSERT INTO `cart_merge_log` (`id`, `cartId`, `cartIdNew`, `outletTableMapId`, `outletTableMapIdNew`, `dailyCheckId`, `cover1`, `cover2`, `coverNew`, `presence`, `inputDate`, `inputBy`) VALUES
	(6, '250718000222', '250721000224', 3, 4, 'undefined', 8, 1, 9, 1, '2025-07-21 15:29:45', 1),
	(7, '250721000224', '250721000225', 4, 1, '000021', 9, 1, 10, 1, '2025-07-21 15:34:19', 1),
	(8, '250723000248', '250723000243', 2, 3, '000029', 4, 4, 8, 1, '2025-07-23 16:01:33', 1),
	(9, '250822000323', '250822000322', 2, 4, '000041', 4, 4, 8, 1, '2025-08-22 15:33:01', 1),
	(10, '250825000331', '250825000330', 4, 3, '000042', 4, 4, 8, 1, '2025-08-25 13:33:31', 1),
	(11, '250825000330', '250825000328', 3, 2, '000042', 8, 4, 12, 1, '2025-08-25 14:47:50', 1),
	(12, '250825000328', '250825000329', 2, 1, '000042', 12, 4, 16, 1, '2025-08-25 14:48:26', 1),
	(13, '250916000460', '250916000459', 3, 4, '000054', 4, 8, 12, 1, '2025-09-16 14:08:04', 76);

-- Dumping structure for table pos_resto.cart_payment
CREATE TABLE IF NOT EXISTS `cart_payment` (
  `id` int(11) NOT NULL AUTO_INCREMENT,
  `cartId` varchar(50) CHARACTER SET utf8mb4 COLLATE utf8mb4_general_ci NOT NULL DEFAULT '',
  `checkPaymentTypeId` int(11) NOT NULL DEFAULT 0,
  `paid` int(11) NOT NULL DEFAULT 0,
  `tips` int(11) NOT NULL DEFAULT 0,
  `cardNumber` varchar(50) NOT NULL DEFAULT '',
  `expCard` varchar(10) NOT NULL DEFAULT '',
  `submit` tinyint(4) NOT NULL DEFAULT 0,
  `void` tinyint(2) NOT NULL DEFAULT 0,
  `presence` tinyint(2) NOT NULL DEFAULT 1,
  `inputDate` datetime NOT NULL DEFAULT '2025-01-01 00:00:00',
  `inputBy` smallint(6) NOT NULL DEFAULT 1,
  `updateDate` datetime NOT NULL DEFAULT '2025-01-01 00:00:00',
  `updateBy` smallint(6) NOT NULL DEFAULT 1,
  PRIMARY KEY (`id`) USING BTREE
) ENGINE=InnoDB AUTO_INCREMENT=13 DEFAULT CHARSET=utf16 COLLATE=utf16_bin;

-- Dumping data for table pos_resto.cart_payment: ~11 rows (approximately)
INSERT INTO `cart_payment` (`id`, `cartId`, `checkPaymentTypeId`, `paid`, `tips`, `cardNumber`, `expCard`, `submit`, `void`, `presence`, `inputDate`, `inputBy`, `updateDate`, `updateBy`) VALUES
	(1, '260211000677', 1, 1200000, 0, '', '', 1, 0, 1, '2026-02-11 18:17:22', 76, '2026-02-12 15:06:33', 76),
	(2, '260212000678', 1, 600000, 0, '', '', 1, 0, 1, '2026-02-12 15:08:08', 76, '2026-02-13 14:29:59', 76),
	(3, '260212000679', 1, 200000, 0, '', '', 1, 0, 1, '2026-02-12 15:08:53', 76, '2026-02-13 14:29:22', 76),
	(4, '260212000680', 1, 100000, 0, '', '', 1, 0, 1, '2026-02-12 16:13:43', 76, '2026-02-13 14:30:20', 76),
	(5, '260212000681', 1, 0, 0, '', '', 0, 0, 1, '2026-02-12 16:17:53', 76, '2026-02-12 16:17:53', 76),
	(6, '260212000682', 1, 1050000, 0, '', '', 1, 0, 1, '2026-02-12 16:21:50', 76, '2026-02-13 14:29:08', 76),
	(7, '260213000683', 1, 600000, 0, '', '', 1, 0, 1, '2026-02-13 14:47:59', 76, '2026-02-23 15:26:16', 76),
	(8, '260213000684', 1, 0, 0, '', '', 0, 0, 0, '2026-02-13 14:50:02', 76, '2026-02-23 15:26:30', 76),
	(9, '260213000684', 2, 577500, 0, '', '', 1, 0, 1, '2026-02-23 15:26:34', 76, '2026-02-23 15:26:35', 76),
	(10, '260223000685', 1, 0, 0, '', '', 1, 0, 1, '2026-02-23 15:27:50', 76, '2026-02-23 15:28:14', 76),
	(11, '260223000685', 2, 297016, 0, '', '', 1, 0, 1, '2026-02-23 15:28:13', 76, '2026-02-23 15:28:14', 76),
	(12, '260226000686', 1, 0, 0, '', '', 0, 0, 1, '2026-02-26 17:05:46', 76, '2026-02-26 17:05:46', 76);

-- Dumping structure for table pos_resto.cart_payment_void_reason
CREATE TABLE IF NOT EXISTS `cart_payment_void_reason` (
  `id` int(11) NOT NULL AUTO_INCREMENT,
  `cartId` varchar(50) CHARACTER SET utf8mb4 COLLATE utf8mb4_general_ci NOT NULL DEFAULT '',
  `reason` varchar(250) NOT NULL DEFAULT '',
  `presence` tinyint(2) NOT NULL DEFAULT 1,
  `inputDate` datetime NOT NULL DEFAULT '2025-01-01 00:00:00',
  `inputBy` smallint(6) NOT NULL DEFAULT 1,
  `updateDate` datetime NOT NULL DEFAULT '2025-01-01 00:00:00',
  `updateBy` smallint(6) NOT NULL DEFAULT 1,
  PRIMARY KEY (`id`) USING BTREE
) ENGINE=InnoDB AUTO_INCREMENT=8 DEFAULT CHARSET=utf16 COLLATE=utf16_bin;

-- Dumping data for table pos_resto.cart_payment_void_reason: ~5 rows (approximately)
INSERT INTO `cart_payment_void_reason` (`id`, `cartId`, `reason`, `presence`, `inputDate`, `inputBy`, `updateDate`, `updateBy`) VALUES
	(2, '251126000621', 'tidak cocok', 1, '2025-11-26 18:37:39', 76, '2025-11-26 18:37:39', 76),
	(3, '251203000625', 'Sala Pilih', 1, '2025-12-03 16:07:10', 76, '2025-12-03 16:07:10', 76),
	(4, '251217000646', 'manual bos', 1, '2025-12-17 12:21:35', 76, '2025-12-17 12:21:35', 76),
	(5, '251218000656', 'Sala Pilih', 1, '2025-12-19 14:20:33', 76, '2025-12-19 14:20:33', 76),
	(6, '251219000658', 'tidak cocok', 1, '2025-12-19 16:31:09', 76, '2025-12-19 16:31:09', 76),
	(7, '251219000658', 'tidak cocok', 1, '2025-12-19 16:33:12', 76, '2025-12-19 16:33:12', 76);

-- Dumping structure for table pos_resto.cart_transfer_items
CREATE TABLE IF NOT EXISTS `cart_transfer_items` (
  `id` int(11) NOT NULL AUTO_INCREMENT,
  `cartItemId` int(11) NOT NULL DEFAULT 0,
  `cartId` varchar(50) NOT NULL DEFAULT '',
  `cartIdNew` varchar(50) NOT NULL DEFAULT '',
  `outletTableMapId` int(11) NOT NULL DEFAULT 0,
  `outletTableMapIdNew` int(11) NOT NULL DEFAULT 0,
  `dailyCheckId` varchar(50) NOT NULL DEFAULT '',
  `presence` tinyint(4) NOT NULL DEFAULT 1,
  `inputDate` datetime NOT NULL DEFAULT '2025-01-01 00:00:00',
  `inputBy` varchar(50) NOT NULL DEFAULT '',
  PRIMARY KEY (`id`)
) ENGINE=InnoDB DEFAULT CHARSET=utf16 COLLATE=utf16_bin;

-- Dumping data for table pos_resto.cart_transfer_items: ~0 rows (approximately)

-- Dumping structure for table pos_resto.cart_void_reason
CREATE TABLE IF NOT EXISTS `cart_void_reason` (
  `id` int(11) NOT NULL AUTO_INCREMENT,
  `cartId` varchar(50) CHARACTER SET utf8mb4 COLLATE utf8mb4_general_ci NOT NULL DEFAULT '',
  `reason` varchar(250) NOT NULL DEFAULT '',
  `presence` tinyint(2) NOT NULL DEFAULT 1,
  `inputDate` datetime NOT NULL DEFAULT '2025-01-01 00:00:00',
  `inputBy` smallint(6) NOT NULL DEFAULT 1,
  `updateDate` datetime NOT NULL DEFAULT '2025-01-01 00:00:00',
  `updateBy` smallint(6) NOT NULL DEFAULT 1,
  PRIMARY KEY (`id`) USING BTREE
) ENGINE=InnoDB AUTO_INCREMENT=29 DEFAULT CHARSET=utf16 COLLATE=utf16_bin;

-- Dumping data for table pos_resto.cart_void_reason: ~19 rows (approximately)
INSERT INTO `cart_void_reason` (`id`, `cartId`, `reason`, `presence`, `inputDate`, `inputBy`, `updateDate`, `updateBy`) VALUES
	(2, 'undefined', 'Kelebihan', 1, '2025-11-26 18:03:22', 76, '2025-11-26 18:03:22', 76),
	(3, '251126000622', 'Sala Pilih', 1, '2025-11-26 18:04:01', 76, '2025-11-26 18:04:01', 76),
	(4, '251126000623', 'Kelebihan', 1, '2025-11-26 18:23:38', 76, '2025-11-26 18:23:38', 76),
	(5, '251126000621', 'tidak cocok', 1, '2025-11-26 18:36:06', 76, '2025-11-26 18:36:06', 76),
	(6, '251203000626', 'Sala Pilih', 1, '2025-12-03 15:42:32', 76, '2025-12-03 15:42:32', 76),
	(7, '251203000627', 'tidak cocok', 1, '2025-12-04 13:05:25', 76, '2025-12-04 13:05:25', 76),
	(8, '251204000636', 'Sala Pilih', 1, '2025-12-11 13:18:44', 76, '2025-12-11 13:18:44', 76),
	(9, '251204000632', 'Sala Pilih', 1, '2025-12-11 13:18:51', 76, '2025-12-11 13:18:51', 76),
	(10, '251204000633', 'Sala Pilih', 1, '2025-12-11 13:18:57', 76, '2025-12-11 13:18:57', 76),
	(11, '251204000634', 'Sala Pilih', 1, '2025-12-11 13:19:04', 76, '2025-12-11 13:19:04', 76),
	(12, '251204000630', 'Sala Pilih', 1, '2025-12-11 13:19:09', 76, '2025-12-11 13:19:09', 76),
	(13, '251211000642', 'Sala Pilih', 1, '2025-12-12 14:49:36', 76, '2025-12-12 14:49:36', 76),
	(14, '251211000639', 'Kelebihan', 1, '2025-12-12 14:49:42', 76, '2025-12-12 14:49:42', 76),
	(15, '251211000640', 'tidak cocok', 1, '2025-12-12 14:49:47', 76, '2025-12-12 14:49:47', 76),
	(16, '251211000637', 'Sala Pilih', 1, '2025-12-12 14:49:52', 76, '2025-12-12 14:49:52', 76),
	(17, '251211000641', 'Sala Pilih', 1, '2025-12-12 14:49:57', 76, '2025-12-12 14:49:57', 76),
	(18, '000319', 'Sala Pilih', 1, '2025-12-17 11:29:46', 76, '2025-12-17 11:29:46', 76),
	(19, '251217000650', 'tidak cocok', 1, '2025-12-17 12:29:07', 76, '2025-12-17 12:29:07', 76),
	(20, '251217000646', 'Sala Pilih', 1, '2025-12-17 12:29:23', 76, '2025-12-17 12:29:23', 76),
	(21, '000329', 'Sala Pilih', 1, '2025-12-18 15:18:42', 76, '2025-12-18 15:18:42', 76),
	(22, '251217000653', 'Sala Pilih', 1, '2025-12-18 15:18:53', 76, '2025-12-18 15:18:53', 76),
	(23, '251217000652', 'Sala Pilih', 1, '2025-12-18 15:18:59', 76, '2025-12-18 15:18:59', 76),
	(24, '251222000660', 'Sala Pilih', 1, '2025-12-23 15:20:25', 76, '2025-12-23 15:20:25', 76),
	(25, '251222000659', 'tidak cocok', 1, '2025-12-23 15:20:30', 76, '2025-12-23 15:20:30', 76),
	(26, '260210000674', 'Kelebihan', 1, '2026-02-11 15:46:37', 76, '2026-02-11 15:46:37', 76),
	(27, '260210000676', 'Kelebihan', 1, '2026-02-11 15:46:43', 76, '2026-02-11 15:46:43', 76),
	(28, '260212000681', 'tidak cocok', 1, '2026-02-12 16:20:15', 76, '2026-02-12 16:20:15', 76);

-- Dumping structure for table pos_resto.cashback
CREATE TABLE IF NOT EXISTS `cashback` (
  `id` smallint(6) NOT NULL AUTO_INCREMENT,
  `name` varchar(250) NOT NULL,
  `description` text NOT NULL,
  `earningStartDate` date NOT NULL DEFAULT '2025-01-01',
  `earningEndDate` date NOT NULL DEFAULT '2025-01-01',
  `redeemStartDate` date NOT NULL DEFAULT '2025-01-01',
  `redeemEndDate` date NOT NULL DEFAULT '2025-01-01',
  `x1` tinyint(4) NOT NULL DEFAULT 0,
  `x2` tinyint(4) NOT NULL DEFAULT 0,
  `outletId` smallint(6) NOT NULL DEFAULT 0,
  `status` tinyint(4) NOT NULL DEFAULT 1,
  `presence` tinyint(4) NOT NULL DEFAULT 1,
  `inputDate` datetime NOT NULL DEFAULT '2025-01-01 00:00:00',
  `inputBy` varchar(50) NOT NULL DEFAULT '',
  `updateDate` datetime NOT NULL DEFAULT '2025-01-01 00:00:00',
  `updateBy` varchar(50) NOT NULL DEFAULT '',
  PRIMARY KEY (`id`) USING BTREE
) ENGINE=InnoDB AUTO_INCREMENT=10 DEFAULT CHARSET=utf16 COLLATE=utf16_bin;

-- Dumping data for table pos_resto.cashback: ~0 rows (approximately)
INSERT INTO `cashback` (`id`, `name`, `description`, `earningStartDate`, `earningEndDate`, `redeemStartDate`, `redeemEndDate`, `x1`, `x2`, `outletId`, `status`, `presence`, `inputDate`, `inputBy`, `updateDate`, `updateBy`) VALUES
	(1, 'Promo 1', 'Nikmati 2 potong ayam + 2 nasi + 2 soft drink Rp50.000* aja.\n- Khusus buat kamu yang naik kendaraan roda dua\n- Periode berlaku hingga 31 Desember 2025\n- Tidak berlaku di KFC Drive Thru Rest Area\n', '2025-01-01', '2027-12-01', '2025-01-01', '2027-12-01', 1, 1, 1001, 1, 1, '2025-11-05 18:35:36', '', '2025-11-26 15:33:24', ''),
	(9, 'Promo 21', 'Nikmati 2 potong ayam + 2 nasi + 2 soft drink Rp50.000* aja.\n- Khusus buat kamu yang naik kendaraan roda dua\n- Periode berlaku hingga 31 Desember 2025\n- Tidak berlaku di KFC Drive Thru Rest Area\n', '2025-01-01', '2027-12-01', '2025-01-01', '2027-12-01', 1, 1, 1001, 1, 0, '2026-02-23 15:14:55', '', '2026-02-23 15:15:36', '');

-- Dumping structure for table pos_resto.cashback_amount
CREATE TABLE IF NOT EXISTS `cashback_amount` (
  `id` int(11) NOT NULL AUTO_INCREMENT,
  `cashbackId` smallint(6) NOT NULL DEFAULT 0,
  `earnMin` int(11) NOT NULL DEFAULT 0,
  `earnMax` int(11) NOT NULL DEFAULT 0,
  `cashbackMin` int(11) NOT NULL DEFAULT 0,
  `cashbackMax` int(11) NOT NULL DEFAULT 0,
  `redeemMinAmount` int(11) NOT NULL DEFAULT 0,
  `status` tinyint(4) NOT NULL DEFAULT 1,
  `presence` tinyint(4) NOT NULL DEFAULT 1,
  `inputDate` datetime NOT NULL DEFAULT '2025-01-01 00:00:00',
  `inputBy` varchar(50) NOT NULL DEFAULT '',
  `updateDate` datetime NOT NULL DEFAULT '2025-01-01 00:00:00',
  `updateBy` varchar(50) NOT NULL DEFAULT '',
  PRIMARY KEY (`id`) USING BTREE
) ENGINE=InnoDB AUTO_INCREMENT=22 DEFAULT CHARSET=utf16 COLLATE=utf16_bin;

-- Dumping data for table pos_resto.cashback_amount: ~5 rows (approximately)
INSERT INTO `cashback_amount` (`id`, `cashbackId`, `earnMin`, `earnMax`, `cashbackMin`, `cashbackMax`, `redeemMinAmount`, `status`, `presence`, `inputDate`, `inputBy`, `updateDate`, `updateBy`) VALUES
	(16, 1, 0, 100000, 5000, 10000, 100000, 1, 1, '2025-11-07 11:58:22', '', '2025-11-26 15:21:29', ''),
	(17, 1, 0, 200000, 10000, 50000, 110000, 1, 1, '2025-11-07 11:58:23', '', '2025-11-26 15:21:29', ''),
	(18, 1, 0, 300000, 100000, 100000, 120000, 1, 1, '2025-11-07 11:58:24', '', '2025-11-26 15:21:29', ''),
	(19, 9, 0, 100000, 5000, 10000, 100000, 1, 0, '2026-02-23 15:14:55', '', '2026-02-23 15:15:36', ''),
	(20, 9, 0, 200000, 10000, 50000, 110000, 1, 0, '2026-02-23 15:14:55', '', '2026-02-23 15:15:36', ''),
	(21, 9, 0, 300000, 100000, 100000, 120000, 1, 0, '2026-02-23 15:14:55', '', '2026-02-23 15:15:36', '');

-- Dumping structure for table pos_resto.cashback_outlet
CREATE TABLE IF NOT EXISTS `cashback_outlet` (
  `id` int(11) NOT NULL AUTO_INCREMENT,
  `cashbackId` smallint(6) NOT NULL DEFAULT 0,
  `outletId` varchar(250) NOT NULL,
  `status` tinyint(4) NOT NULL DEFAULT 1,
  `presence` tinyint(4) NOT NULL DEFAULT 1,
  `inputDate` datetime NOT NULL DEFAULT '2025-01-01 00:00:00',
  `inputBy` varchar(50) NOT NULL DEFAULT '',
  `updateDate` datetime NOT NULL DEFAULT '2025-01-01 00:00:00',
  `updateBy` varchar(50) NOT NULL DEFAULT '',
  PRIMARY KEY (`id`) USING BTREE
) ENGINE=InnoDB AUTO_INCREMENT=4 DEFAULT CHARSET=utf16 COLLATE=utf16_bin;

-- Dumping data for table pos_resto.cashback_outlet: ~0 rows (approximately)

-- Dumping structure for table pos_resto.cashback_payment
CREATE TABLE IF NOT EXISTS `cashback_payment` (
  `id` int(11) NOT NULL AUTO_INCREMENT,
  `cashbackId` smallint(6) NOT NULL DEFAULT 0,
  `paymentId` tinyint(4) NOT NULL DEFAULT 0,
  `status` tinyint(4) NOT NULL DEFAULT 1,
  `presence` tinyint(4) NOT NULL DEFAULT 1,
  `inputDate` datetime NOT NULL DEFAULT '2025-01-01 00:00:00',
  `inputBy` varchar(50) NOT NULL DEFAULT '',
  `updateDate` datetime NOT NULL DEFAULT '2025-01-01 00:00:00',
  `updateBy` varchar(50) NOT NULL DEFAULT '',
  PRIMARY KEY (`id`) USING BTREE
) ENGINE=InnoDB AUTO_INCREMENT=52 DEFAULT CHARSET=utf16 COLLATE=utf16_bin;

-- Dumping data for table pos_resto.cashback_payment: ~8 rows (approximately)
INSERT INTO `cashback_payment` (`id`, `cashbackId`, `paymentId`, `status`, `presence`, `inputDate`, `inputBy`, `updateDate`, `updateBy`) VALUES
	(44, 1, 2, 1, 1, '2025-11-07 16:33:04', '', '2025-01-01 00:00:00', ''),
	(45, 1, 3, 1, 1, '2025-11-07 16:33:04', '', '2025-01-01 00:00:00', ''),
	(46, 1, 12, 1, 1, '2025-11-07 16:33:04', '', '2025-01-01 00:00:00', ''),
	(47, 1, 1, 1, 1, '2025-11-07 16:33:04', '', '2025-01-01 00:00:00', ''),
	(48, 9, 2, 1, 0, '2026-02-23 15:14:55', '', '2026-02-23 15:15:36', ''),
	(49, 9, 3, 1, 0, '2026-02-23 15:14:55', '', '2026-02-23 15:15:36', ''),
	(50, 9, 12, 1, 0, '2026-02-23 15:14:55', '', '2026-02-23 15:15:36', ''),
	(51, 9, 1, 1, 0, '2026-02-23 15:14:55', '', '2026-02-23 15:15:36', '');

-- Dumping structure for table pos_resto.check_cash_type
CREATE TABLE IF NOT EXISTS `check_cash_type` (
  `id` smallint(6) NOT NULL AUTO_INCREMENT,
  `name` varchar(20) DEFAULT NULL,
  `value` decimal(8,2) DEFAULT NULL,
  `presence` tinyint(2) NOT NULL DEFAULT 1,
  `inputDate` datetime NOT NULL DEFAULT '2025-01-01 00:00:00',
  `inputBy` smallint(6) NOT NULL DEFAULT 1,
  `updateDate` datetime NOT NULL DEFAULT '2025-01-01 00:00:00',
  `updateBy` smallint(6) NOT NULL DEFAULT 1,
  PRIMARY KEY (`id`) USING BTREE
) ENGINE=InnoDB AUTO_INCREMENT=17 DEFAULT CHARSET=utf8mb4 COLLATE=utf8mb4_general_ci ROW_FORMAT=DYNAMIC;

-- Dumping data for table pos_resto.check_cash_type: ~10 rows (approximately)
INSERT INTO `check_cash_type` (`id`, `name`, `value`, `presence`, `inputDate`, `inputBy`, `updateDate`, `updateBy`) VALUES
	(1, '100k', 100000.00, 1, '2025-01-01 00:00:00', 1, '2025-11-12 13:19:50', 1),
	(2, '50k', 50000.00, 1, '2025-01-01 00:00:00', 1, '2025-11-12 13:19:50', 1),
	(3, '20k', 20000.00, 1, '2025-01-01 00:00:00', 1, '2025-11-12 13:19:50', 1),
	(4, '10k', 10000.00, 1, '2025-01-01 00:00:00', 1, '2025-11-12 13:19:50', 1),
	(5, '5k', 5000.00, 1, '2025-01-01 00:00:00', 1, '2025-11-12 13:19:50', 1),
	(6, '1k', 1000.00, 1, '2025-01-01 00:00:00', 1, '2025-11-12 13:19:50', 1),
	(7, '500', 500.00, 1, '2025-01-01 00:00:00', 1, '2025-11-12 13:19:50', 1),
	(8, '200', 200.00, 1, '2025-01-01 00:00:00', 1, '2025-11-12 13:19:50', 1),
	(9, '100', 100.00, 1, '2025-01-01 00:00:00', 1, '2025-11-12 13:19:50', 1),
	(10, '50', 50.00, 1, '2025-01-01 00:00:00', 1, '2025-11-12 13:19:50', 1),
	(12, 'undefined', 123330.00, 0, '2025-08-06 17:29:10', 1, '2025-08-06 17:29:47', 1),
	(13, 'null', 0.00, 0, '2025-11-05 18:31:57', 1, '2025-11-12 13:19:55', 1),
	(14, 'null', 0.00, 0, '2025-11-05 18:32:37', 1, '2025-11-12 13:19:55', 1),
	(15, '100', 100.00, 0, '2026-02-23 14:26:30', 1, '2026-02-23 14:26:34', 1),
	(16, '50', 50.00, 0, '2026-02-23 14:26:30', 1, '2026-02-23 14:26:34', 1);

-- Dumping structure for table pos_resto.check_payment_group
CREATE TABLE IF NOT EXISTS `check_payment_group` (
  `id` tinyint(4) NOT NULL AUTO_INCREMENT,
  `name` varchar(200) DEFAULT NULL,
  `presence` tinyint(2) NOT NULL DEFAULT 1,
  `inputDate` datetime NOT NULL DEFAULT '2025-01-01 00:00:00',
  `inputBy` smallint(6) NOT NULL DEFAULT 1,
  `updateDate` datetime NOT NULL DEFAULT '2025-01-01 00:00:00',
  `updateBy` smallint(6) NOT NULL DEFAULT 1,
  PRIMARY KEY (`id`) USING BTREE
) ENGINE=InnoDB AUTO_INCREMENT=8 DEFAULT CHARSET=utf8mb4 COLLATE=utf8mb4_general_ci ROW_FORMAT=DYNAMIC;

-- Dumping data for table pos_resto.check_payment_group: ~7 rows (approximately)
INSERT INTO `check_payment_group` (`id`, `name`, `presence`, `inputDate`, `inputBy`, `updateDate`, `updateBy`) VALUES
	(1, 'Cash', 1, '2025-04-29 12:05:06', 1, '2025-04-29 12:05:44', 1),
	(2, 'Card', 1, '2025-04-29 12:06:45', 1, '2025-04-29 12:07:26', 1),
	(3, 'Voucher', 1, '2025-01-01 00:00:00', 1, '2025-01-01 00:00:00', 1),
	(4, 'Qris', 1, '2025-01-01 00:00:00', 1, '2025-01-01 00:00:00', 1),
	(5, 'Other', 1, '2025-01-01 00:00:00', 1, '2025-01-01 00:00:00', 1),
	(6, 'Qris', 0, '2026-02-23 14:15:17', 1, '2026-02-23 14:17:35', 1),
	(7, 'Other', 0, '2026-02-23 14:15:17', 1, '2026-02-23 14:17:35', 1);

-- Dumping structure for table pos_resto.check_payment_type
CREATE TABLE IF NOT EXISTS `check_payment_type` (
  `id` int(11) NOT NULL AUTO_INCREMENT,
  `setDefault` tinyint(4) NOT NULL DEFAULT 0,
  `paymentGroupId` smallint(6) NOT NULL DEFAULT 0,
  `name` varchar(200) DEFAULT NULL,
  `autoMatchAmount` tinyint(4) DEFAULT 1,
  `maxlimit` decimal(3,2) DEFAULT NULL,
  `openDrawer` tinyint(4) DEFAULT 0,
  `checkPaymentTypePopupId` smallint(6) NOT NULL DEFAULT 0,
  `checkPaymentTypePopupRequirement` tinyint(4) NOT NULL DEFAULT 0,
  `presence` tinyint(2) NOT NULL DEFAULT 1,
  `inputDate` datetime NOT NULL DEFAULT '2025-01-01 00:00:00',
  `inputBy` smallint(6) NOT NULL DEFAULT 1,
  `updateDate` datetime NOT NULL DEFAULT '2025-01-01 00:00:00',
  `updateBy` smallint(6) NOT NULL DEFAULT 1,
  PRIMARY KEY (`id`)
) ENGINE=InnoDB AUTO_INCREMENT=104 DEFAULT CHARSET=utf8mb4 COLLATE=utf8mb4_general_ci ROW_FORMAT=DYNAMIC;

-- Dumping data for table pos_resto.check_payment_type: ~100 rows (approximately)
INSERT INTO `check_payment_type` (`id`, `setDefault`, `paymentGroupId`, `name`, `autoMatchAmount`, `maxlimit`, `openDrawer`, `checkPaymentTypePopupId`, `checkPaymentTypePopupRequirement`, `presence`, `inputDate`, `inputBy`, `updateDate`, `updateBy`) VALUES
	(1, 1, 1, 'CASH', 1, 0.00, 1, 0, 0, 1, '2025-01-01 00:00:00', 1, '2026-02-19 17:28:10', 1),
	(2, 0, 2, 'BCA CREDIT ', 1, 0.00, 0, 1, 1, 1, '2025-01-01 00:00:00', 1, '2026-02-19 17:28:10', 1),
	(3, 0, 2, 'BCA DEBIT ', 1, 0.00, 0, 1, 0, 1, '2025-01-01 00:00:00', 1, '2026-02-19 17:28:10', 1),
	(4, 0, 3, 'ENTERTAIN ', 1, 0.00, 0, 0, 0, 1, '2025-01-01 00:00:00', 1, '2026-02-19 17:28:10', 1),
	(5, 0, 5, 'CITILEDGER ', 1, 0.00, 0, 0, 0, 1, '2025-01-01 00:00:00', 1, '2026-02-19 17:28:10', 1),
	(6, 0, 5, 'OFFICER CHECK ', 1, 0.00, 0, 0, 0, 1, '2025-01-01 00:00:00', 1, '2026-02-19 17:28:10', 1),
	(7, 0, 5, 'COMPLIMENT ', 1, 0.00, 0, 0, 0, 1, '2025-01-01 00:00:00', 1, '2026-02-19 17:28:10', 1),
	(8, 0, 4, 'OVO ', 1, 0.00, 0, 0, 0, 1, '2025-01-01 00:00:00', 1, '2026-02-19 17:28:10', 1),
	(9, 0, 3, 'VOUCHER EZ MGM ', 1, 0.00, 0, 0, 0, 1, '2025-01-01 00:00:00', 1, '2026-02-19 17:28:10', 1),
	(10, 0, 3, 'VOUCHER FAVE ', 1, 0.00, 0, 0, 0, 1, '2025-01-01 00:00:00', 1, '2026-02-19 17:28:10', 1),
	(11, 0, 3, 'VOUCHER EZ BIRTHDAY ', 1, 0.00, 0, 0, 0, 1, '2025-01-01 00:00:00', 1, '2026-02-19 17:28:10', 1),
	(12, 0, 2, 'BCA FLAZZ ', 1, 0.00, 0, 0, 0, 1, '2025-01-01 00:00:00', 1, '2026-02-19 17:28:10', 1),
	(13, 0, 2, 'BNI DEBIT ', 1, 0.00, 0, 0, 0, 1, '2025-01-01 00:00:00', 1, '2026-02-19 17:28:10', 1),
	(14, 0, 2, 'BNI CREDIT ', 1, 0.00, 0, 0, 0, 1, '2025-01-01 00:00:00', 1, '2026-02-19 17:28:10', 1),
	(15, 0, 2, 'CIMB CREDIT ', 1, 0.00, 0, 0, 0, 1, '2025-01-01 00:00:00', 1, '2026-02-19 17:28:10', 1),
	(16, 0, 2, 'CIMB DEBIT ', 1, 0.00, 0, 0, 0, 1, '2025-01-01 00:00:00', 1, '2026-02-19 17:28:10', 1),
	(17, 0, 2, 'MANDIRI DEBIT ON US ', 1, 0.00, 0, 0, 0, 1, '2025-01-01 00:00:00', 1, '2026-02-19 17:28:10', 1),
	(18, 0, 2, 'MANDIRI CREDIT ON/OF', 1, 0.00, 0, 0, 0, 1, '2025-01-01 00:00:00', 1, '2026-02-19 17:28:10', 1),
	(19, 0, 2, 'PERMATA CREDIT ', 1, 0.00, 0, 0, 0, 1, '2025-01-01 00:00:00', 1, '2026-02-19 17:28:10', 1),
	(20, 0, 2, 'PERMATA DEBIT ', 1, 0.00, 0, 0, 0, 1, '2025-01-01 00:00:00', 1, '2026-02-19 17:28:10', 1),
	(21, 0, 2, 'OTHERS DEBIT ', 1, 0.00, 0, 0, 0, 1, '2025-01-01 00:00:00', 1, '2026-02-19 17:28:10', 1),
	(22, 0, 2, 'OTHERS CREDIT ', 1, 0.00, 0, 0, 0, 1, '2025-01-01 00:00:00', 1, '2026-02-19 17:28:10', 1),
	(23, 0, 4, 'GOJEK CASH ', 1, 0.00, 1, 0, 0, 1, '2025-01-01 00:00:00', 1, '2026-02-19 17:28:10', 1),
	(24, 0, 4, 'GOJEK DEBIT ', 1, 0.00, 0, 0, 0, 1, '2025-01-01 00:00:00', 1, '2026-02-19 17:28:10', 1),
	(25, 0, 4, 'GOJEK CREDIT ', 1, 0.00, 0, 0, 0, 1, '2025-01-01 00:00:00', 1, '2026-02-19 17:28:10', 1),
	(26, 0, 4, 'GOJEK PAY ', 1, 0.00, 0, 0, 0, 1, '2025-01-01 00:00:00', 1, '2026-02-19 17:28:10', 1),
	(27, 0, 4, 'GO BIZ ', 1, 0.00, 0, 0, 0, 1, '2025-01-01 00:00:00', 1, '2026-02-19 17:28:10', 1),
	(28, 0, 3, 'VOUCHER GROUP ', 1, 0.00, 0, 0, 0, 1, '2025-01-01 00:00:00', 1, '2026-02-19 17:28:10', 1),
	(29, 0, 3, 'VOUCHER MAL ', 1, 0.00, 0, 0, 0, 1, '2025-01-01 00:00:00', 1, '2026-02-19 17:28:10', 1),
	(30, 0, 3, 'VOUCHER BNI ', 1, 0.00, 0, 0, 0, 1, '2025-01-01 00:00:00', 1, '2026-02-19 17:28:10', 1),
	(31, 0, 3, 'VOUCHER HSBC ', 1, 0.00, 0, 0, 0, 1, '2025-01-01 00:00:00', 1, '2026-02-19 17:28:10', 1),
	(32, 0, 3, 'VOUCHER EZ STARTERPA', 1, 0.00, 0, 0, 0, 1, '2025-01-01 00:00:00', 1, '2026-02-19 17:28:10', 1),
	(33, 0, 3, 'VOUCHER EZ TOP UP ', 1, 0.00, 0, 0, 0, 1, '2025-01-01 00:00:00', 1, '2026-02-19 17:28:10', 1),
	(34, 0, 3, 'VOUCHER EZ CASH BACK', 1, 0.00, 0, 0, 0, 1, '2025-01-01 00:00:00', 1, '2026-02-19 17:28:10', 1),
	(35, 0, 3, 'VOUCHER GRAB ', 1, 0.00, 0, 0, 0, 1, '2025-01-01 00:00:00', 1, '2026-02-19 17:28:10', 1),
	(36, 0, 3, 'VOUCHER MFG ', 1, 0.00, 0, 0, 0, 1, '2025-01-01 00:00:00', 1, '2026-02-19 17:28:10', 1),
	(37, 0, 3, 'VOUCHER TADA STARTER', 1, 0.00, 0, 0, 0, 1, '2025-01-01 00:00:00', 1, '2026-02-19 17:28:10', 1),
	(38, 0, 3, 'VOUCHER TADA TOP UP ', 1, 0.00, 0, 0, 0, 1, '2025-01-01 00:00:00', 1, '2026-02-19 17:28:10', 1),
	(39, 0, 3, 'VOUCHER TADACASHBACK', 1, 0.00, 0, 0, 0, 1, '2025-01-01 00:00:00', 1, '2026-02-19 17:28:10', 1),
	(40, 0, 3, 'VOUCHER TADA MGM ', 1, 0.00, 0, 0, 0, 1, '2025-01-01 00:00:00', 1, '2026-02-19 17:28:10', 1),
	(41, 0, 3, 'VOUCHER TADABIRTHDA ', 1, 0.00, 0, 0, 0, 1, '2025-01-01 00:00:00', 1, '2026-02-19 17:28:10', 1),
	(42, 0, 3, 'COMPLIMENT EZ ', 1, 0.00, 0, 0, 0, 1, '2025-01-01 00:00:00', 1, '2026-02-19 17:28:10', 1),
	(43, 0, 3, 'COMPLIMENT TADA ', 1, 0.00, 0, 0, 0, 1, '2025-01-01 00:00:00', 1, '2026-02-19 17:28:10', 1),
	(44, 0, 3, 'COMPLIMENT MAL ', 1, 0.00, 0, 0, 0, 1, '2025-01-01 00:00:00', 1, '2026-02-19 17:28:10', 1),
	(45, 0, 3, 'COMPLIMENT PROMO ', 1, 0.00, 0, 0, 0, 1, '2025-01-01 00:00:00', 1, '2026-02-19 17:28:10', 1),
	(46, 0, 2, 'MEGA DEBIT ON US ', 1, 0.00, 0, 0, 0, 1, '2025-01-01 00:00:00', 1, '2026-02-19 17:28:10', 1),
	(47, 0, 2, 'MEGA CREDIT ON US ', 1, 0.00, 0, 0, 0, 1, '2025-01-01 00:00:00', 1, '2026-02-19 17:28:10', 1),
	(48, 0, 3, 'VOUCHER GOJEK ', 1, 0.00, 0, 0, 0, 1, '2025-01-01 00:00:00', 1, '2026-02-19 17:28:10', 1),
	(49, 0, 3, 'VOUCHER EZ EXTRA ', 1, 0.00, 0, 0, 0, 1, '2025-01-01 00:00:00', 1, '2026-02-19 17:28:10', 1),
	(50, 0, 3, 'VOUCHER EATIGO ', 1, 0.00, 0, 0, 0, 1, '2025-01-01 00:00:00', 1, '2026-02-19 17:28:10', 1),
	(51, 0, 3, 'VOUCHER GIFTN ', 1, 0.00, 0, 0, 0, 1, '2025-01-01 00:00:00', 1, '2026-02-19 17:28:10', 1),
	(52, 0, 3, 'VOUCHER JD.ID ', 1, 0.00, 0, 0, 0, 1, '2025-01-01 00:00:00', 1, '2026-02-19 17:28:10', 1),
	(53, 0, 3, 'VOUCHER TRAVELOKA ', 1, 0.00, 0, 0, 0, 1, '2025-01-01 00:00:00', 1, '2026-02-19 17:28:10', 1),
	(54, 0, 4, 'GRAB CASH ', 1, 0.00, 1, 0, 0, 1, '2025-01-01 00:00:00', 1, '2026-02-19 17:28:10', 1),
	(55, 0, 4, 'GRAB DEBIT ', 1, 0.00, 0, 0, 0, 1, '2025-01-01 00:00:00', 1, '2026-02-19 17:28:10', 1),
	(56, 0, 4, 'GRAB CREDIT ', 1, 0.00, 0, 0, 0, 1, '2025-01-01 00:00:00', 1, '2026-02-19 17:28:10', 1),
	(57, 0, 4, 'GRAB PAY ', 1, 0.00, 0, 0, 0, 1, '2025-01-01 00:00:00', 1, '2026-02-19 17:28:10', 1),
	(58, 0, 4, 'GRAB RESTO ', 1, 0.00, 0, 0, 0, 1, '2025-01-01 00:00:00', 1, '2026-02-19 17:28:10', 1),
	(59, 0, 3, 'KVOUCHER ', 1, 0.00, 0, 0, 0, 1, '2025-01-01 00:00:00', 1, '2026-02-19 17:28:10', 1),
	(60, 0, 3, 'COUPON FAVE ', 1, 0.00, 0, 0, 0, 1, '2025-01-01 00:00:00', 1, '2026-02-19 17:28:10', 1),
	(61, 0, 3, 'COUPON GRAB ', 1, 0.00, 0, 0, 0, 1, '2025-01-01 00:00:00', 1, '2026-02-19 17:28:10', 1),
	(62, 0, 3, 'COUPON GOJEK ', 1, 0.00, 0, 0, 0, 1, '2025-01-01 00:00:00', 1, '2026-02-19 17:28:10', 1),
	(63, 0, 3, 'COUPON GIFTN ', 1, 0.00, 0, 0, 0, 1, '2025-01-01 00:00:00', 1, '2026-02-19 17:28:10', 1),
	(64, 0, 3, 'COUPON JD ID ', 1, 0.00, 0, 0, 0, 1, '2025-01-01 00:00:00', 1, '2026-02-19 17:28:10', 1),
	(65, 0, 3, 'COUPON TRAVELOKA ', 1, 0.00, 0, 0, 0, 1, '2025-01-01 00:00:00', 1, '2026-02-19 17:28:10', 1),
	(66, 0, 3, 'COUPON BLIBLI ', 1, 0.00, 0, 0, 0, 1, '2025-01-01 00:00:00', 1, '2026-02-19 17:28:10', 1),
	(67, 0, 3, 'COUPON LOCARD ', 1, 0.00, 0, 0, 0, 1, '2025-01-01 00:00:00', 1, '2026-02-19 17:28:10', 1),
	(68, 0, 3, 'COUPON DANA ', 1, 0.00, 0, 0, 0, 1, '2025-01-01 00:00:00', 1, '2026-02-19 17:28:10', 1),
	(69, 0, 3, 'VOUCHER BLIBLI ', 1, 0.00, 0, 0, 0, 1, '2025-01-01 00:00:00', 1, '2026-02-19 17:28:10', 1),
	(70, 0, 3, 'VOUCHER LOCARD ', 1, 0.00, 0, 0, 0, 1, '2025-01-01 00:00:00', 1, '2026-02-19 17:28:10', 1),
	(71, 0, 3, 'VOUCHER DANA ', 1, 0.00, 0, 0, 0, 1, '2025-01-01 00:00:00', 1, '2026-02-19 17:28:10', 1),
	(72, 0, 4, 'DANA DEBIT ', 1, 0.00, 0, 0, 0, 1, '2025-01-01 00:00:00', 1, '2026-02-19 17:28:10', 1),
	(73, 0, 4, 'DANA CREDIT ', 1, 0.00, 0, 0, 0, 1, '2025-01-01 00:00:00', 1, '2026-02-19 17:28:10', 1),
	(74, 0, 3, 'COUPON EZEELINK ', 1, 0.00, 0, 0, 0, 1, '2025-01-01 00:00:00', 1, '2026-02-19 17:28:10', 1),
	(75, 0, 4, 'DANA BALANCE ', 1, 0.00, 0, 0, 0, 1, '2025-01-01 00:00:00', 1, '2026-02-19 17:28:10', 1),
	(76, 0, 3, 'VOUCHER SODEXO ', 1, 0.00, 0, 0, 0, 1, '2025-01-01 00:00:00', 1, '2026-02-19 17:28:10', 1),
	(77, 0, 3, 'COUPON SHOPEE ', 1, 0.00, 0, 0, 0, 1, '2025-01-01 00:00:00', 1, '2026-02-19 17:28:10', 1),
	(78, 0, 3, 'COUPON LINK AJA ', 1, 0.00, 0, 0, 0, 1, '2025-01-01 00:00:00', 1, '2026-02-19 17:28:10', 1),
	(79, 0, 3, 'VOUCHER SHOPEE ', 1, 0.00, 0, 0, 0, 1, '2025-01-01 00:00:00', 1, '2026-02-19 17:28:10', 1),
	(80, 0, 3, 'VOUCHER LINK AJA ', 1, 0.00, 0, 0, 0, 1, '2025-01-01 00:00:00', 1, '2026-02-19 17:28:10', 1),
	(81, 0, 4, 'LINK AJA PAY ', 1, 0.00, 0, 0, 0, 1, '2025-01-01 00:00:00', 1, '2026-02-19 17:28:10', 1),
	(82, 0, 4, 'SHOPEE PAY ', 1, 0.00, 0, 0, 0, 1, '2025-01-01 00:00:00', 1, '2026-02-19 17:28:10', 1),
	(83, 0, 3, 'E-VOUCHER SODEXO ', 1, 0.00, 0, 0, 0, 1, '2025-01-01 00:00:00', 1, '2026-02-19 17:28:10', 1),
	(84, 0, 3, 'VOUCHER MAGIC PIN ', 1, 0.00, 0, 0, 0, 1, '2025-01-01 00:00:00', 1, '2026-02-19 17:28:10', 1),
	(85, 0, 3, 'COUPON MAGIC PIN ', 1, 0.00, 0, 0, 0, 1, '2025-01-01 00:00:00', 1, '2026-02-19 17:28:10', 1),
	(86, 0, 3, 'BALANCE I.CLUB ', 1, 0.00, 1, 0, 0, 1, '2025-01-01 00:00:00', 1, '2026-02-19 17:28:10', 1),
	(87, 0, 3, 'VOUCHER I.CLUB ', 1, 0.00, 0, 0, 0, 1, '2025-01-01 00:00:00', 1, '2026-02-19 17:28:10', 1),
	(88, 0, 3, 'VOUCHER I.CLUB START', 1, 0.00, 0, 0, 0, 1, '2025-01-01 00:00:00', 1, '2026-02-19 17:28:10', 1),
	(89, 0, 3, 'VOUCHER I.CLUB B.DAY', 1, 0.00, 0, 0, 0, 1, '2025-01-01 00:00:00', 1, '2026-02-19 17:28:10', 1),
	(90, 0, 3, 'COUPON I.CLUB ', 1, 0.00, 0, 0, 0, 1, '2025-01-01 00:00:00', 1, '2026-02-19 17:28:10', 1),
	(91, 0, 3, 'COUPON I.CLUB WELPAC', 1, 0.00, 0, 0, 0, 1, '2025-01-01 00:00:00', 1, '2026-02-19 17:28:10', 1),
	(92, 0, 5, 'FAVE PAY ', 1, 0.00, 0, 0, 0, 1, '2025-01-01 00:00:00', 1, '2026-02-19 17:28:10', 1),
	(93, 0, 3, 'FAVE E-CARD ', 1, 0.00, 0, 0, 0, 1, '2025-01-01 00:00:00', 1, '2026-02-19 17:28:10', 1),
	(94, 0, 3, 'VOUCHER TADA ', 1, 0.00, 0, 0, 0, 1, '2025-01-01 00:00:00', 1, '2026-02-19 17:28:10', 1),
	(95, 0, 3, 'DELIVERY I.CLUB ', 1, 0.00, 0, 0, 0, 1, '2025-01-01 00:00:00', 1, '2026-02-19 17:28:10', 1),
	(96, 0, 3, 'MP TOKPED ', 1, 0.00, 0, 0, 0, 0, '2025-01-01 00:00:00', 1, '2025-04-28 18:46:10', 1),
	(97, 0, 3, 'MP SHOPEE ', 1, 0.00, 0, 0, 0, 0, '2025-01-01 00:00:00', 1, '2025-04-28 18:46:10', 1),
	(98, 0, 3, 'MP BLI BLI ', 1, 0.00, 0, 0, 0, 0, '2025-01-01 00:00:00', 1, '2025-04-28 18:46:10', 1),
	(99, 0, 3, 'MP JD.ID ', 1, 0.00, 0, 0, 0, 0, '2025-01-01 00:00:00', 1, '2025-04-28 18:46:10', 1),
	(100, 0, 5, 'COUPON TIKET.COM ', 1, 0.00, 0, 0, 0, 0, '2025-01-01 00:00:00', 1, '2025-04-28 18:46:10', 1),
	(102, 0, 3, 'VOUCHER TADA ', 1, 0.00, 0, 0, 0, 0, '2026-02-23 14:22:45', 1, '2026-02-23 14:22:50', 1),
	(103, 0, 3, 'DELIVERY I.CLUB ', 1, 0.00, 0, 0, 0, 0, '2026-02-23 14:22:45', 1, '2026-02-23 14:22:50', 1);

-- Dumping structure for table pos_resto.check_payment_type_popup
CREATE TABLE IF NOT EXISTS `check_payment_type_popup` (
  `id` int(11) NOT NULL AUTO_INCREMENT,
  `name` varchar(240) NOT NULL DEFAULT '',
  `presence` tinyint(4) NOT NULL DEFAULT 1,
  PRIMARY KEY (`id`)
) ENGINE=InnoDB AUTO_INCREMENT=2 DEFAULT CHARSET=utf16 COLLATE=utf16_bin;

-- Dumping data for table pos_resto.check_payment_type_popup: ~0 rows (approximately)
INSERT INTO `check_payment_type_popup` (`id`, `name`, `presence`) VALUES
	(1, 'CREDIT CARD', 1);

-- Dumping structure for table pos_resto.daily_cash_balance
CREATE TABLE IF NOT EXISTS `daily_cash_balance` (
  `id` int(11) NOT NULL AUTO_INCREMENT,
  `cartId` varchar(50) CHARACTER SET utf8mb4 COLLATE utf8mb4_general_ci NOT NULL DEFAULT '',
  `dailyCheckId` varchar(50) CHARACTER SET utf8mb4 COLLATE utf8mb4_general_ci NOT NULL DEFAULT '',
  `openingBalance` tinyint(4) NOT NULL DEFAULT 0,
  `cashIn` int(11) NOT NULL DEFAULT 0,
  `cashOut` int(11) NOT NULL DEFAULT 0,
  `presence` tinyint(2) NOT NULL DEFAULT 1,
  `inputDate` datetime NOT NULL DEFAULT '2025-01-01 00:00:00',
  `inputBy` smallint(6) NOT NULL DEFAULT 1,
  `updateDate` datetime NOT NULL DEFAULT '2025-01-01 00:00:00',
  `updateBy` smallint(6) NOT NULL DEFAULT 1,
  PRIMARY KEY (`id`)
) ENGINE=InnoDB AUTO_INCREMENT=578 DEFAULT CHARSET=utf16 COLLATE=utf16_bin;

-- Dumping data for table pos_resto.daily_cash_balance: ~511 rows (approximately)
INSERT INTO `daily_cash_balance` (`id`, `cartId`, `dailyCheckId`, `openingBalance`, `cashIn`, `cashOut`, `presence`, `inputDate`, `inputBy`, `updateDate`, `updateBy`) VALUES
	(1, '', '000010', 1, 1000000, 0, 1, '2025-01-01 00:00:00', 1, '2025-01-01 00:00:00', 1),
	(2, '', '000010', 0, 10000, 0, 1, '2025-06-04 14:20:27', 1, '2025-06-04 14:20:27', 1),
	(3, '', '000010', 0, 0, 0, 1, '2025-06-04 14:23:07', 1, '2025-06-04 14:23:07', 1),
	(4, '', '000010', 0, 160000, 0, 1, '2025-06-04 14:38:19', 1, '2025-06-04 14:38:19', 1),
	(5, '', '000010', 0, 345000, 0, 1, '2025-06-04 14:44:29', 1, '2025-06-04 14:44:29', 1),
	(6, '', '000010', 0, 345000, 0, 1, '2025-06-04 14:44:35', 1, '2025-06-04 14:44:35', 1),
	(7, '', '000010', 0, 270000, 0, 1, '2025-06-04 14:45:03', 1, '2025-06-04 14:45:03', 1),
	(8, '', '000010', 0, 50000, 0, 1, '2025-06-04 14:54:04', 1, '2025-06-04 14:54:04', 1),
	(9, '', '000010', 0, 50, 0, 1, '2025-06-04 14:54:11', 1, '2025-06-04 14:54:11', 1),
	(10, '', '000011', 1, 150000, 0, 1, '2025-06-04 15:08:07', 1, '2025-06-04 15:08:07', 1),
	(11, '250604000058', '000011', 0, 0, 13588, 1, '2025-06-04 18:23:55', 1, '2025-06-04 18:23:55', 1),
	(12, '250604000059', '000011', 0, 0, 0, 1, '2025-06-04 18:26:41', 1, '2025-06-04 18:26:41', 1),
	(13, '250604000063', '000011', 0, 0, 36412, 1, '2025-06-04 18:27:58', 1, '2025-06-04 18:27:58', 1),
	(14, '250604000067', '000011', 0, 200000, 0, 1, '2025-06-04 18:47:04', 1, '2025-06-04 18:47:04', 1),
	(15, '250604000067', '000011', 0, 0, 146412, 1, '2025-06-04 18:47:04', 1, '2025-06-04 18:47:04', 1),
	(16, '', '000011', 0, 50000, 0, 1, '2025-06-04 18:48:30', 1, '2025-06-04 18:48:30', 1),
	(17, '', '000013', 1, 100000, 0, 1, '2025-06-09 18:40:53', 1, '2025-06-09 18:40:53', 1),
	(18, '250611000074', '000015', 0, 100000, 0, 1, '2025-06-12 13:06:01', 1, '2025-06-12 13:06:01', 1),
	(19, '250611000074', '000015', 0, 0, 91368, 1, '2025-06-12 13:06:01', 1, '2025-06-12 13:06:01', 1),
	(20, '250611000074', 'undefined', 0, 100000, 0, 1, '2025-06-12 13:06:06', 1, '2025-06-12 13:06:06', 1),
	(21, '250611000074', 'undefined', 0, 0, 91368, 1, '2025-06-12 13:06:06', 1, '2025-06-12 13:06:06', 1),
	(22, '250611000074', 'undefined', 0, 100000, 0, 1, '2025-06-12 13:06:16', 1, '2025-06-12 13:06:16', 1),
	(23, '250611000074', 'undefined', 0, 0, 91368, 1, '2025-06-12 13:06:16', 1, '2025-06-12 13:06:16', 1),
	(24, '250613000085', '000015', 0, 113588, 0, 1, '2025-06-13 13:27:54', 1, '2025-06-13 13:27:54', 1),
	(25, '250613000085', '000015', 0, 0, 0, 1, '2025-06-13 13:27:54', 1, '2025-06-13 13:27:54', 1),
	(26, '250613000085', 'undefined', 0, 113588, 0, 1, '2025-06-13 14:40:38', 1, '2025-06-13 14:40:38', 1),
	(27, '250613000085', 'undefined', 0, 0, 0, 1, '2025-06-13 14:40:38', 1, '2025-06-13 14:40:38', 1),
	(28, '250613000085', 'undefined', 0, 113588, 0, 1, '2025-06-13 14:40:48', 1, '2025-06-13 14:40:48', 1),
	(29, '250613000085', 'undefined', 0, 0, 0, 1, '2025-06-13 14:40:48', 1, '2025-06-13 14:40:48', 1),
	(30, '250613000085', 'undefined', 0, 113588, 0, 1, '2025-06-13 14:45:08', 1, '2025-06-13 14:45:08', 1),
	(31, '250613000085', 'undefined', 0, 0, 0, 1, '2025-06-13 14:45:08', 1, '2025-06-13 14:45:08', 1),
	(32, '250613000085', 'undefined', 0, 113588, 0, 1, '2025-06-13 14:45:14', 1, '2025-06-13 14:45:14', 1),
	(33, '250613000085', 'undefined', 0, 0, 0, 1, '2025-06-13 14:45:14', 1, '2025-06-13 14:45:14', 1),
	(34, '250613000090', '000015', 0, 120000, 0, 1, '2025-06-13 15:05:38', 1, '2025-06-13 15:05:38', 1),
	(35, '250613000090', '000015', 0, 0, 110000, 1, '2025-06-13 15:05:38', 1, '2025-06-13 15:05:38', 1),
	(36, '250613000093', '000015', 0, 136532, 0, 1, '2025-06-13 15:15:14', 1, '2025-06-13 15:15:14', 1),
	(37, '250613000093', '000015', 0, 0, 0, 1, '2025-06-13 15:15:14', 1, '2025-06-13 15:15:14', 1),
	(38, '250613000093', 'undefined', 0, 136532, 0, 1, '2025-06-13 16:09:17', 1, '2025-06-13 16:09:17', 1),
	(39, '250613000093', 'undefined', 0, 0, 0, 1, '2025-06-13 16:09:17', 1, '2025-06-13 16:09:17', 1),
	(40, '250613000093', 'undefined', 0, 136532, 0, 1, '2025-06-13 16:37:13', 1, '2025-06-13 16:37:13', 1),
	(41, '250613000093', 'undefined', 0, 0, 0, 1, '2025-06-13 16:37:13', 1, '2025-06-13 16:37:13', 1),
	(42, '250613000093', 'undefined', 0, 136532, 0, 1, '2025-06-13 16:39:12', 1, '2025-06-13 16:39:12', 1),
	(43, '250613000093', 'undefined', 0, 0, 0, 1, '2025-06-13 16:39:12', 1, '2025-06-13 16:39:12', 1),
	(44, '250616000098', '000015', 0, 255810, 0, 1, '2025-06-16 15:49:01', 1, '2025-06-16 15:49:01', 1),
	(45, '250616000098', '000015', 0, 0, 117858, 1, '2025-06-16 15:49:01', 1, '2025-06-16 15:49:01', 1),
	(46, '250616000098', 'undefined', 0, 255810, 0, 1, '2025-06-16 15:49:52', 1, '2025-06-16 15:49:52', 1),
	(47, '250616000098', 'undefined', 0, 0, 117858, 1, '2025-06-16 15:49:52', 1, '2025-06-16 15:49:52', 1),
	(48, '', '000015', 0, 50000, 0, 1, '2025-06-18 15:49:25', 1, '2025-06-18 15:49:25', 1),
	(49, '', '000015', 0, 50000, 0, 1, '2025-06-18 15:49:31', 1, '2025-06-18 15:49:31', 1),
	(50, '', '000015', 0, 255000, 0, 1, '2025-06-18 15:56:07', 1, '2025-06-18 15:56:07', 1),
	(51, '', '000017', 1, 300000, 0, 1, '2025-06-24 15:35:38', 1, '2025-06-24 15:35:38', 1),
	(52, '250625000116', '000017', 0, 50000, 0, 1, '2025-06-25 11:11:39', 1, '2025-06-25 11:11:39', 1),
	(53, '250625000116', '000017', 0, 0, 40446, 1, '2025-06-25 11:11:39', 1, '2025-06-25 11:11:39', 1),
	(54, '250708000196', '000017', 0, 100000, 0, 1, '2025-07-08 16:04:07', 1, '2025-07-08 16:04:07', 1),
	(55, '250708000196', '000017', 0, 0, 30040, 1, '2025-07-08 16:04:07', 1, '2025-07-08 16:04:07', 1),
	(56, '', '000020', 1, 150000, 0, 1, '2025-07-09 14:24:55', 1, '2025-07-09 14:24:55', 1),
	(57, '', '000020', 0, 260400, 0, 1, '2025-07-09 14:25:47', 1, '2025-07-09 14:25:47', 1),
	(58, '', '000042', 1, 500000, 0, 1, '2025-08-25 17:34:13', 1, '2025-08-25 17:34:13', 1),
	(59, '', '000042', 0, 55200, 0, 1, '2025-08-25 17:50:20', 1, '2025-08-25 17:50:20', 1),
	(60, '250826000337', '000043', 0, 340, 0, 1, '2025-08-26 17:24:03', 1, '2025-08-26 17:24:03', 1),
	(61, '250826000337', '000043', 0, 230, 0, 1, '2025-08-26 17:24:03', 1, '2025-08-26 17:24:03', 1),
	(62, '250826000337', '000043', 0, 210, 0, 1, '2025-08-26 17:24:03', 1, '2025-08-26 17:24:03', 1),
	(63, '250826000337', '000043', 0, 230, 0, 1, '2025-08-26 17:24:03', 1, '2025-08-26 17:24:03', 1),
	(64, '250826000337', '000043', 0, 320, 0, 1, '2025-08-26 17:24:03', 1, '2025-08-26 17:24:03', 1),
	(65, '250826000337', '000043', 0, 0, 0, 1, '2025-08-26 17:24:03', 1, '2025-08-26 17:24:03', 1),
	(66, '250826000337', '000043', 0, 340, 0, 1, '2025-08-26 17:24:19', 1, '2025-08-26 17:24:19', 1),
	(67, '250826000337', '000043', 0, 230, 0, 1, '2025-08-26 17:24:19', 1, '2025-08-26 17:24:19', 1),
	(68, '250826000337', '000043', 0, 210, 0, 1, '2025-08-26 17:24:19', 1, '2025-08-26 17:24:19', 1),
	(69, '250826000337', '000043', 0, 230, 0, 1, '2025-08-26 17:24:19', 1, '2025-08-26 17:24:19', 1),
	(70, '250826000337', '000043', 0, 320, 0, 1, '2025-08-26 17:24:19', 1, '2025-08-26 17:24:19', 1),
	(71, '250826000337', '000043', 0, 0, 0, 1, '2025-08-26 17:24:19', 1, '2025-08-26 17:24:19', 1),
	(72, '250826000337', '000043', 0, 340, 0, 1, '2025-08-26 17:24:26', 1, '2025-08-26 17:24:26', 1),
	(73, '250826000337', '000043', 0, 230, 0, 1, '2025-08-26 17:24:26', 1, '2025-08-26 17:24:26', 1),
	(74, '250826000337', '000043', 0, 210, 0, 1, '2025-08-26 17:24:26', 1, '2025-08-26 17:24:26', 1),
	(75, '250826000337', '000043', 0, 230, 0, 1, '2025-08-26 17:24:26', 1, '2025-08-26 17:24:26', 1),
	(76, '250826000337', '000043', 0, 320, 0, 1, '2025-08-26 17:24:26', 1, '2025-08-26 17:24:26', 1),
	(77, '250826000337', '000043', 0, 0, 0, 1, '2025-08-26 17:24:26', 1, '2025-08-26 17:24:26', 1),
	(78, '250826000337', '000043', 0, 340, 0, 1, '2025-08-26 17:25:07', 1, '2025-08-26 17:25:07', 1),
	(79, '250826000337', '000043', 0, 230, 0, 1, '2025-08-26 17:25:07', 1, '2025-08-26 17:25:07', 1),
	(80, '250826000337', '000043', 0, 210, 0, 1, '2025-08-26 17:25:07', 1, '2025-08-26 17:25:07', 1),
	(81, '250826000337', '000043', 0, 230, 0, 1, '2025-08-26 17:25:07', 1, '2025-08-26 17:25:07', 1),
	(82, '250826000337', '000043', 0, 320, 0, 1, '2025-08-26 17:25:07', 1, '2025-08-26 17:25:07', 1),
	(83, '250826000337', '000043', 0, 0, 0, 1, '2025-08-26 17:25:07', 1, '2025-08-26 17:25:07', 1),
	(84, '250826000337', '000043', 0, 340, 0, 1, '2025-08-26 17:25:20', 1, '2025-08-26 17:25:20', 1),
	(85, '250826000337', '000043', 0, 230, 0, 1, '2025-08-26 17:25:20', 1, '2025-08-26 17:25:20', 1),
	(86, '250826000337', '000043', 0, 210, 0, 1, '2025-08-26 17:25:20', 1, '2025-08-26 17:25:20', 1),
	(87, '250826000337', '000043', 0, 230, 0, 1, '2025-08-26 17:25:20', 1, '2025-08-26 17:25:20', 1),
	(88, '250826000337', '000043', 0, 320, 0, 1, '2025-08-26 17:25:20', 1, '2025-08-26 17:25:20', 1),
	(89, '250826000337', '000043', 0, 0, 0, 1, '2025-08-26 17:25:20', 1, '2025-08-26 17:25:20', 1),
	(90, '250826000337', '000043', 0, 340, 0, 1, '2025-08-26 17:25:42', 1, '2025-08-26 17:25:42', 1),
	(91, '250826000337', '000043', 0, 230, 0, 1, '2025-08-26 17:25:42', 1, '2025-08-26 17:25:42', 1),
	(92, '250826000337', '000043', 0, 210, 0, 1, '2025-08-26 17:25:42', 1, '2025-08-26 17:25:42', 1),
	(93, '250826000337', '000043', 0, 230, 0, 1, '2025-08-26 17:25:42', 1, '2025-08-26 17:25:42', 1),
	(94, '250826000337', '000043', 0, 320, 0, 1, '2025-08-26 17:25:42', 1, '2025-08-26 17:25:42', 1),
	(95, '250826000337', '000043', 0, 0, 0, 1, '2025-08-26 17:25:42', 1, '2025-08-26 17:25:42', 1),
	(96, '250826000337', '000043', 0, 340, 0, 1, '2025-08-26 17:25:54', 1, '2025-08-26 17:25:54', 1),
	(97, '250826000337', '000043', 0, 230, 0, 1, '2025-08-26 17:25:54', 1, '2025-08-26 17:25:54', 1),
	(98, '250826000337', '000043', 0, 210, 0, 1, '2025-08-26 17:25:54', 1, '2025-08-26 17:25:54', 1),
	(99, '250826000337', '000043', 0, 230, 0, 1, '2025-08-26 17:25:54', 1, '2025-08-26 17:25:54', 1),
	(100, '250826000337', '000043', 0, 320, 0, 1, '2025-08-26 17:25:54', 1, '2025-08-26 17:25:54', 1),
	(101, '250826000337', '000043', 0, 0, 0, 1, '2025-08-26 17:25:54', 1, '2025-08-26 17:25:54', 1),
	(102, '250826000337', '000043', 0, 340, 0, 1, '2025-08-26 17:26:29', 1, '2025-08-26 17:26:29', 1),
	(103, '250826000337', '000043', 0, 230, 0, 1, '2025-08-26 17:26:29', 1, '2025-08-26 17:26:29', 1),
	(104, '250826000337', '000043', 0, 210, 0, 1, '2025-08-26 17:26:29', 1, '2025-08-26 17:26:29', 1),
	(105, '250826000337', '000043', 0, 230, 0, 1, '2025-08-26 17:26:29', 1, '2025-08-26 17:26:29', 1),
	(106, '250826000337', '000043', 0, 320, 0, 1, '2025-08-26 17:26:29', 1, '2025-08-26 17:26:29', 1),
	(107, '250826000337', '000043', 0, 0, 0, 1, '2025-08-26 17:26:29', 1, '2025-08-26 17:26:29', 1),
	(108, '250826000337', '000043', 0, 340, 0, 1, '2025-08-26 17:26:51', 1, '2025-08-26 17:26:51', 1),
	(109, '250826000337', '000043', 0, 230, 0, 1, '2025-08-26 17:26:51', 1, '2025-08-26 17:26:51', 1),
	(110, '250826000337', '000043', 0, 210, 0, 1, '2025-08-26 17:26:51', 1, '2025-08-26 17:26:51', 1),
	(111, '250826000337', '000043', 0, 230, 0, 1, '2025-08-26 17:26:51', 1, '2025-08-26 17:26:51', 1),
	(112, '250826000337', '000043', 0, 320, 0, 1, '2025-08-26 17:26:51', 1, '2025-08-26 17:26:51', 1),
	(113, '250826000337', '000043', 0, 0, 0, 1, '2025-08-26 17:26:51', 1, '2025-08-26 17:26:51', 1),
	(114, '250826000337', '000043', 0, 340, 0, 1, '2025-08-26 17:26:58', 1, '2025-08-26 17:26:58', 1),
	(115, '250826000337', '000043', 0, 230, 0, 1, '2025-08-26 17:26:58', 1, '2025-08-26 17:26:58', 1),
	(116, '250826000337', '000043', 0, 210, 0, 1, '2025-08-26 17:26:58', 1, '2025-08-26 17:26:58', 1),
	(117, '250826000337', '000043', 0, 230, 0, 1, '2025-08-26 17:26:58', 1, '2025-08-26 17:26:58', 1),
	(118, '250826000337', '000043', 0, 320, 0, 1, '2025-08-26 17:26:58', 1, '2025-08-26 17:26:58', 1),
	(119, '250826000337', '000043', 0, 0, 0, 1, '2025-08-26 17:26:58', 1, '2025-08-26 17:26:58', 1),
	(120, '250826000337', '000043', 0, 340, 0, 1, '2025-08-26 17:27:41', 1, '2025-08-26 17:27:41', 1),
	(121, '250826000337', '000043', 0, 230, 0, 1, '2025-08-26 17:27:41', 1, '2025-08-26 17:27:41', 1),
	(122, '250826000337', '000043', 0, 210, 0, 1, '2025-08-26 17:27:41', 1, '2025-08-26 17:27:41', 1),
	(123, '250826000337', '000043', 0, 230, 0, 1, '2025-08-26 17:27:41', 1, '2025-08-26 17:27:41', 1),
	(124, '250826000337', '000043', 0, 320, 0, 1, '2025-08-26 17:27:41', 1, '2025-08-26 17:27:41', 1),
	(125, '250826000337', '000043', 0, 0, 0, 1, '2025-08-26 17:27:41', 1, '2025-08-26 17:27:41', 1),
	(126, '250826000337', '000043', 0, 340, 0, 1, '2025-08-26 17:28:08', 1, '2025-08-26 17:28:08', 1),
	(127, '250826000337', '000043', 0, 230, 0, 1, '2025-08-26 17:28:08', 1, '2025-08-26 17:28:08', 1),
	(128, '250826000337', '000043', 0, 210, 0, 1, '2025-08-26 17:28:08', 1, '2025-08-26 17:28:08', 1),
	(129, '250826000337', '000043', 0, 230, 0, 1, '2025-08-26 17:28:08', 1, '2025-08-26 17:28:08', 1),
	(130, '250826000337', '000043', 0, 320, 0, 1, '2025-08-26 17:28:08', 1, '2025-08-26 17:28:08', 1),
	(131, '250826000337', '000043', 0, 0, 0, 1, '2025-08-26 17:28:08', 1, '2025-08-26 17:28:08', 1),
	(132, '250826000337', '000043', 0, 340, 0, 1, '2025-08-26 17:28:26', 1, '2025-08-26 17:28:26', 1),
	(133, '250826000337', '000043', 0, 230, 0, 1, '2025-08-26 17:28:26', 1, '2025-08-26 17:28:26', 1),
	(134, '250826000337', '000043', 0, 210, 0, 1, '2025-08-26 17:28:26', 1, '2025-08-26 17:28:26', 1),
	(135, '250826000337', '000043', 0, 230, 0, 1, '2025-08-26 17:28:26', 1, '2025-08-26 17:28:26', 1),
	(136, '250826000337', '000043', 0, 320, 0, 1, '2025-08-26 17:28:26', 1, '2025-08-26 17:28:26', 1),
	(137, '250826000337', '000043', 0, 0, 0, 1, '2025-08-26 17:28:26', 1, '2025-08-26 17:28:26', 1),
	(138, '250826000337', '000043', 0, 340, 0, 1, '2025-08-26 17:28:37', 1, '2025-08-26 17:28:37', 1),
	(139, '250826000337', '000043', 0, 230, 0, 1, '2025-08-26 17:28:37', 1, '2025-08-26 17:28:37', 1),
	(140, '250826000337', '000043', 0, 210, 0, 1, '2025-08-26 17:28:37', 1, '2025-08-26 17:28:37', 1),
	(141, '250826000337', '000043', 0, 230, 0, 1, '2025-08-26 17:28:37', 1, '2025-08-26 17:28:37', 1),
	(142, '250826000337', '000043', 0, 320, 0, 1, '2025-08-26 17:28:37', 1, '2025-08-26 17:28:37', 1),
	(143, '250826000337', '000043', 0, 0, 0, 1, '2025-08-26 17:28:37', 1, '2025-08-26 17:28:37', 1),
	(144, '250826000337', '000043', 0, 340, 0, 1, '2025-08-26 17:29:41', 1, '2025-08-26 17:29:41', 1),
	(145, '250826000337', '000043', 0, 230, 0, 1, '2025-08-26 17:29:41', 1, '2025-08-26 17:29:41', 1),
	(146, '250826000337', '000043', 0, 210, 0, 1, '2025-08-26 17:29:41', 1, '2025-08-26 17:29:41', 1),
	(147, '250826000337', '000043', 0, 230, 0, 1, '2025-08-26 17:29:41', 1, '2025-08-26 17:29:41', 1),
	(148, '250826000337', '000043', 0, 320, 0, 1, '2025-08-26 17:29:41', 1, '2025-08-26 17:29:41', 1),
	(149, '250826000337', '000043', 0, 0, 0, 1, '2025-08-26 17:29:41', 1, '2025-08-26 17:29:41', 1),
	(150, '250826000337', 'undefined', 0, 340, 0, 1, '2025-08-26 17:30:00', 1, '2025-08-26 17:30:00', 1),
	(151, '250826000337', 'undefined', 0, 230, 0, 1, '2025-08-26 17:30:00', 1, '2025-08-26 17:30:00', 1),
	(152, '250826000337', 'undefined', 0, 210, 0, 1, '2025-08-26 17:30:00', 1, '2025-08-26 17:30:00', 1),
	(153, '250826000337', 'undefined', 0, 230, 0, 1, '2025-08-26 17:30:00', 1, '2025-08-26 17:30:00', 1),
	(154, '250826000337', 'undefined', 0, 320, 0, 1, '2025-08-26 17:30:00', 1, '2025-08-26 17:30:00', 1),
	(155, '250826000337', 'undefined', 0, 0, 0, 1, '2025-08-26 17:30:00', 1, '2025-08-26 17:30:00', 1),
	(156, '250826000337', 'undefined', 0, 340, 0, 1, '2025-08-26 17:38:30', 1, '2025-08-26 17:38:30', 1),
	(157, '250826000337', 'undefined', 0, 230, 0, 1, '2025-08-26 17:38:30', 1, '2025-08-26 17:38:30', 1),
	(158, '250826000337', 'undefined', 0, 210, 0, 1, '2025-08-26 17:38:30', 1, '2025-08-26 17:38:30', 1),
	(159, '250826000337', 'undefined', 0, 230, 0, 1, '2025-08-26 17:38:30', 1, '2025-08-26 17:38:30', 1),
	(160, '250826000337', 'undefined', 0, 320, 0, 1, '2025-08-26 17:38:30', 1, '2025-08-26 17:38:30', 1),
	(161, '250826000337', 'undefined', 0, 0, 0, 1, '2025-08-26 17:38:30', 1, '2025-08-26 17:38:30', 1),
	(162, '250826000337', 'undefined', 0, 340, 0, 1, '2025-08-26 17:43:37', 1, '2025-08-26 17:43:37', 1),
	(163, '250826000337', 'undefined', 0, 230, 0, 1, '2025-08-26 17:43:37', 1, '2025-08-26 17:43:37', 1),
	(164, '250826000337', 'undefined', 0, 210, 0, 1, '2025-08-26 17:43:37', 1, '2025-08-26 17:43:37', 1),
	(165, '250826000337', 'undefined', 0, 230, 0, 1, '2025-08-26 17:43:37', 1, '2025-08-26 17:43:37', 1),
	(166, '250826000337', 'undefined', 0, 320, 0, 1, '2025-08-26 17:43:37', 1, '2025-08-26 17:43:37', 1),
	(167, '250826000337', 'undefined', 0, 0, 0, 1, '2025-08-26 17:43:37', 1, '2025-08-26 17:43:37', 1),
	(168, '250828000341', '000044', 0, 100000, 0, 1, '2025-08-29 16:30:38', 1, '2025-08-29 16:30:38', 1),
	(169, '250828000341', '000044', 0, 0, 7600, 1, '2025-08-29 16:30:38', 1, '2025-08-29 16:30:38', 1),
	(170, '', '000062', 1, 400000, 0, 1, '2025-09-29 13:06:17', 1, '2025-09-29 13:06:17', 1),
	(171, '250929000526', 'undefined', 0, 600000, 0, 1, '2025-09-29 14:44:49', 1, '2025-09-29 14:44:49', 1),
	(172, '250929000526', 'undefined', 0, 0, 300000, 1, '2025-09-29 14:44:49', 1, '2025-09-29 14:44:49', 1),
	(173, '251007000537', 'undefined', 0, 10000, 0, 1, '2025-10-07 14:17:50', 1, '2025-10-07 14:17:50', 1),
	(174, '251007000537', 'undefined', 0, 0, 0, 1, '2025-10-07 14:17:50', 1, '2025-10-07 14:17:50', 1),
	(175, '251007000537', 'undefined', 0, 10000, 0, 1, '2025-10-07 14:17:50', 1, '2025-10-07 14:17:50', 1),
	(176, '251007000537', 'undefined', 0, 0, 0, 1, '2025-10-07 14:17:50', 1, '2025-10-07 14:17:50', 1),
	(177, '251007000537', 'undefined', 0, 10000, 0, 1, '2025-10-07 14:17:56', 1, '2025-10-07 14:17:56', 1),
	(178, '251007000537', 'undefined', 0, 0, 0, 1, '2025-10-07 14:17:56', 1, '2025-10-07 14:17:56', 1),
	(179, '251008000546', 'undefined', 0, 10000, 0, 1, '2025-10-08 13:20:12', 1, '2025-10-08 13:20:12', 1),
	(180, '251008000546', 'undefined', 0, 0, 0, 1, '2025-10-08 13:20:12', 1, '2025-10-08 13:20:12', 1),
	(181, '251008000546', 'undefined', 0, 10000, 0, 1, '2025-10-08 13:20:12', 1, '2025-10-08 13:20:12', 1),
	(182, '251008000546', 'undefined', 0, 0, 0, 1, '2025-10-08 13:20:12', 1, '2025-10-08 13:20:12', 1),
	(183, '251008000549', 'undefined', 0, 100000, 0, 1, '2025-10-08 15:36:54', 1, '2025-10-08 15:36:54', 1),
	(184, '251008000549', 'undefined', 0, 0, 30700, 1, '2025-10-08 15:36:54', 1, '2025-10-08 15:36:54', 1),
	(185, '251008000549', 'undefined', 0, 100000, 0, 1, '2025-10-08 15:36:54', 1, '2025-10-08 15:36:54', 1),
	(186, '251008000549', 'undefined', 0, 0, 30700, 1, '2025-10-08 15:36:54', 1, '2025-10-08 15:36:54', 1),
	(187, '251008000549', 'undefined', 0, 100000, 0, 1, '2025-10-08 15:37:42', 1, '2025-10-08 15:37:42', 1),
	(188, '251008000549', 'undefined', 0, 0, 30700, 1, '2025-10-08 15:37:42', 1, '2025-10-08 15:37:42', 1),
	(189, '251008000549', 'undefined', 0, 100000, 0, 1, '2025-10-08 15:38:25', 1, '2025-10-08 15:38:25', 1),
	(190, '251008000549', 'undefined', 0, 0, 30700, 1, '2025-10-08 15:38:25', 1, '2025-10-08 15:38:25', 1),
	(191, '251008000549', 'undefined', 0, 100000, 0, 1, '2025-10-08 15:38:37', 1, '2025-10-08 15:38:37', 1),
	(192, '251008000549', 'undefined', 0, 0, 30700, 1, '2025-10-08 15:38:37', 1, '2025-10-08 15:38:37', 1),
	(193, '251008000549', 'undefined', 0, 100000, 0, 1, '2025-10-08 15:41:59', 1, '2025-10-08 15:41:59', 1),
	(194, '251008000549', 'undefined', 0, 0, 30700, 1, '2025-10-08 15:41:59', 1, '2025-10-08 15:41:59', 1),
	(195, '251008000549', 'undefined', 0, 100000, 0, 1, '2025-10-08 15:42:41', 1, '2025-10-08 15:42:41', 1),
	(196, '251008000549', 'undefined', 0, 0, 30700, 1, '2025-10-08 15:42:41', 1, '2025-10-08 15:42:41', 1),
	(197, '251008000549', 'undefined', 0, 100000, 0, 1, '2025-10-08 15:44:15', 1, '2025-10-08 15:44:15', 1),
	(198, '251008000549', 'undefined', 0, 0, 30700, 1, '2025-10-08 15:44:15', 1, '2025-10-08 15:44:15', 1),
	(199, '251008000549', 'undefined', 0, 100000, 0, 1, '2025-10-08 15:44:57', 1, '2025-10-08 15:44:57', 1),
	(200, '251008000549', 'undefined', 0, 0, 30700, 1, '2025-10-08 15:44:57', 1, '2025-10-08 15:44:57', 1),
	(201, '251008000549', 'undefined', 0, 100000, 0, 1, '2025-10-08 15:45:23', 1, '2025-10-08 15:45:23', 1),
	(202, '251008000549', 'undefined', 0, 0, 30700, 1, '2025-10-08 15:45:23', 1, '2025-10-08 15:45:23', 1),
	(203, '251008000549', 'undefined', 0, 100000, 0, 1, '2025-10-08 15:45:56', 1, '2025-10-08 15:45:56', 1),
	(204, '251008000549', 'undefined', 0, 0, 30700, 1, '2025-10-08 15:45:56', 1, '2025-10-08 15:45:56', 1),
	(205, '251008000549', 'undefined', 0, 100000, 0, 1, '2025-10-08 16:05:48', 1, '2025-10-08 16:05:48', 1),
	(206, '251008000549', 'undefined', 0, 0, 30700, 1, '2025-10-08 16:05:48', 1, '2025-10-08 16:05:48', 1),
	(207, '251008000549', 'undefined', 0, 100000, 0, 1, '2025-10-08 16:06:28', 1, '2025-10-08 16:06:28', 1),
	(208, '251008000549', 'undefined', 0, 0, 30700, 1, '2025-10-08 16:06:28', 1, '2025-10-08 16:06:28', 1),
	(209, '251008000549', 'undefined', 0, 100000, 0, 1, '2025-10-08 16:06:34', 1, '2025-10-08 16:06:34', 1),
	(210, '251008000549', 'undefined', 0, 0, 30700, 1, '2025-10-08 16:06:34', 1, '2025-10-08 16:06:34', 1),
	(211, '251008000550', 'undefined', 0, 10000, 0, 1, '2025-10-08 16:07:11', 1, '2025-10-08 16:07:11', 1),
	(212, '251008000550', 'undefined', 0, 0, 0, 1, '2025-10-08 16:07:11', 1, '2025-10-08 16:07:11', 1),
	(213, '251008000550', 'undefined', 0, 10000, 0, 1, '2025-10-08 16:07:11', 1, '2025-10-08 16:07:11', 1),
	(214, '251008000550', 'undefined', 0, 0, 0, 1, '2025-10-08 16:07:11', 1, '2025-10-08 16:07:11', 1),
	(215, '251008000551', 'undefined', 0, 10000, 0, 1, '2025-10-08 16:08:09', 1, '2025-10-08 16:08:09', 1),
	(216, '251008000551', 'undefined', 0, 400000, 0, 1, '2025-10-08 16:08:09', 1, '2025-10-08 16:08:09', 1),
	(217, '251008000551', 'undefined', 0, 0, 156475, 1, '2025-10-08 16:08:09', 1, '2025-10-08 16:08:09', 1),
	(218, '251008000551', 'undefined', 0, 10000, 0, 1, '2025-10-08 16:08:09', 1, '2025-10-08 16:08:09', 1),
	(219, '251008000551', 'undefined', 0, 400000, 0, 1, '2025-10-08 16:08:09', 1, '2025-10-08 16:08:09', 1),
	(220, '251008000551', 'undefined', 0, 0, 156475, 1, '2025-10-08 16:08:09', 1, '2025-10-08 16:08:09', 1),
	(221, '251008000553', 'undefined', 0, 100000, 0, 1, '2025-10-08 16:33:29', 1, '2025-10-08 16:33:29', 1),
	(222, '251008000553', 'undefined', 0, 0, 53800, 1, '2025-10-08 16:33:29', 1, '2025-10-08 16:33:29', 1),
	(223, '251008000553', 'undefined', 0, 100000, 0, 1, '2025-10-08 16:33:29', 1, '2025-10-08 16:33:29', 1),
	(224, '251008000553', 'undefined', 0, 0, 53800, 1, '2025-10-08 16:33:29', 1, '2025-10-08 16:33:29', 1),
	(225, '251020000555', 'undefined', 0, 50000, 0, 1, '2025-10-21 13:26:26', 1, '2025-10-21 13:26:26', 1),
	(226, '251020000555', 'undefined', 0, 0, 10350, 1, '2025-10-21 13:26:26', 1, '2025-10-21 13:26:26', 1),
	(227, '251020000555', 'undefined', 0, 50000, 0, 1, '2025-10-21 13:26:26', 1, '2025-10-21 13:26:26', 1),
	(228, '251020000555', 'undefined', 0, 0, 10350, 1, '2025-10-21 13:26:26', 1, '2025-10-21 13:26:26', 1),
	(229, '251021000556', 'undefined', 0, 20000, 0, 1, '2025-10-21 16:24:46', 1, '2025-10-21 16:24:46', 1),
	(230, '251021000556', 'undefined', 0, 0, 3614, 1, '2025-10-21 16:24:46', 1, '2025-10-21 16:24:46', 1),
	(231, '251021000556', 'undefined', 0, 20000, 0, 1, '2025-10-21 16:33:46', 1, '2025-10-21 16:33:46', 1),
	(232, '251021000556', 'undefined', 0, 0, 3614, 1, '2025-10-21 16:33:46', 1, '2025-10-21 16:33:46', 1),
	(233, '251021000556', 'undefined', 0, 20000, 0, 1, '2025-10-21 16:37:33', 1, '2025-10-21 16:37:33', 1),
	(234, '251021000556', 'undefined', 0, 0, 3614, 1, '2025-10-21 16:37:33', 1, '2025-10-21 16:37:33', 1),
	(235, '251021000557', 'undefined', 0, 20000, 0, 1, '2025-10-21 16:38:17', 1, '2025-10-21 16:38:17', 1),
	(236, '251021000557', 'undefined', 0, 0, 3450, 1, '2025-10-21 16:38:17', 1, '2025-10-21 16:38:17', 1),
	(237, '251021000557', 'undefined', 0, 20000, 0, 1, '2025-10-21 16:38:17', 1, '2025-10-21 16:38:17', 1),
	(238, '251021000557', 'undefined', 0, 0, 3450, 1, '2025-10-21 16:38:17', 1, '2025-10-21 16:38:17', 1),
	(239, '251024000562', 'undefined', 0, 100000, 0, 1, '2025-10-24 13:08:58', 1, '2025-10-24 13:08:58', 1),
	(240, '251024000562', 'undefined', 0, 0, 42250, 1, '2025-10-24 13:08:59', 1, '2025-10-24 13:08:59', 1),
	(241, '251024000562', 'undefined', 0, 100000, 0, 1, '2025-10-24 13:08:59', 1, '2025-10-24 13:08:59', 1),
	(242, '251024000562', 'undefined', 0, 0, 42250, 1, '2025-10-24 13:08:59', 1, '2025-10-24 13:08:59', 1),
	(243, '251024000562', 'undefined', 0, 100000, 0, 1, '2025-10-24 13:09:03', 1, '2025-10-24 13:09:03', 1),
	(244, '251024000562', 'undefined', 0, 0, 42250, 1, '2025-10-24 13:09:03', 1, '2025-10-24 13:09:03', 1),
	(245, '251024000562', 'undefined', 0, 100000, 0, 1, '2025-10-24 13:09:08', 1, '2025-10-24 13:09:08', 1),
	(246, '251024000562', 'undefined', 0, 0, 42250, 1, '2025-10-24 13:09:08', 1, '2025-10-24 13:09:08', 1),
	(247, '251024000562', 'undefined', 0, 100000, 0, 1, '2025-10-24 13:18:41', 1, '2025-10-24 13:18:41', 1),
	(248, '251024000562', 'undefined', 0, 0, 42250, 1, '2025-10-24 13:18:41', 1, '2025-10-24 13:18:41', 1),
	(249, '251024000562', 'undefined', 0, 100000, 0, 1, '2025-10-24 13:19:28', 1, '2025-10-24 13:19:28', 1),
	(250, '251024000562', 'undefined', 0, 0, 42250, 1, '2025-10-24 13:19:28', 1, '2025-10-24 13:19:28', 1),
	(251, '251024000562', 'undefined', 0, 100000, 0, 1, '2025-10-24 13:20:17', 1, '2025-10-24 13:20:17', 1),
	(252, '251024000562', 'undefined', 0, 0, 42250, 1, '2025-10-24 13:20:17', 1, '2025-10-24 13:20:17', 1),
	(253, '251024000562', 'undefined', 0, 100000, 0, 1, '2025-10-24 13:23:49', 1, '2025-10-24 13:23:49', 1),
	(254, '251024000562', 'undefined', 0, 0, 42250, 1, '2025-10-24 13:23:49', 1, '2025-10-24 13:23:49', 1),
	(255, '251024000562', 'undefined', 0, 100000, 0, 1, '2025-10-24 13:51:40', 1, '2025-10-24 13:51:40', 1),
	(256, '251024000562', 'undefined', 0, 0, 42250, 1, '2025-10-24 13:51:40', 1, '2025-10-24 13:51:40', 1),
	(257, '251024000562', 'undefined', 0, 100000, 0, 1, '2025-10-24 13:52:43', 1, '2025-10-24 13:52:43', 1),
	(258, '251024000562', 'undefined', 0, 0, 42250, 1, '2025-10-24 13:52:43', 1, '2025-10-24 13:52:43', 1),
	(259, '251024000562', 'undefined', 0, 100000, 0, 1, '2025-10-24 13:56:16', 1, '2025-10-24 13:56:16', 1),
	(260, '251024000562', 'undefined', 0, 0, 42250, 1, '2025-10-24 13:56:16', 1, '2025-10-24 13:56:16', 1),
	(261, '251024000562', 'undefined', 0, 100000, 0, 1, '2025-10-24 13:57:42', 1, '2025-10-24 13:57:42', 1),
	(262, '251024000562', 'undefined', 0, 0, 42250, 1, '2025-10-24 13:57:42', 1, '2025-10-24 13:57:42', 1),
	(263, '251024000562', 'undefined', 0, 100000, 0, 1, '2025-10-24 13:59:07', 1, '2025-10-24 13:59:07', 1),
	(264, '251024000562', 'undefined', 0, 0, 42250, 1, '2025-10-24 13:59:07', 1, '2025-10-24 13:59:07', 1),
	(265, '251024000562', 'undefined', 0, 100000, 0, 1, '2025-10-24 14:08:09', 1, '2025-10-24 14:08:09', 1),
	(266, '251024000562', 'undefined', 0, 0, 42250, 1, '2025-10-24 14:08:09', 1, '2025-10-24 14:08:09', 1),
	(267, '251024000562', 'undefined', 0, 100000, 0, 1, '2025-10-24 14:08:29', 1, '2025-10-24 14:08:29', 1),
	(268, '251024000562', 'undefined', 0, 0, 42250, 1, '2025-10-24 14:08:29', 1, '2025-10-24 14:08:29', 1),
	(269, '251024000562', 'undefined', 0, 100000, 0, 1, '2025-10-24 14:15:00', 1, '2025-10-24 14:15:00', 1),
	(270, '251024000562', 'undefined', 0, 0, 42250, 1, '2025-10-24 14:15:00', 1, '2025-10-24 14:15:00', 1),
	(271, '251024000562', 'undefined', 0, 100000, 0, 1, '2025-10-24 14:17:55', 1, '2025-10-24 14:17:55', 1),
	(272, '251024000562', 'undefined', 0, 0, 42250, 1, '2025-10-24 14:17:55', 1, '2025-10-24 14:17:55', 1),
	(273, '251024000562', 'undefined', 0, 100000, 0, 1, '2025-10-24 14:24:34', 1, '2025-10-24 14:24:34', 1),
	(274, '251024000562', 'undefined', 0, 0, 42250, 1, '2025-10-24 14:24:34', 1, '2025-10-24 14:24:34', 1),
	(275, '251024000562', 'undefined', 0, 100000, 0, 1, '2025-10-24 14:25:21', 1, '2025-10-24 14:25:21', 1),
	(276, '251024000562', 'undefined', 0, 0, 42250, 1, '2025-10-24 14:25:21', 1, '2025-10-24 14:25:21', 1),
	(277, '251024000562', 'undefined', 0, 100000, 0, 1, '2025-10-24 14:26:20', 1, '2025-10-24 14:26:20', 1),
	(278, '251024000562', 'undefined', 0, 0, 42250, 1, '2025-10-24 14:26:20', 1, '2025-10-24 14:26:20', 1),
	(279, '251024000562', 'undefined', 0, 100000, 0, 1, '2025-10-24 14:27:32', 1, '2025-10-24 14:27:32', 1),
	(280, '251024000562', 'undefined', 0, 0, 42250, 1, '2025-10-24 14:27:32', 1, '2025-10-24 14:27:32', 1),
	(281, '251024000562', 'undefined', 0, 100000, 0, 1, '2025-10-24 14:28:03', 1, '2025-10-24 14:28:03', 1),
	(282, '251024000562', 'undefined', 0, 0, 42250, 1, '2025-10-24 14:28:03', 1, '2025-10-24 14:28:03', 1),
	(283, '251024000562', 'undefined', 0, 100000, 0, 1, '2025-10-24 14:29:15', 1, '2025-10-24 14:29:15', 1),
	(284, '251024000562', 'undefined', 0, 0, 42250, 1, '2025-10-24 14:29:15', 1, '2025-10-24 14:29:15', 1),
	(285, '251024000562', 'undefined', 0, 100000, 0, 1, '2025-10-24 14:29:26', 1, '2025-10-24 14:29:26', 1),
	(286, '251024000562', 'undefined', 0, 0, 42250, 1, '2025-10-24 14:29:26', 1, '2025-10-24 14:29:26', 1),
	(287, '251024000562', 'undefined', 0, 100000, 0, 1, '2025-10-24 14:29:32', 1, '2025-10-24 14:29:32', 1),
	(288, '251024000562', 'undefined', 0, 0, 42250, 1, '2025-10-24 14:29:32', 1, '2025-10-24 14:29:32', 1),
	(289, '251024000562', 'undefined', 0, 100000, 0, 1, '2025-10-24 14:32:50', 1, '2025-10-24 14:32:50', 1),
	(290, '251024000562', 'undefined', 0, 0, 42250, 1, '2025-10-24 14:32:50', 1, '2025-10-24 14:32:50', 1),
	(291, '251024000562', 'undefined', 0, 100000, 0, 1, '2025-10-24 14:37:00', 1, '2025-10-24 14:37:00', 1),
	(292, '251024000562', 'undefined', 0, 0, 42250, 1, '2025-10-24 14:37:00', 1, '2025-10-24 14:37:00', 1),
	(293, '251024000563', 'undefined', 0, 0, 0, 1, '2025-10-24 15:03:44', 1, '2025-10-24 15:03:44', 1),
	(294, '251024000563', 'undefined', 0, 0, 0, 1, '2025-10-24 15:03:44', 1, '2025-10-24 15:03:44', 1),
	(295, '251024000563', 'undefined', 0, 0, 0, 1, '2025-10-24 15:03:44', 1, '2025-10-24 15:03:44', 1),
	(296, '251024000563', 'undefined', 0, 0, 0, 1, '2025-10-24 15:03:44', 1, '2025-10-24 15:03:44', 1),
	(297, '251024000564', 'undefined', 0, 50000, 0, 1, '2025-10-24 15:22:36', 1, '2025-10-24 15:22:36', 1),
	(298, '251024000564', 'undefined', 0, 0, 0, 1, '2025-10-24 15:22:36', 1, '2025-10-24 15:22:36', 1),
	(299, '251024000564', 'undefined', 0, 50000, 0, 1, '2025-10-24 15:22:36', 1, '2025-10-24 15:22:36', 1),
	(300, '251024000564', 'undefined', 0, 0, 0, 1, '2025-10-24 15:22:36', 1, '2025-10-24 15:22:36', 1),
	(301, '251024000562', 'undefined', 0, 100000, 0, 1, '2025-10-24 16:51:28', 1, '2025-10-24 16:51:28', 1),
	(302, '251024000562', 'undefined', 0, 0, 42250, 1, '2025-10-24 16:51:28', 1, '2025-10-24 16:51:28', 1),
	(303, '251024000562', 'undefined', 0, 100000, 0, 1, '2025-10-24 16:53:37', 1, '2025-10-24 16:53:37', 1),
	(304, '251024000562', 'undefined', 0, 0, 42250, 1, '2025-10-24 16:53:37', 1, '2025-10-24 16:53:37', 1),
	(305, '251024000562', 'undefined', 0, 100000, 0, 1, '2025-10-24 16:58:24', 1, '2025-10-24 16:58:24', 1),
	(306, '251024000562', 'undefined', 0, 0, 42250, 1, '2025-10-24 16:58:24', 1, '2025-10-24 16:58:24', 1),
	(307, '251024000562', 'undefined', 0, 100000, 0, 1, '2025-10-24 16:59:02', 1, '2025-10-24 16:59:02', 1),
	(308, '251024000562', 'undefined', 0, 0, 42250, 1, '2025-10-24 16:59:02', 1, '2025-10-24 16:59:02', 1),
	(309, '251024000562', 'undefined', 0, 100000, 0, 1, '2025-10-24 16:59:02', 1, '2025-10-24 16:59:02', 1),
	(310, '251024000562', 'undefined', 0, 0, 42250, 1, '2025-10-24 16:59:02', 1, '2025-10-24 16:59:02', 1),
	(311, '', '000070', 1, 150000, 0, 1, '2025-10-24 18:07:38', 1, '2025-10-24 18:07:38', 1),
	(312, '251030000577', 'undefined', 0, 300000, 0, 1, '2025-10-31 16:28:48', 1, '2025-10-31 16:28:48', 1),
	(313, '251030000577', 'undefined', 0, 0, 7420, 1, '2025-10-31 16:28:48', 1, '2025-10-31 16:28:48', 1),
	(314, '251030000577', 'undefined', 0, 300000, 0, 1, '2025-10-31 16:30:28', 1, '2025-10-31 16:30:28', 1),
	(315, '251030000577', 'undefined', 0, 0, 7420, 1, '2025-10-31 16:30:28', 1, '2025-10-31 16:30:28', 1),
	(316, '251030000577', 'undefined', 0, 300000, 0, 1, '2025-10-31 16:30:47', 1, '2025-10-31 16:30:47', 1),
	(317, '251030000577', 'undefined', 0, 0, 7420, 1, '2025-10-31 16:30:47', 1, '2025-10-31 16:30:47', 1),
	(318, '251030000577', 'undefined', 0, 300000, 0, 1, '2025-10-31 16:31:26', 1, '2025-10-31 16:31:26', 1),
	(319, '251030000577', 'undefined', 0, 0, 7420, 1, '2025-10-31 16:31:26', 1, '2025-10-31 16:31:26', 1),
	(320, '251030000577', '000074', 0, 300000, 0, 1, '2025-10-31 16:32:54', 1, '2025-10-31 16:32:54', 1),
	(321, '251030000577', '000074', 0, 0, 7420, 1, '2025-10-31 16:32:54', 1, '2025-10-31 16:32:54', 1),
	(322, '251031000578', '000075', 0, 100000, 0, 1, '2025-10-31 16:37:22', 1, '2025-10-31 16:37:22', 1),
	(323, '251031000578', '000075', 0, 0, 30700, 1, '2025-10-31 16:37:22', 1, '2025-10-31 16:37:22', 1),
	(324, '251031000580', '000075', 0, 100000, 0, 1, '2025-10-31 16:46:06', 1, '2025-10-31 16:46:06', 1),
	(325, '251031000580', '000075', 0, 0, 30700, 1, '2025-10-31 16:46:06', 1, '2025-10-31 16:46:06', 1),
	(326, '251031000580', '000075', 0, 100000, 0, 1, '2025-10-31 16:46:06', 1, '2025-10-31 16:46:06', 1),
	(327, '251031000580', '000075', 0, 0, 30700, 1, '2025-10-31 16:46:06', 1, '2025-10-31 16:46:06', 1),
	(328, '251031000581', '000075', 0, 100000, 0, 1, '2025-10-31 17:18:57', 1, '2025-10-31 17:18:57', 1),
	(329, '251031000581', '000075', 0, 0, 30700, 1, '2025-10-31 17:18:57', 1, '2025-10-31 17:18:57', 1),
	(330, '251031000581', '000075', 0, 100000, 0, 1, '2025-10-31 17:18:57', 1, '2025-10-31 17:18:57', 1),
	(331, '251031000581', '000075', 0, 0, 30700, 1, '2025-10-31 17:18:57', 1, '2025-10-31 17:18:57', 1),
	(332, '251030000577', '000075', 0, 300000, 0, 1, '2025-10-31 17:21:21', 1, '2025-10-31 17:21:21', 1),
	(333, '251030000577', '000075', 0, 0, 7420, 1, '2025-10-31 17:21:21', 1, '2025-10-31 17:21:21', 1),
	(334, '251030000577', '000075', 0, 300000, 0, 1, '2025-10-31 17:22:35', 1, '2025-10-31 17:22:35', 1),
	(335, '251030000577', '000075', 0, 0, 7420, 1, '2025-10-31 17:22:35', 1, '2025-10-31 17:22:35', 1),
	(336, '251030000577', '000075', 0, 300000, 0, 1, '2025-10-31 17:22:50', 1, '2025-10-31 17:22:50', 1),
	(337, '251030000577', '000075', 0, 0, 7420, 1, '2025-10-31 17:22:50', 1, '2025-10-31 17:22:50', 1),
	(338, '251030000577', '000075', 0, 300000, 0, 1, '2025-10-31 17:25:10', 1, '2025-10-31 17:25:10', 1),
	(339, '251030000577', '000075', 0, 0, 7420, 1, '2025-10-31 17:25:10', 1, '2025-10-31 17:25:10', 1),
	(340, '251030000577', '000075', 0, 300000, 0, 1, '2025-10-31 17:25:39', 1, '2025-10-31 17:25:39', 1),
	(341, '251030000577', '000075', 0, 0, 7420, 1, '2025-10-31 17:25:39', 1, '2025-10-31 17:25:39', 1),
	(342, '251030000577', '000075', 0, 300000, 0, 1, '2025-10-31 17:26:24', 1, '2025-10-31 17:26:24', 1),
	(343, '251030000577', '000075', 0, 0, 7420, 1, '2025-10-31 17:26:24', 1, '2025-10-31 17:26:24', 1),
	(344, '251031000584', '000075', 0, 100000, 0, 1, '2025-10-31 17:39:46', 1, '2025-10-31 17:39:46', 1),
	(345, '251031000584', '000075', 0, 0, 41095, 1, '2025-10-31 17:39:46', 1, '2025-10-31 17:39:46', 1),
	(346, '251031000584', '000075', 0, 100000, 0, 1, '2025-10-31 17:39:46', 1, '2025-10-31 17:39:46', 1),
	(347, '251031000584', '000075', 0, 0, 41095, 1, '2025-10-31 17:39:46', 1, '2025-10-31 17:39:46', 1),
	(348, '251031000587', '000075', 0, 100000, 0, 1, '2025-10-31 17:56:18', 1, '2025-10-31 17:56:18', 1),
	(349, '251031000587', '000075', 0, 0, 42250, 1, '2025-10-31 17:56:18', 1, '2025-10-31 17:56:18', 1),
	(350, '251031000587', '000075', 0, 100000, 0, 1, '2025-10-31 17:56:18', 1, '2025-10-31 17:56:18', 1),
	(351, '251031000587', '000075', 0, 0, 42250, 1, '2025-10-31 17:56:18', 1, '2025-10-31 17:56:18', 1),
	(352, '251031000589', '000075', 0, 100000, 0, 1, '2025-10-31 18:06:25', 1, '2025-10-31 18:06:25', 1),
	(353, '251031000589', '000075', 0, 0, 42250, 1, '2025-10-31 18:06:25', 1, '2025-10-31 18:06:25', 1),
	(354, '251031000589', '000075', 0, 100000, 0, 1, '2025-10-31 18:06:25', 1, '2025-10-31 18:06:25', 1),
	(355, '251031000589', '000075', 0, 0, 42250, 1, '2025-10-31 18:06:25', 1, '2025-10-31 18:06:25', 1),
	(356, '251031000590', '000075', 0, 100000, 0, 1, '2025-10-31 18:06:38', 1, '2025-10-31 18:06:38', 1),
	(357, '251031000590', '000075', 0, 0, 42250, 1, '2025-10-31 18:06:38', 1, '2025-10-31 18:06:38', 1),
	(358, '251031000590', '000075', 0, 100000, 0, 1, '2025-10-31 18:06:38', 1, '2025-10-31 18:06:38', 1),
	(359, '251031000590', '000075', 0, 0, 42250, 1, '2025-10-31 18:06:38', 1, '2025-10-31 18:06:38', 1),
	(360, '251031000591', '000075', 0, 100000, 0, 1, '2025-10-31 18:07:00', 1, '2025-10-31 18:07:00', 1),
	(361, '251031000591', '000075', 0, 0, 42250, 1, '2025-10-31 18:07:00', 1, '2025-10-31 18:07:00', 1),
	(362, '251031000591', '000075', 0, 100000, 0, 1, '2025-10-31 18:07:00', 1, '2025-10-31 18:07:00', 1),
	(363, '251031000591', '000075', 0, 0, 42250, 1, '2025-10-31 18:07:00', 1, '2025-10-31 18:07:00', 1),
	(364, '251031000592', '000075', 0, 100000, 0, 1, '2025-10-31 18:07:17', 1, '2025-10-31 18:07:17', 1),
	(365, '251031000592', '000075', 0, 0, 42250, 1, '2025-10-31 18:07:17', 1, '2025-10-31 18:07:17', 1),
	(366, '251031000592', '000075', 0, 100000, 0, 1, '2025-10-31 18:07:17', 1, '2025-10-31 18:07:17', 1),
	(367, '251031000592', '000075', 0, 0, 42250, 1, '2025-10-31 18:07:17', 1, '2025-10-31 18:07:17', 1),
	(368, '251031000593', '000075', 0, 50000, 0, 1, '2025-10-31 18:31:54', 1, '2025-10-31 18:31:54', 1),
	(369, '251031000593', '000075', 0, 123, 0, 1, '2025-10-31 18:31:54', 1, '2025-10-31 18:31:54', 1),
	(370, '251031000593', '000075', 0, 0, 120000, 1, '2025-10-31 18:31:54', 1, '2025-10-31 18:31:54', 1),
	(371, '251031000593', '000075', 0, 50000, 0, 1, '2025-10-31 18:31:54', 1, '2025-10-31 18:31:54', 1),
	(372, '251031000593', '000075', 0, 123, 0, 1, '2025-10-31 18:31:54', 1, '2025-10-31 18:31:54', 1),
	(373, '251031000593', '000075', 0, 0, 120000, 1, '2025-10-31 18:31:54', 1, '2025-10-31 18:31:54', 1),
	(374, '251031000594', '000075', 0, 0, 0, 1, '2025-10-31 18:53:12', 1, '2025-10-31 18:53:12', 1),
	(375, '251031000594', '000075', 0, 0, 0, 1, '2025-10-31 18:53:12', 1, '2025-10-31 18:53:12', 1),
	(376, '251031000594', '000075', 0, 0, 0, 1, '2025-10-31 18:53:12', 1, '2025-10-31 18:53:12', 1),
	(377, '251031000594', '000075', 0, 0, 0, 1, '2025-10-31 18:53:12', 1, '2025-10-31 18:53:12', 1),
	(378, '251103000595', '000076', 0, 100000, 0, 1, '2025-11-03 15:10:45', 1, '2025-11-03 15:10:45', 1),
	(379, '251103000595', '000076', 0, 0, 94000, 1, '2025-11-03 15:10:45', 1, '2025-11-03 15:10:45', 1),
	(380, '251103000595', '000076', 0, 100000, 0, 1, '2025-11-03 15:10:45', 1, '2025-11-03 15:10:45', 1),
	(381, '251103000595', '000076', 0, 0, 94000, 1, '2025-11-03 15:10:45', 1, '2025-11-03 15:10:45', 1),
	(382, '251107000597', '000078', 0, 350000, 0, 1, '2025-11-07 15:05:15', 1, '2025-11-07 15:05:15', 1),
	(383, '251107000597', '000078', 0, 0, 64430, 1, '2025-11-07 15:05:15', 1, '2025-11-07 15:05:15', 1),
	(384, '251107000597', '000078', 0, 350000, 0, 1, '2025-11-07 15:05:15', 1, '2025-11-07 15:05:15', 1),
	(385, '251107000597', '000078', 0, 0, 64430, 1, '2025-11-07 15:05:15', 1, '2025-11-07 15:05:15', 1),
	(386, '251107000597', '000078', 0, 350000, 0, 1, '2025-11-07 15:08:28', 1, '2025-11-07 15:08:28', 1),
	(387, '251107000597', '000078', 0, 0, 64430, 1, '2025-11-07 15:08:28', 1, '2025-11-07 15:08:28', 1),
	(388, '251107000597', '000078', 0, 350000, 0, 1, '2025-11-07 15:29:40', 1, '2025-11-07 15:29:40', 1),
	(389, '251107000597', '000078', 0, 0, 64430, 1, '2025-11-07 15:29:40', 1, '2025-11-07 15:29:40', 1),
	(390, '251107000597', '000078', 0, 350000, 0, 1, '2025-11-07 15:30:26', 1, '2025-11-07 15:30:26', 1),
	(391, '251107000597', '000078', 0, 0, 64430, 1, '2025-11-07 15:30:26', 1, '2025-11-07 15:30:26', 1),
	(392, '251107000597', '000078', 0, 350000, 0, 1, '2025-11-07 15:31:04', 1, '2025-11-07 15:31:04', 1),
	(393, '251107000597', '000078', 0, 0, 64430, 1, '2025-11-07 15:31:04', 1, '2025-11-07 15:31:04', 1),
	(394, '251107000597', '000078', 0, 350000, 0, 1, '2025-11-07 15:31:50', 1, '2025-11-07 15:31:50', 1),
	(395, '251107000597', '000078', 0, 0, 64430, 1, '2025-11-07 15:31:50', 1, '2025-11-07 15:31:50', 1),
	(396, '251107000597', '000078', 0, 350000, 0, 1, '2025-11-07 15:32:47', 1, '2025-11-07 15:32:47', 1),
	(397, '251107000597', '000078', 0, 0, 64430, 1, '2025-11-07 15:32:47', 1, '2025-11-07 15:32:47', 1),
	(398, '251107000597', '000078', 0, 350000, 0, 1, '2025-11-07 15:33:04', 1, '2025-11-07 15:33:04', 1),
	(399, '251107000597', '000078', 0, 0, 64430, 1, '2025-11-07 15:33:04', 1, '2025-11-07 15:33:04', 1),
	(400, '251107000597', '000078', 0, 350000, 0, 1, '2025-11-07 15:33:23', 1, '2025-11-07 15:33:23', 1),
	(401, '251107000597', '000078', 0, 0, 64430, 1, '2025-11-07 15:33:23', 1, '2025-11-07 15:33:23', 1),
	(402, '251107000597', '000078', 0, 350000, 0, 1, '2025-11-07 15:34:02', 1, '2025-11-07 15:34:02', 1),
	(403, '251107000597', '000078', 0, 0, 64430, 1, '2025-11-07 15:34:02', 1, '2025-11-07 15:34:02', 1),
	(404, '251107000597', '000078', 0, 350000, 0, 1, '2025-11-07 15:35:35', 1, '2025-11-07 15:35:35', 1),
	(405, '251107000597', '000078', 0, 0, 64430, 1, '2025-11-07 15:35:35', 1, '2025-11-07 15:35:35', 1),
	(406, '251107000597', '000078', 0, 350000, 0, 1, '2025-11-07 15:46:05', 1, '2025-11-07 15:46:05', 1),
	(407, '251107000597', '000078', 0, 0, 64430, 1, '2025-11-07 15:46:05', 1, '2025-11-07 15:46:05', 1),
	(408, '251107000597', '000078', 0, 350000, 0, 1, '2025-11-07 15:46:15', 1, '2025-11-07 15:46:15', 1),
	(409, '251107000597', '000078', 0, 0, 64430, 1, '2025-11-07 15:46:15', 1, '2025-11-07 15:46:15', 1),
	(410, '251107000597', '000078', 0, 350000, 0, 1, '2025-11-07 15:51:00', 1, '2025-11-07 15:51:00', 1),
	(411, '251107000597', '000078', 0, 0, 64430, 1, '2025-11-07 15:51:00', 1, '2025-11-07 15:51:00', 1),
	(412, '251107000597', '000078', 0, 350000, 0, 1, '2025-11-07 15:51:09', 1, '2025-11-07 15:51:09', 1),
	(413, '251107000597', '000078', 0, 0, 64430, 1, '2025-11-07 15:51:09', 1, '2025-11-07 15:51:09', 1),
	(414, '251107000597', '000078', 0, 350000, 0, 1, '2025-11-07 15:51:15', 1, '2025-11-07 15:51:15', 1),
	(415, '251107000597', '000078', 0, 0, 64430, 1, '2025-11-07 15:51:15', 1, '2025-11-07 15:51:15', 1),
	(416, '251107000598', '000078', 0, 100000, 0, 1, '2025-11-07 15:55:39', 1, '2025-11-07 15:55:39', 1),
	(417, '251107000598', '000078', 0, 0, 78450, 1, '2025-11-07 15:55:39', 1, '2025-11-07 15:55:39', 1),
	(418, '251107000598', '000078', 0, 100000, 0, 1, '2025-11-07 15:55:39', 1, '2025-11-07 15:55:39', 1),
	(419, '251107000598', '000078', 0, 0, 78450, 1, '2025-11-07 15:55:39', 1, '2025-11-07 15:55:39', 1),
	(420, '251107000598', '000078', 0, 100000, 0, 1, '2025-11-07 15:55:43', 1, '2025-11-07 15:55:43', 1),
	(421, '251107000598', '000078', 0, 0, 78450, 1, '2025-11-07 15:55:43', 1, '2025-11-07 15:55:43', 1),
	(422, '251125000615', '000083', 0, 200000, 0, 1, '2025-11-25 13:42:06', 1, '2025-11-25 13:42:06', 1),
	(423, '251125000615', '000083', 0, 0, 95050, 1, '2025-11-25 13:42:06', 1, '2025-11-25 13:42:06', 1),
	(424, '251125000615', '000083', 0, 200000, 0, 1, '2025-11-25 13:42:06', 1, '2025-11-25 13:42:06', 1),
	(425, '251125000615', '000083', 0, 0, 95050, 1, '2025-11-25 13:42:06', 1, '2025-11-25 13:42:06', 1),
	(426, '251125000616', '000083', 0, 200000, 0, 1, '2025-11-25 15:26:22', 1, '2025-11-25 15:26:22', 1),
	(427, '251125000616', '000083', 0, 0, 156545, 1, '2025-11-25 15:26:22', 1, '2025-11-25 15:26:22', 1),
	(428, '251125000616', '000083', 0, 200000, 0, 1, '2025-11-25 15:26:22', 1, '2025-11-25 15:26:22', 1),
	(429, '251125000616', '000083', 0, 0, 156545, 1, '2025-11-25 15:26:22', 1, '2025-11-25 15:26:22', 1),
	(430, '251126000617', '000084', 0, 700000, 0, 1, '2025-11-26 16:25:39', 1, '2025-11-26 16:25:39', 1),
	(431, '251126000617', '000084', 0, 0, 48255, 1, '2025-11-26 16:25:39', 1, '2025-11-26 16:25:39', 1),
	(432, '251126000617', '000084', 0, 700000, 0, 1, '2025-11-26 16:25:39', 1, '2025-11-26 16:25:39', 1),
	(433, '251126000617', '000084', 0, 0, 48255, 1, '2025-11-26 16:25:39', 1, '2025-11-26 16:25:39', 1),
	(434, '251126000617', '000084', 0, 700000, 0, 1, '2025-11-26 16:27:17', 1, '2025-11-26 16:27:17', 1),
	(435, '251126000617', '000084', 0, 0, 48255, 1, '2025-11-26 16:27:17', 1, '2025-11-26 16:27:17', 1),
	(436, '251126000618', '000084', 0, 100000, 0, 1, '2025-11-26 16:27:45', 1, '2025-11-26 16:27:45', 1),
	(437, '251126000618', '000084', 0, 0, 88450, 1, '2025-11-26 16:27:45', 1, '2025-11-26 16:27:45', 1),
	(438, '251126000620', '000084', 0, 50000, 0, 1, '2025-11-26 16:31:55', 1, '2025-11-26 16:31:55', 1),
	(439, '251126000620', '000084', 0, 0, 100000, 1, '2025-11-26 16:31:55', 1, '2025-11-26 16:31:55', 1),
	(440, '251126000621', '000084', 0, 45000, 0, 1, '2025-11-26 16:43:21', 1, '2025-11-26 16:43:21', 1),
	(441, '251126000621', '000084', 0, 0, 21900, 1, '2025-11-26 16:43:21', 1, '2025-11-26 16:43:21', 1),
	(442, '251203000624', '000085', 0, 160000, 0, 1, '2025-12-03 11:48:26', 1, '2025-12-03 11:48:26', 1),
	(443, '251203000624', '000085', 0, 0, 9614, 1, '2025-12-03 11:48:26', 1, '2025-12-03 11:48:26', 1),
	(444, '251203000625', '000086', 0, 50000, 0, 1, '2025-12-03 15:40:36', 1, '2025-12-03 15:40:36', 1),
	(445, '251203000625', '000086', 0, 0, 50000, 1, '2025-12-03 15:40:36', 1, '2025-12-03 15:40:36', 1),
	(446, '251203000628', '000086', 0, 200000, 0, 1, '2025-12-03 15:59:27', 1, '2025-12-03 15:59:27', 1),
	(447, '251203000628', '000086', 0, 0, 170000, 1, '2025-12-03 15:59:27', 1, '2025-12-03 15:59:27', 1),
	(448, '251204000635', '000087', 0, 150000, 0, 1, '2025-12-11 13:19:36', 1, '2025-12-11 13:19:36', 1),
	(449, '251204000635', '000087', 0, 0, 138450, 1, '2025-12-11 13:19:36', 1, '2025-12-11 13:19:36', 1),
	(450, '251212000643', '000093', 0, 100000, 0, 1, '2025-12-12 17:18:21', 1, '2025-12-12 17:18:21', 1),
	(451, '251212000643', '000093', 0, 0, 68450, 1, '2025-12-12 17:18:21', 1, '2025-12-12 17:18:21', 1),
	(452, '251212000644', '000093', 0, 100000, 0, 1, '2025-12-12 17:27:07', 1, '2025-12-12 17:27:07', 1),
	(453, '251212000644', '000093', 0, 0, 78450, 1, '2025-12-12 17:27:07', 1, '2025-12-12 17:27:07', 1),
	(454, '251215000645', '000094', 0, 100000, 0, 1, '2025-12-15 17:14:13', 1, '2025-12-15 17:14:13', 1),
	(455, '251215000645', '000094', 0, 0, 80000, 1, '2025-12-15 17:14:13', 1, '2025-12-15 17:14:13', 1),
	(456, '251217000646', '000095', 0, 100000, 0, 1, '2025-12-17 11:35:45', 1, '2025-12-17 11:35:45', 1),
	(457, '251217000646', '000095', 0, 0, 80000, 1, '2025-12-17 11:35:45', 1, '2025-12-17 11:35:45', 1),
	(458, '251217000647', '000095', 0, 10000, 0, 1, '2025-12-17 11:49:45', 1, '2025-12-17 11:49:45', 1),
	(459, '251217000647', '000095', 0, 0, 27493, 1, '2025-12-17 11:49:45', 1, '2025-12-17 11:49:45', 1),
	(460, '251217000648', '000095', 0, 630000, 0, 1, '2025-12-17 12:00:08', 1, '2025-12-17 12:00:08', 1),
	(461, '251217000648', '000095', 0, 0, 65421, 1, '2025-12-17 12:00:08', 1, '2025-12-17 12:00:08', 1),
	(462, '251217000649', '000095', 0, 266200, 0, 1, '2025-12-17 12:20:50', 1, '2025-12-17 12:20:50', 1),
	(463, '251217000649', '000095', 0, 0, 120700, 1, '2025-12-17 12:20:50', 1, '2025-12-17 12:20:50', 1),
	(464, '251218000654', '000096', 0, 200000, 0, 1, '2025-12-18 16:03:05', 1, '2025-12-18 16:03:05', 1),
	(465, '251218000654', '000096', 0, 0, 42508, 1, '2025-12-18 16:03:05', 1, '2025-12-18 16:03:05', 1),
	(466, '251218000654', '000096', 0, 200000, 0, 1, '2025-12-18 16:06:18', 1, '2025-12-18 16:06:18', 1),
	(467, '251218000654', '000096', 0, 0, 42508, 1, '2025-12-18 16:06:18', 1, '2025-12-18 16:06:18', 1),
	(468, '251218000654', '000096', 0, 200000, 0, 1, '2025-12-18 16:08:24', 1, '2025-12-18 16:08:24', 1),
	(469, '251218000654', '000096', 0, 0, 42508, 1, '2025-12-18 16:08:24', 1, '2025-12-18 16:08:24', 1),
	(470, '251218000654', 'undefined', 0, 200000, 0, 1, '2025-12-18 16:10:12', 1, '2025-12-18 16:10:12', 1),
	(471, '251218000654', 'undefined', 0, 0, 42508, 1, '2025-12-18 16:10:12', 1, '2025-12-18 16:10:12', 1),
	(472, '251218000654', 'undefined', 0, 200000, 0, 1, '2025-12-18 16:17:52', 1, '2025-12-18 16:17:52', 1),
	(473, '251218000654', 'undefined', 0, 0, 42508, 1, '2025-12-18 16:17:52', 1, '2025-12-18 16:17:52', 1),
	(474, '251218000654', 'undefined', 0, 200000, 0, 1, '2025-12-18 16:18:17', 1, '2025-12-18 16:18:17', 1),
	(475, '251218000654', 'undefined', 0, 0, 42508, 1, '2025-12-18 16:18:17', 1, '2025-12-18 16:18:17', 1),
	(476, '251218000654', 'undefined', 0, 200000, 0, 1, '2025-12-18 16:18:33', 1, '2025-12-18 16:18:33', 1),
	(477, '251218000654', 'undefined', 0, 0, 42508, 1, '2025-12-18 16:18:33', 1, '2025-12-18 16:18:33', 1),
	(478, '251218000654', 'undefined', 0, 200000, 0, 1, '2025-12-18 16:21:55', 1, '2025-12-18 16:21:55', 1),
	(479, '251218000654', 'undefined', 0, 0, 42508, 1, '2025-12-18 16:21:55', 1, '2025-12-18 16:21:55', 1),
	(480, '251218000654', 'undefined', 0, 200000, 0, 1, '2025-12-18 16:24:32', 1, '2025-12-18 16:24:32', 1),
	(481, '251218000654', 'undefined', 0, 0, 42508, 1, '2025-12-18 16:24:32', 1, '2025-12-18 16:24:32', 1),
	(482, '251218000654', 'undefined', 0, 200000, 0, 1, '2025-12-18 16:25:51', 1, '2025-12-18 16:25:51', 1),
	(483, '251218000654', 'undefined', 0, 0, 42508, 1, '2025-12-18 16:25:51', 1, '2025-12-18 16:25:51', 1),
	(484, '251218000654', 'undefined', 0, 200000, 0, 1, '2025-12-18 16:26:36', 1, '2025-12-18 16:26:36', 1),
	(485, '251218000654', 'undefined', 0, 0, 42508, 1, '2025-12-18 16:26:36', 1, '2025-12-18 16:26:36', 1),
	(486, '251218000654', '000096', 0, 200000, 0, 1, '2025-12-18 16:26:41', 1, '2025-12-18 16:26:41', 1),
	(487, '251218000654', '000096', 0, 0, 42508, 1, '2025-12-18 16:26:41', 1, '2025-12-18 16:26:41', 1),
	(488, '251218000654', '000096', 0, 200000, 0, 1, '2025-12-18 16:27:35', 1, '2025-12-18 16:27:35', 1),
	(489, '251218000654', '000096', 0, 0, 42508, 1, '2025-12-18 16:27:35', 1, '2025-12-18 16:27:35', 1),
	(490, '251218000654', '000096', 0, 200000, 0, 1, '2025-12-18 16:27:44', 1, '2025-12-18 16:27:44', 1),
	(491, '251218000654', '000096', 0, 0, 42508, 1, '2025-12-18 16:27:45', 1, '2025-12-18 16:27:45', 1),
	(492, '251218000654', '000096', 0, 200000, 0, 1, '2025-12-18 16:27:57', 1, '2025-12-18 16:27:57', 1),
	(493, '251218000654', '000096', 0, 0, 42508, 1, '2025-12-18 16:27:57', 1, '2025-12-18 16:27:57', 1),
	(494, '251218000654', '000096', 0, 200000, 0, 1, '2025-12-18 16:28:20', 1, '2025-12-18 16:28:20', 1),
	(495, '251218000654', '000096', 0, 0, 42508, 1, '2025-12-18 16:28:20', 1, '2025-12-18 16:28:20', 1),
	(496, '251218000654', '000096', 0, 200000, 0, 1, '2025-12-18 16:28:37', 1, '2025-12-18 16:28:37', 1),
	(497, '251218000654', '000096', 0, 0, 42508, 1, '2025-12-18 16:28:37', 1, '2025-12-18 16:28:37', 1),
	(498, '251218000654', '000096', 0, 200000, 0, 1, '2025-12-18 16:28:55', 1, '2025-12-18 16:28:55', 1),
	(499, '251218000654', '000096', 0, 0, 42508, 1, '2025-12-18 16:28:55', 1, '2025-12-18 16:28:55', 1),
	(500, '251218000654', '000096', 0, 200000, 0, 1, '2025-12-18 16:29:56', 1, '2025-12-18 16:29:56', 1),
	(501, '251218000654', '000096', 0, 0, 42508, 1, '2025-12-18 16:29:56', 1, '2025-12-18 16:29:56', 1),
	(502, '251218000655', '000096', 0, 50000, 0, 1, '2025-12-18 16:32:30', 1, '2025-12-18 16:32:30', 1),
	(503, '251218000655', '000096', 0, 0, 28450, 1, '2025-12-18 16:32:30', 1, '2025-12-18 16:32:30', 1),
	(504, '251218000655', '000096', 0, 50000, 0, 1, '2025-12-18 16:33:57', 1, '2025-12-18 16:33:57', 1),
	(505, '251218000655', '000096', 0, 0, 28450, 1, '2025-12-18 16:33:57', 1, '2025-12-18 16:33:57', 1),
	(506, '251218000655', '000096', 0, 50000, 0, 1, '2025-12-18 16:34:29', 1, '2025-12-18 16:34:29', 1),
	(507, '251218000655', '000096', 0, 0, 28450, 1, '2025-12-18 16:34:29', 1, '2025-12-18 16:34:29', 1),
	(508, '251218000657', '000096', 0, 60004, 0, 1, '2025-12-18 17:43:51', 1, '2025-12-18 17:43:51', 1),
	(509, '251218000657', '000096', 0, 0, 38454, 1, '2025-12-18 17:43:51', 1, '2025-12-18 17:43:51', 1),
	(510, '251218000657', '000096', 0, 60004, 0, 1, '2025-12-18 17:44:43', 1, '2025-12-18 17:44:43', 1),
	(511, '251218000657', '000096', 0, 0, 38454, 1, '2025-12-18 17:44:43', 1, '2025-12-18 17:44:43', 1),
	(512, '251218000657', '000096', 0, 60004, 0, 1, '2025-12-18 17:44:56', 1, '2025-12-18 17:44:56', 1),
	(513, '251218000657', '000096', 0, 0, 38454, 1, '2025-12-18 17:44:56', 1, '2025-12-18 17:44:56', 1),
	(514, '251218000657', '000096', 0, 60004, 0, 1, '2025-12-18 17:45:29', 1, '2025-12-18 17:45:29', 1),
	(515, '251218000657', '000096', 0, 0, 38454, 1, '2025-12-18 17:45:29', 1, '2025-12-18 17:45:29', 1),
	(516, '251218000657', '000096', 0, 60004, 0, 1, '2025-12-18 17:53:13', 1, '2025-12-18 17:53:13', 1),
	(517, '251218000657', '000096', 0, 0, 38454, 1, '2025-12-18 17:53:13', 1, '2025-12-18 17:53:13', 1),
	(518, '251218000657', '000096', 0, 60004, 0, 1, '2025-12-18 17:54:13', 1, '2025-12-18 17:54:13', 1),
	(519, '251218000657', '000096', 0, 0, 38454, 1, '2025-12-18 17:54:13', 1, '2025-12-18 17:54:13', 1),
	(520, '251218000657', '000096', 0, 60004, 0, 1, '2025-12-18 17:55:00', 1, '2025-12-18 17:55:00', 1),
	(521, '251218000657', '000096', 0, 0, 38454, 1, '2025-12-18 17:55:00', 1, '2025-12-18 17:55:00', 1),
	(522, '251218000657', '000096', 0, 60004, 0, 1, '2025-12-18 17:57:09', 1, '2025-12-18 17:57:09', 1),
	(523, '251218000657', '000096', 0, 0, 38454, 1, '2025-12-18 17:57:09', 1, '2025-12-18 17:57:09', 1),
	(524, '251218000657', '000096', 0, 60004, 0, 1, '2025-12-18 18:00:34', 1, '2025-12-18 18:00:34', 1),
	(525, '251218000657', '000096', 0, 0, 38454, 1, '2025-12-18 18:00:34', 1, '2025-12-18 18:00:34', 1),
	(526, '251218000657', '000096', 0, 60004, 0, 1, '2025-12-18 18:07:35', 1, '2025-12-18 18:07:35', 1),
	(527, '251218000657', '000096', 0, 0, 38454, 1, '2025-12-18 18:07:35', 1, '2025-12-18 18:07:35', 1),
	(528, '251218000657', '000096', 0, 60004, 0, 1, '2025-12-18 18:11:31', 1, '2025-12-18 18:11:31', 1),
	(529, '251218000657', '000096', 0, 0, 38454, 1, '2025-12-18 18:11:31', 1, '2025-12-18 18:11:31', 1),
	(530, '251218000656', '000096', 0, 100000, 0, 1, '2025-12-19 13:27:19', 1, '2025-12-19 13:27:19', 1),
	(531, '251218000656', '000096', 0, 0, 35831, 1, '2025-12-19 13:27:19', 1, '2025-12-19 13:27:19', 1),
	(532, '251218000656', '000096', 0, 100000, 0, 1, '2025-12-19 14:38:56', 1, '2025-12-19 14:38:56', 1),
	(533, '251218000656', '000096', 0, 0, 35831, 1, '2025-12-19 14:38:56', 1, '2025-12-19 14:38:56', 1),
	(534, '251219000658', '000097', 0, 100000, 0, 0, '2025-12-19 16:12:50', 1, '2025-12-19 16:33:12', 76),
	(535, '251219000658', '000097', 0, 0, 98134, 0, '2025-12-19 16:12:50', 1, '2025-12-19 16:33:12', 76),
	(536, '251219000658', '000097', 0, 101866, 0, 0, '2025-12-19 16:32:14', 1, '2025-12-19 16:33:12', 76),
	(537, '251219000658', '000097', 0, 0, 100000, 0, '2025-12-19 16:32:14', 1, '2025-12-19 16:33:12', 76),
	(538, '260108000661', '000101', 0, 100000, 0, 1, '2026-01-08 17:09:17', 1, '2026-01-08 17:09:17', 1),
	(539, '260108000661', '000101', 0, 0, 47000, 1, '2026-01-08 17:09:17', 1, '2026-01-08 17:09:17', 1),
	(540, '260108000662', '000101', 0, 200000, 0, 1, '2026-01-08 17:58:30', 1, '2026-01-08 17:58:30', 1),
	(541, '260108000662', '000101', 0, 0, 85887, 1, '2026-01-08 17:58:30', 1, '2026-01-08 17:58:30', 1),
	(542, '260109000663', '000102', 0, 400000, 0, 1, '2026-01-09 13:15:42', 1, '2026-01-09 13:15:42', 1),
	(543, '260109000663', '000102', 0, 0, 13995, 1, '2026-01-09 13:15:42', 1, '2026-01-09 13:15:42', 1),
	(544, '260109000664', '000102', 0, 210000, 0, 1, '2026-01-09 13:16:29', 1, '2026-01-09 13:16:29', 1),
	(545, '260109000664', '000102', 0, 0, 27742, 1, '2026-01-09 13:16:29', 1, '2026-01-09 13:16:29', 1),
	(546, '260109000666', '000102', 0, 0, 0, 1, '2026-01-09 15:57:19', 1, '2026-01-09 15:57:19', 1),
	(547, '260109000666', '000102', 0, 0, 0, 1, '2026-01-09 15:57:19', 1, '2026-01-09 15:57:19', 1),
	(548, '260127000667', '000107', 0, 150000, 0, 1, '2026-01-27 15:01:10', 1, '2026-01-27 15:01:10', 1),
	(549, '260127000667', '000107', 0, 0, 29506, 1, '2026-01-27 15:01:10', 1, '2026-01-27 15:01:10', 1),
	(550, '260127000668', '000107', 0, 400000, 0, 1, '2026-01-27 15:37:24', 1, '2026-01-27 15:37:24', 1),
	(551, '260127000668', '000107', 0, 0, 59149, 1, '2026-01-27 15:37:24', 1, '2026-01-27 15:37:24', 1),
	(552, '260127000669', '000107', 0, 100000, 0, 1, '2026-01-27 15:57:41', 1, '2026-01-27 15:57:41', 1),
	(553, '260127000669', '000107', 0, 0, 14762, 1, '2026-01-27 15:57:41', 1, '2026-01-27 15:57:41', 1),
	(554, '260127000670', '000107', 0, 300000, 0, 1, '2026-01-27 17:09:49', 1, '2026-01-27 17:09:49', 1),
	(555, '260127000670', '000107', 0, 0, 64000, 1, '2026-01-27 17:09:49', 1, '2026-01-27 17:09:49', 1),
	(556, '260210000671', '000108', 0, 300000, 0, 1, '2026-02-10 11:10:41', 1, '2026-02-10 11:10:41', 1),
	(557, '260210000671', '000108', 0, 0, 64000, 1, '2026-02-10 11:10:41', 1, '2026-02-10 11:10:41', 1),
	(558, '260210000672', '000108', 0, 400000, 0, 1, '2026-02-10 11:22:19', 1, '2026-02-10 11:22:19', 1),
	(559, '260210000672', '000108', 0, 0, 31168, 1, '2026-02-10 11:22:19', 1, '2026-02-10 11:22:19', 1),
	(560, '260210000673', '000108', 0, 200000, 0, 1, '2026-02-10 11:38:56', 1, '2026-02-10 11:38:56', 1),
	(561, '260210000673', '000108', 0, 0, 178450, 1, '2026-02-10 11:38:56', 1, '2026-02-10 11:38:56', 1),
	(562, '260210000675', '000108', 0, 350000, 0, 1, '2026-02-10 11:52:41', 1, '2026-02-10 11:52:41', 1),
	(563, '260210000675', '000108', 0, 0, 293800, 1, '2026-02-10 11:52:41', 1, '2026-02-10 11:52:41', 1),
	(564, '260211000677', '000109', 0, 1200000, 0, 1, '2026-02-12 15:06:33', 1, '2026-02-12 15:06:33', 1),
	(565, '260211000677', '000109', 0, 0, 122000, 1, '2026-02-12 15:06:33', 1, '2026-02-12 15:06:33', 1),
	(566, '260212000682', '000110', 0, 1050000, 0, 1, '2026-02-13 14:29:08', 1, '2026-02-13 14:29:08', 1),
	(567, '260212000682', '000110', 0, 0, 20000, 1, '2026-02-13 14:29:08', 1, '2026-02-13 14:29:08', 1),
	(568, '260212000679', '000110', 0, 200000, 0, 1, '2026-02-13 14:29:22', 1, '2026-02-13 14:29:22', 1),
	(569, '260212000679', '000110', 0, 0, 115000, 1, '2026-02-13 14:29:22', 1, '2026-02-13 14:29:22', 1),
	(570, '260212000678', '000110', 0, 600000, 0, 1, '2026-02-13 14:29:59', 1, '2026-02-13 14:29:59', 1),
	(571, '260212000678', '000110', 0, 0, 100000, 1, '2026-02-13 14:29:59', 1, '2026-02-13 14:29:59', 1),
	(572, '260212000680', '000110', 0, 100000, 0, 1, '2026-02-13 14:30:20', 1, '2026-02-13 14:30:20', 1),
	(573, '260212000680', '000110', 0, 0, 67000, 1, '2026-02-13 14:30:21', 1, '2026-02-13 14:30:21', 1),
	(574, '260213000683', '000111', 0, 600000, 0, 1, '2026-02-23 15:26:16', 1, '2026-02-23 15:26:16', 1),
	(575, '260213000683', '000111', 0, 0, 100000, 1, '2026-02-23 15:26:16', 1, '2026-02-23 15:26:16', 1),
	(576, '260223000685', '000112', 0, 0, 0, 1, '2026-02-23 15:28:14', 1, '2026-02-23 15:28:14', 1),
	(577, '260223000685', '000112', 0, 0, 0, 1, '2026-02-23 15:28:14', 1, '2026-02-23 15:28:14', 1);

-- Dumping structure for table pos_resto.daily_check
CREATE TABLE IF NOT EXISTS `daily_check` (
  `id` varchar(50) CHARACTER SET utf8mb4 COLLATE utf8mb4_general_ci NOT NULL DEFAULT '0',
  `dailyScheduleId` smallint(6) NOT NULL DEFAULT 0,
  `outletId` tinyint(4) DEFAULT NULL,
  `closed` tinyint(4) NOT NULL DEFAULT 0,
  `startDate` datetime NOT NULL DEFAULT '2025-01-01 00:00:00',
  `closeDate` datetime DEFAULT NULL,
  `closeDateLimit` datetime DEFAULT NULL,
  `startBalance` int(11) NOT NULL DEFAULT 0,
  `closeBalance` int(11) NOT NULL DEFAULT 0,
  `totalTables` smallint(6) NOT NULL DEFAULT 0,
  `totalCover` smallint(6) NOT NULL DEFAULT 0,
  `totalBill` smallint(6) NOT NULL DEFAULT 0,
  `totalItem` smallint(6) NOT NULL DEFAULT 0,
  `totalVoid` smallint(6) NOT NULL DEFAULT 0,
  `totalTA` smallint(6) NOT NULL DEFAULT 0,
  `discount` int(11) NOT NULL DEFAULT 0,
  `sc` int(11) NOT NULL DEFAULT 0,
  `scIncluded` int(11) NOT NULL DEFAULT 0,
  `tax` int(11) NOT NULL DEFAULT 0,
  `taxIncluded` int(11) NOT NULL DEFAULT 0,
  `subTotal` int(11) NOT NULL DEFAULT 0,
  `grandTotal` int(11) NOT NULL DEFAULT 0,
  `presence` tinyint(2) NOT NULL DEFAULT 1,
  `inputDate` datetime NOT NULL DEFAULT '2025-01-01 00:00:00',
  `inputBy` smallint(6) NOT NULL DEFAULT 1,
  `updateDate` datetime NOT NULL DEFAULT '2025-01-01 00:00:00',
  `updateBy` smallint(6) NOT NULL DEFAULT 1,
  PRIMARY KEY (`id`)
) ENGINE=InnoDB DEFAULT CHARSET=utf16 COLLATE=utf16_bin;

-- Dumping data for table pos_resto.daily_check: ~68 rows (approximately)
INSERT INTO `daily_check` (`id`, `dailyScheduleId`, `outletId`, `closed`, `startDate`, `closeDate`, `closeDateLimit`, `startBalance`, `closeBalance`, `totalTables`, `totalCover`, `totalBill`, `totalItem`, `totalVoid`, `totalTA`, `discount`, `sc`, `scIncluded`, `tax`, `taxIncluded`, `subTotal`, `grandTotal`, `presence`, `inputDate`, `inputBy`, `updateDate`, `updateBy`) VALUES
	('000021', 0, NULL, 1, '2025-07-15 16:12:38', '2025-07-22 13:00:59', '2025-07-22 00:00:00', 0, 1, 0, 0, 0, 0, 0, 0, 0, 0, 0, 0, 0, 0, 0, 1, '2025-07-15 16:12:38', 1, '2025-07-22 13:00:59', 1),
	('000022', 0, NULL, 1, '2025-07-22 13:01:05', '2025-07-22 13:09:27', '2025-07-23 00:00:00', 0, 1, 0, 0, 0, 0, 0, 0, 0, 0, 0, 0, 0, 0, 0, 1, '2025-07-22 13:01:05', 1, '2025-07-22 13:09:27', 1),
	('000024', 1, NULL, 1, '2025-07-22 13:13:17', '2025-07-22 15:59:47', '2025-07-23 00:00:00', 0, 1, 0, 0, 0, 0, 0, 0, 0, 0, 0, 0, 0, 0, 0, 1, '2025-07-22 13:13:17', 1, '2025-07-22 15:59:47', 1),
	('000025', 0, NULL, 1, '2025-07-22 16:04:37', '2025-07-22 16:22:03', '2025-07-23 00:00:00', 0, 1, 0, 0, 0, 0, 0, 0, 0, 0, 0, 0, 0, 0, 0, 1, '2025-07-22 16:04:37', 1, '2025-07-22 16:22:03', 1),
	('000026', 0, NULL, 1, '2025-07-22 16:22:57', '2025-07-22 16:27:54', '2025-07-23 03:00:00', 0, 1, 0, 0, 0, 0, 0, 0, 0, 0, 0, 0, 0, 0, 0, 1, '2025-07-22 16:22:57', 1, '2025-07-22 16:27:54', 1),
	('000028', 2, NULL, 1, '2025-07-22 16:28:18', '2025-07-23 11:30:32', '2025-07-23 03:00:00', 0, 1, 0, 0, 0, 0, 0, 0, 0, 0, 0, 0, 0, 0, 0, 1, '2025-07-22 16:28:18', 1, '2025-07-23 11:30:32', 1),
	('000029', 1, NULL, 1, '2025-07-23 11:30:39', '2025-07-24 11:05:01', '2025-07-24 00:00:00', 0, 1, 0, 0, 0, 0, 0, 0, 0, 0, 0, 0, 0, 0, 0, 1, '2025-07-23 11:30:39', 1, '2025-07-24 11:05:01', 1),
	('000030', 2, NULL, 1, '2025-07-24 11:05:04', '2025-07-25 13:24:21', '2025-07-25 03:00:00', 0, 1, 0, 0, 0, 0, 0, 0, 0, 0, 0, 0, 0, 0, 0, 1, '2025-07-24 11:05:04', 1, '2025-07-25 13:24:21', 1),
	('000031', 1, NULL, 1, '2025-07-25 13:24:23', '2025-07-28 12:41:34', '2025-07-26 00:00:00', 0, 1, 0, 0, 0, 0, 0, 0, 0, 0, 0, 0, 0, 0, 0, 1, '2025-07-25 13:24:23', 1, '2025-07-28 12:41:34', 1),
	('000032', 1, NULL, 1, '2025-07-28 12:41:51', '2025-07-29 13:14:50', '2025-07-29 00:00:00', 0, 1, 0, 0, 0, 0, 0, 0, 0, 0, 0, 0, 0, 0, 0, 1, '2025-07-28 12:41:51', 1, '2025-07-29 13:14:50', 1),
	('000033', 2, NULL, 1, '2025-07-29 13:14:57', '2025-07-30 12:21:22', '2025-07-30 03:00:00', 0, 1, 0, 0, 0, 0, 0, 0, 0, 0, 0, 0, 0, 0, 0, 1, '2025-07-29 13:14:57', 1, '2025-07-30 12:21:22', 1),
	('000034', 1, NULL, 1, '2025-07-30 12:21:26', '2025-08-07 16:42:06', '2025-07-31 00:00:00', 0, 1, 0, 0, 0, 0, 0, 0, 0, 0, 0, 0, 0, 0, 0, 1, '2025-07-30 12:21:26', 1, '2025-08-07 16:42:06', 1),
	('000035', 2, NULL, 1, '2025-08-07 16:42:28', '2025-08-13 18:01:36', '2025-08-08 04:00:00', 0, 1, 0, 0, 0, 0, 0, 0, 0, 0, 0, 0, 0, 0, 0, 1, '2025-08-07 16:42:28', 1, '2025-08-13 18:01:36', 1),
	('000036', 1, NULL, 1, '2025-08-13 18:01:40', '2025-08-15 14:29:40', '2025-08-14 00:00:00', 0, 1, 0, 0, 0, 0, 0, 0, 0, 0, 0, 0, 0, 0, 0, 1, '2025-08-13 18:01:40', 1, '2025-08-15 14:29:40', 1),
	('000037', 1, NULL, 1, '2025-08-15 14:29:49', '2025-08-19 12:15:58', '2025-08-16 00:00:00', 0, 1, 0, 0, 0, 0, 0, 0, 0, 0, 0, 0, 0, 0, 0, 1, '2025-08-15 14:29:49', 1, '2025-08-19 12:15:58', 1),
	('000038', 2, NULL, 1, '2025-08-19 12:16:03', '2025-08-20 11:35:52', '2025-08-20 04:00:00', 0, 1, 0, 0, 0, 0, 0, 0, 0, 0, 0, 0, 0, 0, 0, 1, '2025-08-19 12:16:03', 1, '2025-08-20 11:35:52', 1),
	('000039', 2, NULL, 1, '2025-08-20 11:35:56', '2025-08-21 15:43:49', '2025-08-21 04:00:00', 0, 1, 0, 0, 0, 0, 0, 0, 0, 0, 0, 0, 0, 0, 0, 1, '2025-08-20 11:35:56', 1, '2025-08-21 15:43:49', 1),
	('000040', 2, NULL, 1, '2025-08-21 15:43:53', '2025-08-22 13:18:22', '2025-08-22 04:00:00', 0, 1, 0, 0, 0, 0, 0, 0, 0, 0, 0, 0, 0, 0, 0, 1, '2025-08-21 15:43:53', 1, '2025-08-22 13:18:22', 1),
	('000041', 1, NULL, 1, '2025-08-22 13:18:26', '2025-08-25 11:12:28', '2025-08-23 00:00:00', 0, 1, 0, 0, 0, 0, 0, 0, 0, 0, 0, 0, 0, 0, 0, 1, '2025-08-22 13:18:26', 1, '2025-08-25 11:12:28', 1),
	('000042', 1, NULL, 1, '2025-08-25 11:12:32', '2025-08-26 11:38:19', '2025-08-26 00:00:00', 0, 1, 0, 0, 0, 0, 0, 0, 0, 0, 0, 0, 0, 0, 0, 1, '2025-08-25 11:12:32', 1, '2025-08-26 11:38:19', 1),
	('000043', 2, NULL, 1, '2025-08-26 11:39:49', '2025-08-28 13:21:40', '2025-08-27 04:00:00', 0, 1, 0, 0, 0, 0, 0, 0, 0, 0, 0, 0, 0, 0, 0, 1, '2025-08-26 11:39:49', 1, '2025-08-28 13:21:40', 1),
	('000044', 2, NULL, 1, '2025-08-28 13:21:43', '2025-09-02 13:26:52', '2025-08-29 04:00:00', 0, 1, 0, 0, 0, 0, 0, 0, 0, 0, 0, 0, 0, 0, 0, 1, '2025-08-28 13:21:43', 1, '2025-09-02 13:26:52', 1),
	('000045', 2, NULL, 1, '2025-09-02 13:29:29', '2025-09-02 13:30:09', '2025-09-03 04:00:00', 0, 1, 0, 0, 0, 0, 0, 0, 0, 0, 0, 0, 0, 0, 0, 1, '2025-09-02 13:29:29', 1, '2025-09-02 13:30:09', 1),
	('000046', 2, NULL, 1, '2025-09-02 13:31:56', '2025-09-03 13:56:15', '2025-09-03 04:00:00', 0, 1, 0, 0, 0, 0, 0, 0, 0, 0, 0, 0, 0, 0, 0, 1, '2025-09-02 13:31:56', 1, '2025-09-03 13:56:15', 1),
	('000047', 2, NULL, 1, '2025-09-03 13:56:20', '2025-09-08 13:12:53', '2025-09-04 04:00:00', 0, 1, 0, 0, 0, 0, 0, 0, 0, 0, 0, 0, 0, 0, 0, 1, '2025-09-03 13:56:20', 1, '2025-09-08 13:12:53', 1),
	('000048', 1, NULL, 1, '2025-09-08 13:12:59', '2025-09-09 11:51:25', '2025-09-09 00:00:00', 0, 1, 0, 0, 0, 0, 0, 0, 0, 0, 0, 0, 0, 0, 0, 1, '2025-09-08 13:12:59', 1, '2025-09-09 11:51:25', 1),
	('000049', 2, NULL, 1, '2025-09-09 11:51:29', '2025-09-10 12:01:48', '2025-09-10 04:00:00', 0, 1, 0, 0, 0, 0, 0, 0, 0, 0, 0, 0, 0, 0, 0, 1, '2025-09-09 11:51:29', 1, '2025-09-10 12:01:48', 1),
	('000050', 2, NULL, 1, '2025-09-10 12:01:53', '2025-09-11 11:38:28', '2025-09-11 04:00:00', 0, 1, 0, 0, 0, 0, 0, 0, 0, 0, 0, 0, 0, 0, 0, 1, '2025-09-10 12:01:53', 1, '2025-09-11 11:38:28', 1),
	('000051', 2, NULL, 1, '2025-09-11 11:38:31', '2025-09-12 12:24:58', '2025-09-12 04:00:00', 0, 1, 0, 0, 0, 0, 0, 0, 0, 0, 0, 0, 0, 0, 0, 1, '2025-09-11 11:38:31', 1, '2025-09-12 12:24:58', 1),
	('000052', 1, NULL, 1, '2025-09-12 12:25:01', '2025-09-15 12:07:54', '2025-09-13 00:00:00', 0, 1, 0, 0, 0, 0, 0, 0, 0, 0, 0, 0, 0, 0, 0, 1, '2025-09-12 12:25:01', 1, '2025-09-15 12:07:54', 1),
	('000053', 1, NULL, 1, '2025-09-15 12:07:59', '2025-09-16 13:32:33', '2025-09-16 00:00:00', 0, 1, 0, 0, 0, 0, 0, 0, 0, 0, 0, 0, 0, 0, 0, 1, '2025-09-15 12:07:59', 1, '2025-09-16 13:32:33', 1),
	('000054', 2, NULL, 1, '2025-09-16 13:32:37', '2025-09-18 13:11:31', '2025-09-17 04:00:00', 0, 1, 0, 0, 0, 0, 0, 0, 0, 0, 0, 0, 0, 0, 0, 1, '2025-09-16 13:32:37', 1, '2025-09-18 13:11:31', 1),
	('000055', 2, NULL, 1, '2025-09-18 13:11:35', '2025-09-19 12:19:33', '2025-09-19 04:00:00', 0, 1, 0, 0, 0, 0, 0, 0, 0, 0, 0, 0, 0, 0, 0, 1, '2025-09-18 13:11:35', 1, '2025-09-19 12:19:33', 1),
	('000056', 1, NULL, 1, '2025-09-19 12:19:37', '2025-09-22 14:47:49', '2025-09-20 00:00:00', 0, 1, 0, 0, 0, 0, 0, 0, 0, 0, 0, 0, 0, 0, 0, 1, '2025-09-19 12:19:37', 1, '2025-09-22 14:47:49', 1),
	('000057', 1, NULL, 1, '2025-09-22 14:47:53', '2025-09-23 13:29:55', '2025-09-23 00:00:00', 0, 1, 0, 0, 0, 0, 0, 0, 0, 0, 0, 0, 0, 0, 0, 1, '2025-09-22 14:47:53', 1, '2025-09-23 13:29:55', 1),
	('000058', 2, NULL, 1, '2025-09-23 13:30:00', '2025-09-24 13:35:05', '2025-09-24 04:00:00', 0, 1, 0, 0, 0, 0, 0, 0, 0, 0, 0, 0, 0, 0, 0, 1, '2025-09-23 13:30:00', 1, '2025-09-24 13:35:05', 1),
	('000059', 2, NULL, 1, '2025-09-24 13:35:11', '2025-09-26 13:07:01', '2025-09-25 04:00:00', 0, 1, 0, 0, 0, 0, 0, 0, 0, 0, 0, 0, 0, 0, 0, 1, '2025-09-24 13:35:11', 1, '2025-09-26 13:07:01', 1),
	('000060', 1, NULL, 1, '2025-09-26 13:07:09', '2025-09-29 12:28:00', '2025-09-27 00:00:00', 0, 1, 0, 0, 0, 0, 0, 0, 0, 0, 0, 0, 0, 0, 0, 1, '2025-09-26 13:07:09', 1, '2025-09-29 12:28:00', 1),
	('000061', 1, NULL, 1, '2025-09-29 12:28:06', '2025-09-29 12:46:09', '2025-09-30 00:00:00', 0, 1, 0, 0, 0, 0, 0, 0, 0, 0, 0, 0, 0, 0, 0, 1, '2025-09-29 12:28:06', 1, '2025-09-29 12:46:09', 1),
	('000062', 1, NULL, 1, '2025-09-29 12:46:41', '2025-10-01 12:11:24', '2025-09-30 00:00:00', 0, 1, 0, 0, 0, 0, 0, 0, 0, 0, 0, 0, 0, 0, 0, 1, '2025-09-29 12:46:41', 1, '2025-10-01 12:11:24', 1),
	('000063', 2, NULL, 1, '2025-10-01 12:11:29', '2025-10-03 12:12:00', '2025-10-02 04:00:00', 0, 1, 0, 0, 0, 0, 0, 0, 0, 0, 0, 0, 0, 0, 0, 1, '2025-10-01 12:11:29', 1, '2025-10-03 12:12:00', 1),
	('000064', 1, NULL, 1, '2025-10-03 12:12:03', '2025-10-06 12:43:30', '2025-10-04 00:00:00', 0, 1, 0, 0, 0, 0, 0, 0, 0, 0, 0, 0, 0, 0, 0, 1, '2025-10-03 12:12:03', 1, '2025-10-06 12:43:30', 1),
	('000065', 1, NULL, 1, '2025-10-06 12:43:33', '2025-10-07 11:15:28', '2025-10-07 00:00:00', 0, 1, 0, 0, 0, 0, 0, 0, 0, 0, 0, 0, 0, 0, 0, 1, '2025-10-06 12:43:33', 1, '2025-10-07 11:15:28', 1),
	('000066', 2, NULL, 1, '2025-10-07 11:15:32', '2025-10-08 12:25:49', '2025-10-08 04:00:00', 0, 1, 0, 0, 0, 0, 0, 0, 0, 0, 0, 0, 0, 0, 0, 1, '2025-10-07 11:15:32', 1, '2025-10-08 12:25:49', 1),
	('000067', 2, NULL, 1, '2025-10-08 12:25:58', '2025-10-20 13:49:34', '2025-10-09 04:00:00', 0, 1, 0, 0, 0, 0, 0, 0, 0, 0, 0, 0, 0, 0, 0, 1, '2025-10-08 12:25:58', 1, '2025-10-20 13:49:34', 1),
	('000068', 1, NULL, 1, '2025-10-20 13:49:39', '2025-10-21 13:27:46', '2025-10-21 00:00:00', 0, 1, 0, 0, 0, 0, 0, 0, 0, 0, 0, 0, 0, 0, 0, 1, '2025-10-20 13:49:39', 1, '2025-10-21 13:27:46', 1),
	('000069', 2, NULL, 1, '2025-10-21 13:27:52', '2025-10-24 11:31:49', '2025-10-22 04:00:00', 0, 1, 0, 0, 0, 0, 0, 0, 0, 0, 0, 0, 0, 0, 0, 1, '2025-10-21 13:27:52', 1, '2025-10-24 11:31:49', 1),
	('000070', 1, NULL, 1, '2025-10-24 11:31:54', '2025-10-27 11:18:19', '2025-10-25 00:00:00', 0, 1, 0, 0, 0, 0, 0, 0, 0, 0, 0, 0, 0, 0, 0, 1, '2025-10-24 11:31:54', 1, '2025-10-27 11:18:19', 1),
	('000071', 1, NULL, 1, '2025-10-27 11:18:24', '2025-10-28 12:13:41', '2025-10-28 00:00:00', 0, 1, 0, 0, 0, 0, 0, 0, 0, 0, 0, 0, 0, 0, 0, 1, '2025-10-27 11:18:24', 1, '2025-10-28 12:13:41', 1),
	('000072', 2, NULL, 1, '2025-10-28 12:13:46', '2025-10-29 10:45:16', '2025-10-29 04:00:00', 0, 1, 0, 0, 0, 0, 0, 0, 0, 0, 0, 0, 0, 0, 0, 1, '2025-10-28 12:13:46', 1, '2025-10-29 10:45:16', 1),
	('000073', 2, NULL, 1, '2025-10-29 10:45:21', '2025-10-30 13:14:36', '2025-10-30 04:00:00', 0, 1, 0, 0, 0, 0, 0, 0, 0, 0, 0, 0, 0, 0, 0, 1, '2025-10-29 10:45:21', 1, '2025-10-30 13:14:36', 1),
	('000074', 2, NULL, 1, '2025-10-30 13:14:41', '2025-10-31 16:36:54', '2025-10-31 04:00:00', 0, 1, 0, 0, 0, 0, 0, 0, 0, 0, 0, 0, 0, 0, 0, 1, '2025-10-30 13:14:41', 1, '2025-10-31 16:36:54', 1),
	('000075', 1, NULL, 1, '2025-10-31 16:36:58', '2025-11-03 14:11:39', '2025-11-01 00:00:00', 0, 1, 0, 0, 0, 0, 0, 0, 0, 0, 0, 0, 0, 0, 0, 1, '2025-10-31 16:36:58', 1, '2025-11-03 14:11:39', 1),
	('000076', 1, NULL, 1, '2025-11-03 14:11:43', '2025-11-04 13:24:29', '2025-11-04 00:00:00', 0, 1, 0, 0, 0, 0, 0, 0, 0, 0, 0, 0, 0, 0, 0, 1, '2025-11-03 14:11:43', 1, '2025-11-04 13:24:29', 1),
	('000077', 2, NULL, 1, '2025-11-04 13:24:33', '2025-11-07 12:20:17', '2025-11-05 04:00:00', 0, 1, 0, 0, 0, 0, 0, 0, 0, 0, 0, 0, 0, 0, 0, 1, '2025-11-04 13:24:33', 1, '2025-11-07 12:20:17', 1),
	('000078', 1, NULL, 1, '2025-11-07 12:20:21', '2025-11-10 11:34:09', '2025-11-08 00:00:00', 0, 1, 0, 0, 0, 0, 0, 0, 0, 0, 0, 0, 0, 0, 0, 1, '2025-11-07 12:20:21', 1, '2025-11-10 11:34:09', 1),
	('000079', 1, NULL, 1, '2025-11-10 11:34:13', '2025-11-12 13:30:20', '2025-11-11 00:00:00', 0, 1, 0, 0, 0, 0, 0, 0, 0, 0, 0, 0, 0, 0, 0, 1, '2025-11-10 11:34:13', 1, '2025-11-12 13:30:20', 1),
	('000080', 2, NULL, 1, '2025-11-12 13:30:24', '2025-11-14 13:59:40', '2025-11-13 04:00:00', 0, 1, 0, 0, 0, 0, 0, 0, 0, 0, 0, 0, 0, 0, 0, 1, '2025-11-12 13:30:24', 1, '2025-11-14 13:59:40', 1),
	('000081', 1, NULL, 1, '2025-11-14 13:59:44', '2025-11-20 15:37:48', '2025-11-15 00:00:00', 0, 1, 0, 0, 0, 0, 0, 0, 0, 0, 0, 0, 0, 0, 0, 1, '2025-11-14 13:59:44', 1, '2025-11-20 15:37:48', 1),
	('000082', 2, NULL, 1, '2025-11-20 15:39:54', '2025-11-25 13:23:08', '2025-11-21 04:00:00', 0, 1, 0, 0, 0, 0, 0, 0, 0, 0, 0, 0, 0, 0, 0, 1, '2025-11-20 15:39:54', 1, '2025-11-25 13:23:08', 1),
	('000083', 2, NULL, 1, '2025-11-25 13:23:17', '2025-11-26 13:50:57', '2025-11-26 04:00:00', 0, 1, 0, 0, 0, 0, 0, 0, 0, 0, 0, 0, 0, 0, 0, 1, '2025-11-25 13:23:17', 1, '2025-11-26 13:50:57', 1),
	('000084', 2, NULL, 1, '2025-11-26 13:51:01', '2025-12-02 14:04:33', '2025-11-27 04:00:00', 0, 1, 0, 0, 0, 0, 0, 0, 0, 0, 0, 0, 0, 0, 0, 1, '2025-11-26 13:51:01', 1, '2025-12-02 14:04:33', 1),
	('000085', 2, NULL, 1, '2025-12-02 14:04:38', '2025-12-03 11:48:29', '2025-12-03 04:00:00', 0, 1, 0, 0, 0, 0, 0, 0, 0, 0, 0, 0, 0, 0, 0, 1, '2025-12-02 14:04:38', 1, '2025-12-03 11:48:29', 1),
	('000086', 2, NULL, 1, '2025-12-03 11:48:33', '2025-12-04 13:05:28', '2025-12-04 04:00:00', 0, 1, 0, 0, 0, 0, 0, 0, 0, 0, 0, 0, 0, 0, 0, 1, '2025-12-03 11:48:33', 1, '2025-12-04 13:05:28', 1),
	('000087', 2, NULL, 1, '2025-12-04 13:05:33', '2025-12-11 13:19:39', '2025-12-05 04:00:00', 0, 1, 0, 0, 0, 0, 0, 0, 0, 0, 0, 0, 0, 0, 0, 1, '2025-12-04 13:05:33', 1, '2025-12-11 13:19:39', 1),
	('000088', 2, NULL, 1, '2025-12-11 13:20:36', '2025-12-11 13:50:59', '2025-12-12 04:00:00', 0, 1, 0, 0, 0, 0, 0, 0, 0, 0, 0, 0, 0, 0, 0, 1, '2025-12-11 13:20:36', 1, '2025-12-11 13:50:59', 1),
	('000089', 2, NULL, 1, '2025-12-11 13:51:03', '2025-12-11 14:08:30', '2025-12-12 04:00:00', 0, 1, 0, 0, 0, 0, 0, 0, 0, 0, 0, 0, 0, 0, 0, 1, '2025-12-11 13:51:03', 1, '2025-12-11 14:08:30', 1),
	('000090', 2, NULL, 1, '2025-12-11 14:08:39', '2025-12-11 14:24:38', '2025-12-12 04:00:00', 0, 1, 0, 0, 0, 0, 0, 0, 0, 0, 0, 0, 0, 0, 0, 1, '2025-12-11 14:08:39', 1, '2025-12-11 14:24:38', 1),
	('000091', 2, NULL, 1, '2025-12-11 14:46:13', '2025-12-11 15:54:18', '2025-12-12 04:00:00', 0, 1, 0, 0, 0, 0, 0, 0, 0, 0, 0, 0, 0, 0, 0, 1, '2025-12-11 14:46:13', 1, '2025-12-11 15:54:18', 1),
	('000092', 2, NULL, 1, '2025-12-11 16:18:49', '2025-12-12 14:50:00', '2025-12-12 04:00:00', 0, 1, 0, 0, 0, 0, 0, 0, 0, 0, 0, 0, 0, 0, 0, 1, '2025-12-11 16:18:49', 1, '2025-12-12 14:50:00', 1),
	('000093', 1, NULL, 1, '2025-12-12 14:50:03', '2025-12-15 15:41:12', '2025-12-13 00:00:00', 0, 1, 0, 0, 0, 0, 0, 0, 0, 0, 0, 0, 0, 0, 0, 1, '2025-12-12 14:50:03', 1, '2025-12-15 15:41:12', 1),
	('000094', 1, NULL, 1, '2025-12-15 15:41:15', '2025-12-17 11:29:50', '2025-12-16 00:00:00', 0, 1, 0, 0, 0, 0, 0, 0, 0, 0, 0, 0, 0, 0, 0, 1, '2025-12-15 15:41:15', 1, '2025-12-17 11:29:50', 1),
	('000095', 2, NULL, 1, '2025-12-17 11:29:54', '2025-12-18 15:19:02', '2025-12-18 04:00:00', 0, 1, 0, 0, 0, 0, 0, 0, 0, 0, 0, 0, 0, 0, 0, 1, '2025-12-17 11:29:54', 1, '2025-12-18 15:19:02', 1),
	('000096', 2, NULL, 1, '2025-12-18 15:19:06', '2025-12-19 16:07:43', '2025-12-19 04:00:00', 0, 1, 0, 0, 0, 0, 0, 0, 0, 0, 0, 0, 0, 0, 0, 1, '2025-12-18 15:19:06', 1, '2025-12-19 16:07:43', 1),
	('000097', 1, NULL, 1, '2025-12-19 16:07:47', '2025-12-22 14:07:34', '2025-12-20 00:00:00', 0, 1, 0, 0, 0, 0, 0, 0, 0, 0, 0, 0, 0, 0, 0, 1, '2025-12-19 16:07:47', 1, '2025-12-22 14:07:34', 1),
	('000098', 1, NULL, 1, '2025-12-22 14:07:38', '2025-12-23 15:20:32', '2025-12-23 00:00:00', 0, 1, 0, 0, 0, 0, 0, 0, 0, 0, 0, 0, 0, 0, 0, 1, '2025-12-22 14:07:38', 1, '2025-12-23 15:20:32', 1),
	('000099', 2, NULL, 1, '2025-12-23 15:20:36', '2026-01-06 12:03:47', '2025-12-24 04:00:00', 0, 1, 0, 0, 0, 0, 0, 0, 0, 0, 0, 0, 0, 0, 0, 1, '2025-12-23 15:20:36', 1, '2026-01-06 12:03:47', 1),
	('000100', 2, NULL, 1, '2026-01-06 12:03:53', '2026-01-08 16:58:10', '2026-01-07 04:00:00', 0, 1, 0, 0, 0, 0, 0, 0, 0, 0, 0, 0, 0, 0, 0, 1, '2026-01-06 12:03:53', 1, '2026-01-08 16:58:10', 1),
	('000101', 2, NULL, 1, '2026-01-08 16:58:14', '2026-01-09 12:11:47', '2026-01-09 04:00:00', 0, 1, 0, 0, 0, 0, 0, 0, 0, 0, 0, 0, 0, 0, 0, 1, '2026-01-08 16:58:14', 1, '2026-01-09 12:11:47', 1),
	('000102', 1, NULL, 1, '2026-01-09 12:11:50', '2026-01-12 13:21:45', '2026-01-10 00:00:00', 0, 1, 0, 0, 0, 0, 0, 0, 0, 0, 0, 0, 0, 0, 0, 1, '2026-01-09 12:11:50', 1, '2026-01-12 13:21:45', 1),
	('000103', 1, NULL, 1, '2026-01-12 13:21:48', '2026-01-13 15:57:57', '2026-01-13 00:00:00', 0, 1, 0, 0, 0, 0, 0, 0, 0, 0, 0, 0, 0, 0, 0, 1, '2026-01-12 13:21:48', 1, '2026-01-13 15:57:57', 1),
	('000104', 2, NULL, 1, '2026-01-13 15:58:00', '2026-01-19 11:55:18', '2026-01-14 04:00:00', 0, 1, 0, 0, 0, 0, 0, 0, 0, 0, 0, 0, 0, 0, 0, 1, '2026-01-13 15:58:00', 1, '2026-01-19 11:55:18', 1),
	('000105', 1, NULL, 1, '2026-01-19 11:57:53', '2026-01-20 13:12:04', '2026-01-20 00:00:00', 0, 1, 0, 0, 0, 0, 0, 0, 0, 0, 0, 0, 0, 0, 0, 1, '2026-01-19 11:57:53', 1, '2026-01-20 13:12:04', 1),
	('000106', 2, NULL, 1, '2026-01-20 13:12:11', '2026-01-27 11:31:50', '2026-01-21 04:00:00', 0, 1, 0, 0, 0, 0, 0, 0, 0, 0, 0, 0, 0, 0, 0, 1, '2026-01-20 13:12:11', 1, '2026-01-27 11:31:50', 1),
	('000107', 2, NULL, 1, '2026-01-27 11:31:57', '2026-01-27 17:09:53', '2026-01-28 04:00:00', 0, 1, 0, 0, 0, 0, 0, 0, 0, 0, 0, 0, 0, 0, 0, 1, '2026-01-27 11:31:57', 1, '2026-01-27 17:09:53', 1),
	('000108', 2, NULL, 1, '2026-02-10 11:04:57', '2026-02-11 15:46:47', '2026-02-11 04:00:00', 0, 1, 0, 0, 0, 0, 0, 0, 0, 0, 0, 0, 0, 0, 0, 1, '2026-02-10 11:04:57', 1, '2026-02-11 15:46:47', 1),
	('000109', 2, NULL, 1, '2026-02-11 15:46:54', '2026-02-12 15:06:36', '2026-02-12 04:00:00', 0, 1, 0, 0, 0, 0, 0, 0, 0, 0, 0, 0, 0, 0, 0, 1, '2026-02-11 15:46:54', 1, '2026-02-12 15:06:36', 1),
	('000110', 2, NULL, 1, '2026-02-12 15:06:40', '2026-02-13 14:30:23', '2026-02-13 04:00:00', 0, 1, 0, 0, 0, 0, 0, 0, 0, 0, 0, 0, 0, 0, 0, 1, '2026-02-12 15:06:40', 1, '2026-02-13 14:30:23', 1),
	('000111', 1, NULL, 1, '2026-02-13 14:30:27', '2026-02-23 15:26:38', '2026-02-14 00:00:00', 0, 1, 0, 0, 0, 0, 0, 0, 0, 0, 0, 0, 0, 0, 0, 1, '2026-02-13 14:30:27', 1, '2026-02-23 15:26:38', 1),
	('000112', 1, NULL, 1, '2026-02-23 15:26:47', '2026-02-26 14:22:45', '2026-02-24 00:00:00', 0, 1, 0, 0, 0, 0, 0, 0, 0, 0, 0, 0, 0, 0, 0, 1, '2026-02-23 15:26:47', 1, '2026-02-26 14:22:45', 1),
	('000113', 2, NULL, 0, '2026-02-26 14:22:53', NULL, '2026-02-27 12:00:00', 0, 0, 0, 0, 0, 0, 0, 0, 0, 0, 0, 0, 0, 0, 0, 1, '2026-02-26 14:22:53', 1, '2026-02-26 14:22:53', 1);

-- Dumping structure for table pos_resto.daily_schedule
CREATE TABLE IF NOT EXISTS `daily_schedule` (
  `id` smallint(6) NOT NULL AUTO_INCREMENT,
  `name` varchar(50) NOT NULL DEFAULT '',
  `days` tinyint(4) NOT NULL DEFAULT 0,
  `openHour` time NOT NULL DEFAULT '00:00:00',
  `closeHour` time NOT NULL DEFAULT '00:00:00',
  `mon` smallint(6) NOT NULL DEFAULT 0,
  `tue` smallint(6) NOT NULL DEFAULT 0,
  `wed` smallint(6) NOT NULL DEFAULT 0,
  `thu` smallint(6) NOT NULL DEFAULT 0,
  `fri` smallint(6) NOT NULL DEFAULT 0,
  `sat` smallint(6) NOT NULL DEFAULT 0,
  `sun` smallint(6) NOT NULL DEFAULT 0,
  `status` smallint(6) NOT NULL DEFAULT 0,
  `presence` tinyint(2) NOT NULL DEFAULT 1,
  `inputDate` datetime NOT NULL DEFAULT '2025-01-01 00:00:00',
  `inputBy` smallint(6) NOT NULL DEFAULT 1,
  `updateDate` datetime NOT NULL DEFAULT '2025-01-01 00:00:00',
  `updateBy` smallint(6) NOT NULL DEFAULT 1,
  PRIMARY KEY (`id`) USING BTREE
) ENGINE=InnoDB AUTO_INCREMENT=7 DEFAULT CHARSET=utf16 COLLATE=utf16_bin;

-- Dumping data for table pos_resto.daily_schedule: ~4 rows (approximately)
INSERT INTO `daily_schedule` (`id`, `name`, `days`, `openHour`, `closeHour`, `mon`, `tue`, `wed`, `thu`, `fri`, `sat`, `sun`, `status`, `presence`, `inputDate`, `inputBy`, `updateDate`, `updateBy`) VALUES
	(1, 'Normal Day', 1, '01:00:00', '00:00:00', 1, 1, 1, 1, 1, 1, 1, 1, 1, '2025-01-01 00:00:00', 1, '2026-02-23 13:21:08', 1),
	(2, 'Late Night Show', 1, '13:00:00', '12:00:00', 0, 1, 1, 1, 0, 1, 0, 1, 1, '2025-01-01 00:00:00', 1, '2026-02-23 13:21:08', 1),
	(5, 'Late Night Show', 1, '00:00:00', '04:00:00', 0, 1, 1, 1, 0, 1, 0, 1, 0, '2026-02-23 13:18:52', 1, '2026-02-23 13:18:59', 1),
	(6, 'Late Night Show', 1, '00:00:00', '04:00:00', 0, 1, 1, 1, 0, 1, 0, 1, 0, '2026-02-23 13:18:55', 1, '2026-02-23 13:18:59', 1);

-- Dumping structure for table pos_resto.discount
CREATE TABLE IF NOT EXISTS `discount` (
  `id` smallint(6) NOT NULL AUTO_INCREMENT,
  `discountGroupId` smallint(6) NOT NULL DEFAULT 0,
  `allDiscountGroup` tinyint(4) NOT NULL DEFAULT 0,
  `allLevel` tinyint(4) NOT NULL DEFAULT 1,
  `allOutlet` tinyint(4) NOT NULL DEFAULT 1,
  `name` varchar(200) DEFAULT NULL,
  `discRate` decimal(5,2) DEFAULT NULL,
  `discAmount` int(11) NOT NULL DEFAULT 0,
  `maxDiscount` int(11) NOT NULL DEFAULT 0,
  `requiredItemTotal` int(11) NOT NULL DEFAULT 0,
  `postDiscountSC` tinyint(4) NOT NULL DEFAULT 0,
  `postDiscountTax` tinyint(4) NOT NULL DEFAULT 0,
  `remark` tinyint(4) NOT NULL DEFAULT 0,
  `presence` tinyint(2) NOT NULL DEFAULT 1,
  `status` tinyint(2) NOT NULL DEFAULT 1,
  `inputDate` datetime NOT NULL DEFAULT '2025-01-01 00:00:00',
  `inputBy` smallint(6) NOT NULL DEFAULT 1,
  `updateDate` datetime NOT NULL DEFAULT '2025-01-01 00:00:00',
  `updateBy` smallint(6) NOT NULL DEFAULT 1,
  PRIMARY KEY (`id`) USING BTREE
) ENGINE=InnoDB AUTO_INCREMENT=102 DEFAULT CHARSET=utf8mb4 COLLATE=utf8mb4_general_ci ROW_FORMAT=DYNAMIC;

-- Dumping data for table pos_resto.discount: ~24 rows (approximately)
INSERT INTO `discount` (`id`, `discountGroupId`, `allDiscountGroup`, `allLevel`, `allOutlet`, `name`, `discRate`, `discAmount`, `maxDiscount`, `requiredItemTotal`, `postDiscountSC`, `postDiscountTax`, `remark`, `presence`, `status`, `inputDate`, `inputBy`, `updateDate`, `updateBy`) VALUES
	(1, 1, 1, 1, 0, '10% POST ALL', 10.00, 0, 0, 100000, 1, 1, 0, 1, 1, '2025-01-01 00:00:00', 1, '2025-11-27 15:36:23', 1),
	(2, 1, 1, 1, 0, '10% Min ItemTotal 50k', 10.00, 0, 0, 50000, 1, 1, 0, 1, 1, '2025-01-01 00:00:00', 1, '2025-11-27 15:36:23', 1),
	(3, 1, 1, 1, 1, '10% post SC', 10.00, 0, 10000, 0, 1, 0, 0, 1, 0, '2025-01-01 00:00:00', 1, '2025-11-27 15:36:24', 1),
	(4, 1, 1, 1, 1, '10% post TAX', 10.00, 0, 10000, 0, 0, 1, 0, 1, 0, '2025-01-01 00:00:00', 1, '2025-11-27 15:36:24', 1),
	(5, 1, 1, 1, 1, '10% MaxAmount 20k', 10.00, 0, 20000, 0, 0, 0, 0, 1, 1, '2025-01-01 00:00:00', 1, '2025-11-27 15:36:24', 1),
	(6, 2, 0, 1, 1, '35% Disc All ', 35.00, 0, 0, 0, 0, 0, 1, 1, 1, '2025-01-01 00:00:00', 1, '2025-11-27 15:36:24', 1),
	(7, 2, 0, 0, 1, '50% Disc All  BOSS', 50.00, 0, 0, 0, 0, 0, 0, 1, 1, '2025-01-01 00:00:00', 1, '2025-11-27 15:36:24', 1),
	(8, 2, 0, 0, 1, '100% Disc All BOSS', 100.00, 0, 0, 0, 0, 0, 0, 1, 1, '2025-01-01 00:00:00', 1, '2025-11-27 15:36:24', 1),
	(9, 2, 0, 1, 1, '50% + 10 % Disc ', 100.00, 0, 0, 0, 0, 0, 0, 1, 1, '2025-01-01 00:00:00', 1, '2025-11-27 15:36:24', 1),
	(10, 2, 0, 0, 1, 'O C ', 100.00, 0, 0, 0, 0, 0, 0, 1, 1, '2025-01-01 00:00:00', 1, '2025-11-27 15:36:24', 1),
	(11, 2, 0, 0, 1, 'ENT ', 100.00, 0, 0, 0, 0, 0, 0, 1, 1, '2025-01-01 00:00:00', 1, '2025-11-27 15:36:24', 1),
	(12, 2, 0, 1, 1, 'COMPLIMENT ', 100.00, 0, 0, 0, 0, 0, 0, 1, 0, '2025-01-01 00:00:00', 1, '2025-11-27 15:36:24', 1),
	(13, 2, 0, 1, 1, '25% + 25% Disc ', 43.75, 0, 0, 0, 0, 0, 0, 1, 0, '2025-01-01 00:00:00', 1, '2025-11-27 15:36:24', 1),
	(14, 3, 0, 1, 1, '17% Disc all ++', 17.00, 0, 0, 0, 0, 0, 0, 1, 1, '2025-01-01 00:00:00', 1, '2025-11-27 15:36:24', 1),
	(15, 3, 0, 1, 1, '40% Disc All X2', 40.00, 0, 12345, 0, 0, 0, 0, 1, 1, '2025-01-01 00:00:00', 1, '2025-11-27 15:36:24', 1),
	(16, 3, 0, 1, 1, '50% Disc Member ', 50.00, 0, 0, 0, 0, 0, 0, 1, 1, '2025-01-01 00:00:00', 1, '2025-11-27 15:36:24', 1),
	(17, 3, 0, 1, 1, '100% Disc Member ', 100.00, 0, 0, 0, 0, 0, 0, 1, 1, '2025-01-01 00:00:00', 1, '2025-11-27 15:36:24', 1),
	(18, 7, 1, 0, 1, 'DISC MAX 100 Min50k ', 0.00, 100000, 0, 50000, 0, 0, 0, 1, 1, '2025-01-01 00:00:00', 1, '2025-11-27 15:36:24', 1),
	(19, 0, 1, 0, 1, 'DISC MAX 200 ', 0.00, 200000, 0, 0, 0, 0, 0, 1, 1, '2025-01-01 00:00:00', 1, '2025-11-27 15:36:24', 1),
	(21, 0, 1, 1, 1, '27% Disc all ', 27.00, 0, 0, 0, 0, 0, 0, 1, 1, '2025-01-01 00:00:00', 1, '2025-11-27 15:36:24', 1),
	(22, 0, 1, 1, 1, '45% Disc all x2', 45.00, 0, 5000, 0, 0, 0, 0, 0, 1, '2025-01-01 00:00:00', 1, '2026-02-23 13:38:03', 1),
	(25, 0, 1, 1, 1, 'DISC MAX 75 34', 0.00, 75000, 0, 0, 0, 0, 0, 0, 1, '2025-01-01 00:00:00', 1, '2026-02-23 13:37:39', 1),
	(26, 0, 1, 1, 1, 'DISC MAX 50 ', 0.00, 50000, 0, 0, 0, 0, 0, 1, 1, '2025-01-01 00:00:00', 1, '2025-11-27 15:36:24', 1),
	(99, 1, 1, 1, 0, '10% POST ALL + Max', 10.00, 0, 10000, 0, 1, 1, 0, 0, 1, '2025-01-01 00:00:00', 1, '2026-02-23 13:38:03', 1);

-- Dumping structure for table pos_resto.discount_group
CREATE TABLE IF NOT EXISTS `discount_group` (
  `id` smallint(6) NOT NULL AUTO_INCREMENT,
  `name` varchar(20) DEFAULT NULL,
  `presence` tinyint(2) NOT NULL DEFAULT 1,
  `inputDate` datetime NOT NULL DEFAULT '2025-01-01 00:00:00',
  `inputBy` smallint(6) NOT NULL DEFAULT 1,
  `updateDate` datetime NOT NULL DEFAULT '2025-01-01 00:00:00',
  `updateBy` smallint(6) NOT NULL DEFAULT 1,
  PRIMARY KEY (`id`)
) ENGINE=InnoDB AUTO_INCREMENT=11 DEFAULT CHARSET=utf8mb4 COLLATE=utf8mb4_general_ci ROW_FORMAT=DYNAMIC;

-- Dumping data for table pos_resto.discount_group: ~8 rows (approximately)
INSERT INTO `discount_group` (`id`, `name`, `presence`, `inputDate`, `inputBy`, `updateDate`, `updateBy`) VALUES
	(1, 'Drink Discount', 1, '2025-01-01 00:00:00', 1, '2025-08-05 14:17:41', 1),
	(2, 'Food Discount', 1, '2025-01-01 00:00:00', 1, '2025-08-05 14:17:41', 1),
	(3, 'DimSum Discount', 1, '2025-01-01 00:00:00', 1, '2025-08-05 14:17:41', 1),
	(4, 'Cake Discount ', 1, '2025-01-01 00:00:00', 1, '2025-08-05 14:17:41', 1),
	(5, 'Dessert Discount ', 1, '2025-01-01 00:00:00', 1, '2025-08-05 14:17:41', 1),
	(6, 'Pastry Discount ', 1, '2025-01-01 00:00:00', 1, '2025-08-05 14:17:41', 1),
	(7, 'No Discount ', 1, '2025-01-01 00:00:00', 1, '2025-08-05 14:17:41', 1),
	(9, 'test 2', 0, '2025-08-05 14:18:13', 1, '2025-08-05 14:18:21', 1),
	(10, 'No Discount ', 0, '2026-02-23 13:59:55', 1, '2026-02-23 13:59:58', 1);

-- Dumping structure for table pos_resto.discount_level
CREATE TABLE IF NOT EXISTS `discount_level` (
  `id` int(11) NOT NULL AUTO_INCREMENT,
  `discountId` smallint(6) NOT NULL DEFAULT 0,
  `employeeAuthLevelId` smallint(6) NOT NULL DEFAULT 0,
  `presence` tinyint(2) NOT NULL DEFAULT 1,
  `inputDate` datetime NOT NULL DEFAULT '2025-01-01 00:00:00',
  `inputBy` smallint(6) NOT NULL DEFAULT 1,
  `updateDate` datetime NOT NULL DEFAULT '2025-01-01 00:00:00',
  `updateBy` smallint(6) NOT NULL DEFAULT 1,
  PRIMARY KEY (`id`) USING BTREE
) ENGINE=InnoDB AUTO_INCREMENT=86 DEFAULT CHARSET=utf8mb4 COLLATE=utf8mb4_general_ci ROW_FORMAT=DYNAMIC;

-- Dumping data for table pos_resto.discount_level: ~19 rows (approximately)
INSERT INTO `discount_level` (`id`, `discountId`, `employeeAuthLevelId`, `presence`, `inputDate`, `inputBy`, `updateDate`, `updateBy`) VALUES
	(12, 11, 4, 1, '2025-08-05 16:53:07', 1, '2025-01-01 00:00:00', 1),
	(13, 11, 5, 1, '2025-08-05 16:53:07', 1, '2025-01-01 00:00:00', 1),
	(14, 11, 6, 1, '2025-08-05 16:53:07', 1, '2025-01-01 00:00:00', 1),
	(26, 1, 2, 1, '2025-08-05 17:43:20', 1, '2025-01-01 00:00:00', 1),
	(27, 1, 3, 1, '2025-08-05 17:43:20', 1, '2025-01-01 00:00:00', 1),
	(28, 1, 5, 1, '2025-08-05 17:43:20', 1, '2025-01-01 00:00:00', 1),
	(71, 10, 5, 1, '2025-08-05 18:32:04', 1, '2025-01-01 00:00:00', 1),
	(72, 10, 6, 1, '2025-08-05 18:32:04', 1, '2025-01-01 00:00:00', 1),
	(73, 2, 1, 1, '2025-08-05 18:32:45', 1, '2025-01-01 00:00:00', 1),
	(74, 2, 2, 1, '2025-08-05 18:32:45', 1, '2025-01-01 00:00:00', 1),
	(75, 2, 3, 1, '2025-08-05 18:32:45', 1, '2025-01-01 00:00:00', 1),
	(76, 2, 4, 1, '2025-08-05 18:32:45', 1, '2025-01-01 00:00:00', 1),
	(77, 2, 5, 1, '2025-08-05 18:32:45', 1, '2025-01-01 00:00:00', 1),
	(78, 8, 1, 1, '2025-08-19 13:50:26', 1, '2025-01-01 00:00:00', 1),
	(79, 8, 2, 1, '2025-08-19 13:50:26', 1, '2025-01-01 00:00:00', 1),
	(80, 7, 1, 1, '2025-08-19 13:50:31', 1, '2025-01-01 00:00:00', 1),
	(81, 7, 2, 1, '2025-08-19 13:50:31', 1, '2025-01-01 00:00:00', 1),
	(82, 18, 1, 1, '2025-08-19 14:34:46', 1, '2025-01-01 00:00:00', 1),
	(83, 18, 2, 1, '2025-08-19 14:34:46', 1, '2025-01-01 00:00:00', 1),
	(84, 18, 3, 1, '2025-08-19 14:34:46', 1, '2025-01-01 00:00:00', 1),
	(85, 19, 1, 1, '2025-08-19 14:34:49', 1, '2025-01-01 00:00:00', 1);

-- Dumping structure for table pos_resto.employee
CREATE TABLE IF NOT EXISTS `employee` (
  `id` int(11) NOT NULL AUTO_INCREMENT,
  `authlevelId` smallint(6) DEFAULT NULL,
  `username` varchar(20) NOT NULL DEFAULT 'R',
  `hash` varchar(200) DEFAULT NULL,
  `name` varchar(200) DEFAULT NULL,
  `tel` varchar(20) DEFAULT NULL,
  `contact` varchar(200) DEFAULT NULL,
  `address` text DEFAULT NULL,
  `birthday` date NOT NULL DEFAULT '2000-01-01',
  `dob` varchar(20) DEFAULT NULL,
  `sex` varchar(1) DEFAULT NULL,
  `socialid` varchar(200) DEFAULT NULL,
  `email` varchar(200) DEFAULT NULL,
  `empdept` smallint(6) DEFAULT NULL,
  `ordlevel` smallint(6) DEFAULT NULL,
  `disclevel` tinyint(4) DEFAULT NULL,
  `actdate` varchar(8) DEFAULT NULL,
  `card` varchar(40) DEFAULT NULL,
  `emptype` tinyint(4) DEFAULT NULL,
  `status` tinyint(4) NOT NULL DEFAULT 1,
  `presence` tinyint(4) NOT NULL DEFAULT 1,
  `inputDate` datetime NOT NULL DEFAULT '2025-01-01 00:00:00',
  `inputBy` int(11) NOT NULL DEFAULT 0,
  `updateDate` datetime NOT NULL DEFAULT '2025-01-01 00:00:00',
  `updateBy` int(11) NOT NULL DEFAULT 0,
  PRIMARY KEY (`id`) USING BTREE,
  UNIQUE KEY `flogin` (`username`) USING BTREE
) ENGINE=InnoDB AUTO_INCREMENT=105 DEFAULT CHARSET=utf8mb4 COLLATE=utf8mb4_general_ci ROW_FORMAT=DYNAMIC;

-- Dumping data for table pos_resto.employee: ~6 rows (approximately)
INSERT INTO `employee` (`id`, `authlevelId`, `username`, `hash`, `name`, `tel`, `contact`, `address`, `birthday`, `dob`, `sex`, `socialid`, `email`, `empdept`, `ordlevel`, `disclevel`, `actdate`, `card`, `emptype`, `status`, `presence`, `inputDate`, `inputBy`, `updateDate`, `updateBy`) VALUES
	(2, 4, '00', '$2b$04$qiBKEOtdwoFe7pD4ijLjA.HbXnmKhUSIikw6g7.sA7Upup98WT5Ci', 'UAT ', '8988989      ', '   ', ' 43           ', '2025-08-05', '               234  ', 'F', '                42              ', '23     ', 2, 1, 3, '4   ', '        34                              ', 34, 1, 1, '2025-01-01 00:00:00', 0, '2026-02-23 12:38:30', 0),
	(76, 1, 'sa', '$2b$04$qiBKEOtdwoFe7pD4ijLjA.HbXnmKhUSIikw6g7.sA7Upup98WT5Ci', 'sa   ', 'null   ', NULL, 'null   ', '2000-01-01', NULL, 'n', NULL, 'null   ', NULL, NULL, NULL, NULL, NULL, NULL, 1, 1, '2025-08-06 14:48:05', 0, '2026-02-23 13:21:37', 0),
	(100, 1, 'apian', '$2b$04$qiBKEOtdwoFe7pD4ijLjA.HbXnmKhUSIikw6g7.sA7Upup98WT5Ci', 'Apian  ', 'null   ', NULL, 'null   ', '2000-01-01', NULL, 'n', NULL, 'null   ', NULL, NULL, NULL, NULL, NULL, NULL, 1, 1, '2025-01-01 00:00:00', 0, '2026-02-23 13:21:37', 0),
	(102, 1, '10238', '$2b$04$qiBKEOtdwoFe7pD4ijLjA.HbXnmKhUSIikw6g7.sA7Upup98WT5Ci', 'Apian', 'null ', 'null', 'null ', '2000-01-01', 'null', 'n', 'null', 'null ', 0, 0, 0, 'null', 'null', 0, 1, 0, '2026-02-23 12:37:48', 0, '2025-11-25 15:35:02', 0),
	(103, 2, '10353', '$2b$04$qiBKEOtdwoFe7pD4ijLjA.HbXnmKhUSIikw6g7.sA7Upup98WT5Ci', 'gm ', 'null  ', 'null', 'null  ', '2000-01-01', 'null', 'n', 'null', 'null  ', 0, 0, 0, 'null', 'null', 0, 1, 1, '2026-02-23 12:38:05', 0, '2026-02-23 12:38:30', 0),
	(104, 1, '10443', '$2b$04$qiBKEOtdwoFe7pD4ijLjA.HbXnmKhUSIikw6g7.sA7Upup98WT5Ci', 'Admin ', 'null   ', 'null', 'null   ', '2000-01-01', 'null', 'n', 'null', 'null   ', 0, 0, 0, 'null', 'null', 0, 1, 1, '2026-02-23 13:21:27', 0, '2026-02-23 13:21:37', 0);

-- Dumping structure for table pos_resto.employee_access_right
CREATE TABLE IF NOT EXISTS `employee_access_right` (
  `id` int(11) NOT NULL AUTO_INCREMENT,
  `authLevelId` smallint(6) NOT NULL DEFAULT 0,
  `moduleId` int(11) NOT NULL DEFAULT 0,
  `status` tinyint(4) NOT NULL DEFAULT 0,
  `presence` tinyint(2) NOT NULL DEFAULT 1,
  `inputDate` datetime NOT NULL DEFAULT '2025-01-01 00:00:00',
  `inputBy` smallint(6) NOT NULL DEFAULT 1,
  `updateDate` datetime NOT NULL DEFAULT '2025-01-01 00:00:00',
  `updateBy` smallint(6) NOT NULL DEFAULT 1,
  PRIMARY KEY (`id`) USING BTREE
) ENGINE=InnoDB AUTO_INCREMENT=313 DEFAULT CHARSET=utf8mb4 COLLATE=utf8mb4_general_ci ROW_FORMAT=DYNAMIC;

-- Dumping data for table pos_resto.employee_access_right: ~42 rows (approximately)
INSERT INTO `employee_access_right` (`id`, `authLevelId`, `moduleId`, `status`, `presence`, `inputDate`, `inputBy`, `updateDate`, `updateBy`) VALUES
	(98, 2, 36, 1, 1, '2025-12-11 00:00:00', 1, '2025-01-01 00:00:00', 1),
	(99, 2, 37, 1, 1, '2025-12-11 00:00:00', 1, '2025-01-01 00:00:00', 1),
	(100, 2, 38, 1, 1, '2025-12-11 00:00:00', 1, '2025-01-01 00:00:00', 1),
	(101, 2, 29, 1, 1, '2025-12-11 00:00:00', 1, '2025-01-01 00:00:00', 1),
	(102, 2, 28, 1, 1, '2025-12-11 00:00:00', 1, '2025-01-01 00:00:00', 1),
	(103, 2, 31, 1, 1, '2025-12-11 00:00:00', 1, '2025-01-01 00:00:00', 1),
	(104, 2, 39, 1, 1, '2025-12-11 00:00:00', 1, '2025-01-01 00:00:00', 1),
	(105, 2, 30, 1, 1, '2025-12-11 00:00:00', 1, '2025-01-01 00:00:00', 1),
	(106, 2, 10, 1, 1, '2025-12-11 00:00:00', 1, '2025-01-01 00:00:00', 1),
	(107, 2, 16, 1, 1, '2025-12-11 00:00:00', 1, '2025-01-01 00:00:00', 1),
	(108, 2, 17, 1, 1, '2025-12-11 00:00:00', 1, '2025-01-01 00:00:00', 1),
	(109, 2, 12, 1, 1, '2025-12-11 00:00:00', 1, '2025-01-01 00:00:00', 1),
	(110, 2, 27, 1, 1, '2025-12-11 00:00:00', 1, '2025-01-01 00:00:00', 1),
	(111, 2, 23, 1, 1, '2025-12-11 00:00:00', 1, '2025-01-01 00:00:00', 1),
	(112, 2, 24, 1, 1, '2025-12-11 00:00:00', 1, '2025-01-01 00:00:00', 1),
	(113, 2, 25, 1, 1, '2025-12-11 00:00:00', 1, '2025-01-01 00:00:00', 1),
	(114, 2, 15, 1, 1, '2025-12-11 00:00:00', 1, '2025-01-01 00:00:00', 1),
	(115, 2, 19, 1, 1, '2025-12-11 00:00:00', 1, '2025-01-01 00:00:00', 1),
	(116, 2, 22, 1, 1, '2025-12-11 00:00:00', 1, '2025-01-01 00:00:00', 1),
	(117, 2, 11, 1, 1, '2025-12-11 00:00:00', 1, '2025-01-01 00:00:00', 1),
	(118, 2, 9, 1, 1, '2025-12-11 00:00:00', 1, '2025-01-01 00:00:00', 1),
	(119, 2, 26, 1, 1, '2025-12-11 00:00:00', 1, '2025-01-01 00:00:00', 1),
	(120, 2, 14, 1, 1, '2025-12-11 00:00:00', 1, '2025-01-01 00:00:00', 1),
	(121, 2, 13, 1, 1, '2025-12-11 00:00:00', 1, '2025-01-01 00:00:00', 1),
	(122, 2, 18, 1, 1, '2025-12-11 00:00:00', 1, '2025-01-01 00:00:00', 1),
	(123, 2, 21, 1, 1, '2025-12-11 00:00:00', 1, '2025-01-01 00:00:00', 1),
	(124, 2, 20, 1, 1, '2025-12-11 00:00:00', 1, '2025-01-01 00:00:00', 1),
	(125, 2, 40, 1, 1, '2025-12-11 00:00:00', 1, '2025-01-01 00:00:00', 1),
	(126, 2, 32, 1, 1, '2025-12-11 00:00:00', 1, '2025-01-01 00:00:00', 1),
	(127, 2, 33, 1, 1, '2025-12-11 00:00:00', 1, '2025-01-01 00:00:00', 1),
	(128, 2, 34, 1, 1, '2025-12-11 00:00:00', 1, '2025-01-01 00:00:00', 1),
	(129, 2, 43, 1, 1, '2025-12-11 00:00:00', 1, '2025-01-01 00:00:00', 1),
	(130, 2, 35, 1, 1, '2025-12-11 00:00:00', 1, '2025-01-01 00:00:00', 1),
	(131, 2, 42, 1, 1, '2025-12-11 00:00:00', 1, '2025-01-01 00:00:00', 1),
	(132, 3, 30, 1, 1, '2025-12-11 00:00:00', 1, '2025-01-01 00:00:00', 1),
	(133, 3, 10, 1, 1, '2025-12-11 00:00:00', 1, '2025-01-01 00:00:00', 1),
	(134, 3, 16, 1, 1, '2025-12-11 00:00:00', 1, '2025-01-01 00:00:00', 1),
	(135, 3, 17, 1, 1, '2025-12-11 00:00:00', 1, '2025-01-01 00:00:00', 1),
	(136, 3, 12, 1, 1, '2025-12-11 00:00:00', 1, '2025-01-01 00:00:00', 1),
	(137, 3, 27, 1, 1, '2025-12-11 00:00:00', 1, '2025-01-01 00:00:00', 1),
	(311, 1, 25, 1, 1, '2026-02-26 00:00:00', 1, '2025-01-01 00:00:00', 1),
	(312, 1, 44, 1, 1, '2026-02-26 00:00:00', 1, '2025-01-01 00:00:00', 1);

-- Dumping structure for table pos_resto.employee_auth_level
CREATE TABLE IF NOT EXISTS `employee_auth_level` (
  `id` smallint(6) NOT NULL AUTO_INCREMENT,
  `name` varchar(20) NOT NULL,
  `void` tinyint(4) NOT NULL DEFAULT 0,
  `dailyAccess` tinyint(4) NOT NULL DEFAULT 0,
  `discountLevelId` tinyint(4) NOT NULL DEFAULT 0,
  `presence` tinyint(2) NOT NULL DEFAULT 1,
  `inputDate` datetime NOT NULL DEFAULT '2025-01-01 00:00:00',
  `inputBy` smallint(6) NOT NULL DEFAULT 1,
  `updateDate` datetime NOT NULL DEFAULT '2025-01-01 00:00:00',
  `updateBy` smallint(6) NOT NULL DEFAULT 1,
  PRIMARY KEY (`id`) USING BTREE
) ENGINE=InnoDB AUTO_INCREMENT=9 DEFAULT CHARSET=utf8mb4 COLLATE=utf8mb4_general_ci ROW_FORMAT=DYNAMIC;

-- Dumping data for table pos_resto.employee_auth_level: ~7 rows (approximately)
INSERT INTO `employee_auth_level` (`id`, `name`, `void`, `dailyAccess`, `discountLevelId`, `presence`, `inputDate`, `inputBy`, `updateDate`, `updateBy`) VALUES
	(1, 'Administrator', 1, 1, 0, 1, '2025-01-01 00:00:00', 1, '2025-05-02 13:36:45', 1),
	(2, 'General Manager ', 1, 1, 0, 1, '2025-01-01 00:00:00', 1, '2025-05-02 13:36:45', 1),
	(3, 'Manager sert', 0, 1, 0, 1, '2025-01-01 00:00:00', 1, '2025-05-02 13:36:45', 1),
	(4, 'Cashier ', 0, 0, 0, 1, '2025-01-01 00:00:00', 1, '2025-05-02 13:36:45', 1),
	(5, 'Senior Waiter ', 0, 0, 0, 1, '2025-01-01 00:00:00', 1, '2025-05-02 13:36:45', 1),
	(6, 'Waiter ', 0, 0, 0, 1, '2025-01-01 00:00:00', 1, '2025-05-02 13:36:45', 1),
	(7, 'Junior Waiter ', 0, 0, 0, 1, '2025-01-01 00:00:00', 1, '2025-05-02 13:36:45', 1);

-- Dumping structure for table pos_resto.employee_dept
CREATE TABLE IF NOT EXISTS `employee_dept` (
  `empdept` smallint(6) NOT NULL AUTO_INCREMENT,
  `desc1` varchar(200) DEFAULT '',
  `desc2` varchar(200) DEFAULT '',
  `desc3` varchar(200) DEFAULT '',
  `drawer` varchar(20) DEFAULT '',
  `autopend` varchar(20) DEFAULT '',
  `voidown` varchar(20) DEFAULT '',
  `presence` tinyint(2) NOT NULL DEFAULT 1,
  `inputDate` datetime NOT NULL DEFAULT '2025-01-01 00:00:00',
  `inputBy` smallint(6) NOT NULL DEFAULT 1,
  `updateDate` datetime NOT NULL DEFAULT '2025-01-01 00:00:00',
  `updateBy` smallint(6) NOT NULL DEFAULT 1,
  PRIMARY KEY (`empdept`)
) ENGINE=InnoDB AUTO_INCREMENT=10 DEFAULT CHARSET=utf8mb4 COLLATE=utf8mb4_general_ci ROW_FORMAT=DYNAMIC;

-- Dumping data for table pos_resto.employee_dept: ~6 rows (approximately)
INSERT INTO `employee_dept` (`empdept`, `desc1`, `desc2`, `desc3`, `drawer`, `autopend`, `voidown`, `presence`, `inputDate`, `inputBy`, `updateDate`, `updateBy`) VALUES
	(1, 'Administrator ', 'Administrator       ', 'Administrator       ', 'checkbox', 'checkbox', 'dropdown [order leve', 1, '2025-01-01 00:00:00', 1, '2025-05-02 14:26:51', 1),
	(2, 'General Manager ', 'General Manager     ', 'General Manager     ', '1', ' c', 'zcv ', 1, '2025-01-01 00:00:00', 1, '2025-05-02 14:26:51', 1),
	(3, 'Manager ', 'Manager             ', 'Manager             ', ' 3', ' b', ' ', 1, '2025-01-01 00:00:00', 1, '2025-05-02 14:26:51', 1),
	(4, 'Cashier2534', 'Cashier             ', 'Cashier             ', ' 4', ' s', ' g', 1, '2025-01-01 00:00:00', 1, '2025-05-02 14:26:51', 1),
	(5, 'Senior Waiter ', 'Senior Waiter       ', 'Senior Waiter       ', ' 5', ' e', ' ', 1, '2025-01-01 00:00:00', 1, '2025-05-02 14:26:51', 1),
	(6, 'Waiter ', 'Waiter              ', 'Waiter              ', ' 6', ' e', ' ', 1, '2025-01-01 00:00:00', 1, '2025-05-02 14:26:51', 1),
	(9, 'SPG woman', '', '', '2', '4', '56', 1, '2025-04-28 14:53:59', 1, '2025-05-02 14:26:51', 1);

-- Dumping structure for table pos_resto.employee_order_level
CREATE TABLE IF NOT EXISTS `employee_order_level` (
  `ordlevel` smallint(6) NOT NULL AUTO_INCREMENT,
  `desc1` varchar(20) DEFAULT NULL,
  `desc2` varchar(20) DEFAULT NULL,
  `desc3` varchar(20) DEFAULT NULL,
  `presence` tinyint(2) NOT NULL DEFAULT 1,
  `inputDate` datetime NOT NULL DEFAULT '2025-01-01 00:00:00',
  `inputBy` smallint(6) NOT NULL DEFAULT 1,
  `updateDate` datetime NOT NULL DEFAULT '2025-01-01 00:00:00',
  `updateBy` smallint(6) NOT NULL DEFAULT 1,
  PRIMARY KEY (`ordlevel`)
) ENGINE=InnoDB AUTO_INCREMENT=5 DEFAULT CHARSET=utf8mb4 COLLATE=utf8mb4_general_ci ROW_FORMAT=DYNAMIC;

-- Dumping data for table pos_resto.employee_order_level: ~4 rows (approximately)
INSERT INTO `employee_order_level` (`ordlevel`, `desc1`, `desc2`, `desc3`, `presence`, `inputDate`, `inputBy`, `updateDate`, `updateBy`) VALUES
	(1, 'Department Head ', 'Department Head     ', 'Department Head     ', 1, '2025-01-01 00:00:00', 1, '2025-04-28 15:22:28', 1),
	(2, 'Senior Waiter ', 'Senior Waiter       ', 'Senior Waiter       ', 1, '2025-01-01 00:00:00', 1, '2025-04-28 15:22:28', 1),
	(3, 'Junior Waiter', 'Junior Waiter       ', 'Junior Waiter       ', 1, '2025-01-01 00:00:00', 1, '2025-04-28 15:22:28', 1),
	(4, 'SPG 2', NULL, NULL, 0, '2025-04-28 15:22:34', 1, '2025-04-28 15:22:38', 1);

-- Dumping structure for table pos_resto.employee_token
CREATE TABLE IF NOT EXISTS `employee_token` (
  `id` int(11) NOT NULL AUTO_INCREMENT,
  `employeeId` int(11) NOT NULL DEFAULT 0,
  `presence` tinyint(4) NOT NULL DEFAULT 1,
  `inputDate` datetime NOT NULL DEFAULT '2025-01-01 00:00:00',
  `inputBy` int(11) NOT NULL DEFAULT 0,
  `updateDate` datetime NOT NULL DEFAULT '2025-01-01 00:00:00',
  `updateBy` int(11) NOT NULL DEFAULT 0,
  PRIMARY KEY (`id`) USING BTREE
) ENGINE=InnoDB AUTO_INCREMENT=434 DEFAULT CHARSET=utf8mb4 COLLATE=utf8mb4_general_ci ROW_FORMAT=DYNAMIC;

-- Dumping data for table pos_resto.employee_token: ~301 rows (approximately)
INSERT INTO `employee_token` (`id`, `employeeId`, `presence`, `inputDate`, `inputBy`, `updateDate`, `updateBy`) VALUES
	(61, 1, 1, '2025-07-02 15:04:13', 0, '2025-07-02 15:04:13', 0),
	(62, 1, 1, '2025-07-02 15:10:44', 0, '2025-07-02 15:10:44', 0),
	(63, 1, 1, '2025-07-02 15:12:42', 0, '2025-07-02 15:12:42', 0),
	(64, 1, 1, '2025-07-02 15:23:40', 0, '2025-07-02 15:23:40', 0),
	(65, 1, 1, '2025-07-02 15:26:09', 0, '2025-07-02 15:26:09', 0),
	(66, 1, 1, '2025-07-02 15:26:34', 0, '2025-07-02 15:26:34', 0),
	(67, 1, 1, '2025-07-02 15:29:46', 0, '2025-07-02 15:29:46', 0),
	(68, 1, 1, '2025-07-02 15:29:58', 0, '2025-07-02 15:29:58', 0),
	(69, 1, 1, '2025-07-02 15:33:34', 0, '2025-07-02 15:33:34', 0),
	(70, 1, 1, '2025-07-02 15:42:14', 0, '2025-07-02 15:42:14', 0),
	(71, 1, 1, '2025-07-02 16:18:26', 0, '2025-07-02 16:18:26', 0),
	(72, 1, 1, '2025-07-03 13:13:41', 0, '2025-07-03 13:13:41', 0),
	(73, 1, 1, '2025-07-03 14:33:13', 0, '2025-07-03 14:33:13', 0),
	(74, 1, 1, '2025-07-03 18:27:11', 0, '2025-07-03 18:27:11', 0),
	(75, 1, 1, '2025-07-04 12:59:29', 0, '2025-07-04 12:59:29', 0),
	(76, 1, 1, '2025-07-04 13:28:38', 0, '2025-07-04 13:28:38', 0),
	(77, 1, 1, '2025-07-04 14:06:02', 0, '2025-07-04 14:06:02', 0),
	(78, 1, 1, '2025-07-04 14:06:11', 0, '2025-07-04 14:06:11', 0),
	(79, 1, 1, '2025-07-04 14:06:48', 0, '2025-07-04 14:06:48', 0),
	(80, 1, 1, '2025-07-04 14:09:41', 0, '2025-07-04 14:09:41', 0),
	(81, 1, 1, '2025-07-04 15:14:28', 0, '2025-07-04 15:14:28', 0),
	(82, 1, 1, '2025-07-04 15:31:06', 0, '2025-07-04 15:31:06', 0),
	(83, 1, 1, '2025-07-04 15:45:59', 0, '2025-07-04 15:45:59', 0),
	(84, 1, 1, '2025-07-04 15:46:13', 0, '2025-07-04 15:46:13', 0),
	(85, 1, 1, '2025-07-04 15:59:01', 0, '2025-07-04 15:59:01', 0),
	(86, 1, 1, '2025-07-04 16:45:31', 0, '2025-07-04 16:45:31', 0),
	(87, 1, 1, '2025-07-08 14:33:43', 0, '2025-07-08 14:33:43', 0),
	(88, 1, 1, '2025-07-08 14:33:54', 0, '2025-07-08 14:33:54', 0),
	(89, 1, 1, '2025-07-08 14:36:11', 0, '2025-07-08 14:36:11', 0),
	(90, 1, 1, '2025-07-08 14:40:40', 0, '2025-07-08 14:40:40', 0),
	(91, 1, 1, '2025-07-08 15:34:11', 0, '2025-07-08 15:34:11', 0),
	(92, 1, 1, '2025-07-08 15:36:43', 0, '2025-07-08 15:36:43', 0),
	(93, 1, 1, '2025-07-08 15:37:30', 0, '2025-07-08 15:37:30', 0),
	(94, 1, 1, '2025-07-08 15:40:45', 0, '2025-07-08 15:40:45', 0),
	(95, 1, 1, '2025-07-08 15:47:50', 0, '2025-07-08 15:47:50', 0),
	(96, 1, 1, '2025-07-08 15:49:14', 0, '2025-07-08 15:49:14', 0),
	(97, 1, 1, '2025-07-08 16:05:19', 0, '2025-07-08 16:05:19', 0),
	(98, 1, 1, '2025-07-08 16:06:21', 0, '2025-07-08 16:06:21', 0),
	(99, 2, 1, '2025-07-08 16:24:41', 0, '2025-07-08 16:24:41', 0),
	(100, 2, 1, '2025-07-08 16:45:09', 0, '2025-07-08 16:45:09', 0),
	(101, 1, 1, '2025-07-08 17:12:15', 0, '2025-07-08 17:12:15', 0),
	(102, 1, 1, '2025-07-08 17:40:56', 0, '2025-07-08 17:40:56', 0),
	(103, 1, 1, '2025-07-08 17:59:10', 0, '2025-07-08 17:59:10', 0),
	(104, 1, 1, '2025-07-08 18:21:37', 0, '2025-07-08 18:21:37', 0),
	(105, 1, 1, '2025-07-09 13:11:49', 0, '2025-07-09 13:11:49', 0),
	(106, 1, 1, '2025-07-09 14:27:42', 0, '2025-07-09 14:27:42', 0),
	(107, 1, 1, '2025-07-09 14:29:41', 0, '2025-07-09 14:29:41', 0),
	(108, 1, 1, '2025-07-09 14:35:57', 0, '2025-07-09 14:35:57', 0),
	(109, 1, 1, '2025-07-10 18:14:40', 0, '2025-07-10 18:14:40', 0),
	(110, 1, 1, '2025-07-10 18:15:08', 0, '2025-07-10 18:15:08', 0),
	(111, 1, 1, '2025-07-15 14:27:52', 0, '2025-07-15 14:27:52', 0),
	(112, 1, 1, '2025-07-15 15:13:24', 0, '2025-07-15 15:13:24', 0),
	(113, 1, 1, '2025-07-15 15:14:15', 0, '2025-07-15 15:14:15', 0),
	(114, 1, 1, '2025-07-15 15:55:21', 0, '2025-07-15 15:55:21', 0),
	(115, 1, 1, '2025-07-15 16:01:55', 0, '2025-07-15 16:01:55', 0),
	(116, 1, 1, '2025-07-15 16:04:46', 0, '2025-07-15 16:04:46', 0),
	(117, 1, 1, '2025-07-15 16:05:52', 0, '2025-07-15 16:05:52', 0),
	(118, 2, 1, '2025-07-15 16:06:16', 0, '2025-07-15 16:06:16', 0),
	(119, 1, 1, '2025-07-15 16:08:52', 0, '2025-07-15 16:08:52', 0),
	(120, 1, 1, '2025-07-15 16:11:43', 0, '2025-07-15 16:11:43', 0),
	(121, 1, 1, '2025-07-15 16:11:48', 0, '2025-07-15 16:11:48', 0),
	(122, 1, 1, '2025-07-15 16:12:27', 0, '2025-07-15 16:12:27', 0),
	(123, 1, 1, '2025-07-15 16:12:30', 0, '2025-07-15 16:12:30', 0),
	(124, 1, 1, '2025-07-15 16:12:55', 0, '2025-07-15 16:12:55', 0),
	(125, 1, 1, '2025-07-15 16:14:38', 0, '2025-07-15 16:14:38', 0),
	(126, 1, 1, '2025-07-15 17:36:08', 0, '2025-07-15 17:36:08', 0),
	(127, 1, 1, '2025-07-17 19:05:44', 0, '2025-07-17 19:05:44', 0),
	(128, 1, 1, '2025-07-18 10:58:14', 0, '2025-07-18 10:58:14', 0),
	(129, 1, 1, '2025-07-18 14:03:14', 0, '2025-07-18 14:03:14', 0),
	(130, 1, 1, '2025-07-18 14:03:37', 0, '2025-07-18 14:03:37', 0),
	(131, 1, 1, '2025-07-18 14:21:05', 0, '2025-07-18 14:21:05', 0),
	(132, 1, 1, '2025-07-22 13:01:03', 0, '2025-07-22 13:01:03', 0),
	(133, 1, 1, '2025-07-22 13:09:03', 0, '2025-07-22 13:09:03', 0),
	(134, 1, 1, '2025-07-22 13:09:29', 0, '2025-07-22 13:09:29', 0),
	(135, 1, 1, '2025-07-22 15:58:41', 0, '2025-07-22 15:58:41', 0),
	(136, 1, 1, '2025-07-22 15:59:42', 0, '2025-07-22 15:59:42', 0),
	(137, 1, 1, '2025-07-22 16:04:28', 0, '2025-07-22 16:04:28', 0),
	(138, 1, 1, '2025-07-22 16:21:59', 0, '2025-07-22 16:21:59', 0),
	(139, 1, 1, '2025-07-22 16:22:05', 0, '2025-07-22 16:22:05', 0),
	(140, 1, 1, '2025-07-22 16:27:50', 0, '2025-07-22 16:27:50', 0),
	(141, 1, 1, '2025-07-22 16:27:56', 0, '2025-07-22 16:27:56', 0),
	(142, 1, 1, '2025-07-23 11:30:34', 0, '2025-07-23 11:30:34', 0),
	(143, 1, 1, '2025-07-23 11:30:38', 0, '2025-07-23 11:30:38', 0),
	(144, 1, 1, '2025-07-23 15:52:00', 0, '2025-07-23 15:52:00', 0),
	(145, 1, 1, '2025-07-23 15:54:42', 0, '2025-07-23 15:54:42', 0),
	(146, 1, 1, '2025-07-23 15:57:17', 0, '2025-07-23 15:57:17', 0),
	(147, 1, 1, '2025-07-24 11:05:03', 0, '2025-07-24 11:05:03', 0),
	(148, 1, 1, '2025-07-25 13:24:22', 0, '2025-07-25 13:24:22', 0),
	(149, 1, 1, '2025-07-28 12:41:07', 0, '2025-07-28 12:41:07', 0),
	(150, 1, 1, '2025-07-28 12:41:47', 0, '2025-07-28 12:41:47', 0),
	(151, 1, 1, '2025-07-28 12:43:14', 0, '2025-07-28 12:43:14', 0),
	(152, 1, 1, '2025-07-28 12:48:46', 0, '2025-07-28 12:48:46', 0),
	(153, 1, 1, '2025-07-28 12:52:35', 0, '2025-07-28 12:52:35', 0),
	(154, 1, 1, '2025-07-28 12:53:41', 0, '2025-07-28 12:53:41', 0),
	(155, 1, 1, '2025-07-28 12:53:46', 0, '2025-07-28 12:53:46', 0),
	(156, 1, 1, '2025-07-28 12:58:11', 0, '2025-07-28 12:58:11', 0),
	(157, 1, 1, '2025-07-28 13:37:46', 0, '2025-07-28 13:37:46', 0),
	(158, 1, 1, '2025-07-28 15:59:50', 0, '2025-07-28 15:59:50', 0),
	(159, 1, 1, '2025-07-28 16:00:47', 0, '2025-07-28 16:00:47', 0),
	(160, 1, 1, '2025-07-29 13:14:55', 0, '2025-07-29 13:14:55', 0),
	(161, 1, 1, '2025-07-30 12:21:25', 0, '2025-07-30 12:21:25', 0),
	(162, 1, 1, '2025-07-30 12:51:49', 0, '2025-07-30 12:51:49', 0),
	(163, 76, 1, '2025-08-07 16:42:27', 0, '2025-08-07 16:42:27', 0),
	(164, 76, 1, '2025-08-11 15:35:19', 0, '2025-08-11 15:35:19', 0),
	(165, 76, 1, '2025-08-11 15:45:42', 0, '2025-08-11 15:45:42', 0),
	(166, 76, 1, '2025-08-11 15:46:23', 0, '2025-08-11 15:46:23', 0),
	(167, 76, 1, '2025-08-11 15:46:48', 0, '2025-08-11 15:46:48', 0),
	(168, 76, 1, '2025-08-12 16:39:29', 0, '2025-08-12 16:39:29', 0),
	(169, 76, 1, '2025-08-13 18:01:28', 0, '2025-08-13 18:01:28', 0),
	(170, 76, 1, '2025-08-13 18:01:38', 0, '2025-08-13 18:01:38', 0),
	(171, 76, 1, '2025-08-15 14:29:30', 0, '2025-08-15 14:29:30', 0),
	(172, 76, 1, '2025-08-15 14:29:42', 0, '2025-08-15 14:29:42', 0),
	(173, 76, 1, '2025-08-15 14:29:47', 0, '2025-08-15 14:29:47', 0),
	(174, 76, 1, '2025-08-19 12:15:52', 0, '2025-08-19 12:15:52', 0),
	(175, 76, 1, '2025-08-19 12:16:00', 0, '2025-08-19 12:16:00', 0),
	(176, 76, 1, '2025-08-19 15:17:33', 0, '2025-08-19 15:17:33', 0),
	(177, 76, 1, '2025-08-20 11:35:54', 0, '2025-08-20 11:35:54', 0),
	(178, 76, 1, '2025-08-21 14:23:27', 0, '2025-08-21 14:23:27', 0),
	(179, 76, 1, '2025-08-21 15:43:51', 0, '2025-08-21 15:43:51', 0),
	(180, 76, 1, '2025-08-22 13:18:24', 0, '2025-08-22 13:18:24', 0),
	(181, 76, 1, '2025-08-22 18:15:42', 0, '2025-08-22 18:15:42', 0),
	(182, 76, 1, '2025-08-22 18:37:35', 0, '2025-08-22 18:37:35', 0),
	(183, 76, 1, '2025-08-22 18:38:32', 0, '2025-08-22 18:38:32', 0),
	(184, 76, 1, '2025-08-22 18:38:45', 0, '2025-08-22 18:38:45', 0),
	(185, 76, 1, '2025-08-25 11:09:46', 0, '2025-08-25 11:09:46', 0),
	(186, 76, 1, '2025-08-25 11:12:30', 0, '2025-08-25 11:12:30', 0),
	(187, 76, 1, '2025-08-25 15:37:58', 0, '2025-08-25 15:37:58', 0),
	(188, 76, 1, '2025-08-25 15:51:21', 0, '2025-08-25 15:51:21', 0),
	(189, 76, 1, '2025-08-25 15:52:42', 0, '2025-08-25 15:52:42', 0),
	(190, 76, 1, '2025-08-25 15:53:27', 0, '2025-08-25 15:53:27', 0),
	(191, 76, 1, '2025-08-25 15:59:59', 0, '2025-08-25 15:59:59', 0),
	(192, 76, 1, '2025-08-25 16:00:34', 0, '2025-08-25 16:00:34', 0),
	(193, 76, 1, '2025-08-25 16:02:21', 0, '2025-08-25 16:02:21', 0),
	(194, 76, 1, '2025-08-25 16:04:06', 0, '2025-08-25 16:04:06', 0),
	(195, 76, 1, '2025-08-25 16:48:10', 0, '2025-08-25 16:48:10', 0),
	(196, 76, 1, '2025-08-25 16:48:55', 0, '2025-08-25 16:48:55', 0),
	(197, 76, 1, '2025-08-25 16:50:29', 0, '2025-08-25 16:50:29', 0),
	(198, 76, 1, '2025-08-25 16:53:55', 0, '2025-08-25 16:53:55', 0),
	(199, 76, 1, '2025-08-25 17:28:13', 0, '2025-08-25 17:28:13', 0),
	(200, 76, 1, '2025-08-25 17:33:43', 0, '2025-08-25 17:33:43', 0),
	(201, 76, 1, '2025-08-25 18:11:23', 0, '2025-08-25 18:11:23', 0),
	(202, 76, 1, '2025-08-25 18:11:33', 0, '2025-08-25 18:11:33', 0),
	(203, 76, 1, '2025-08-25 18:17:39', 0, '2025-08-25 18:17:39', 0),
	(204, 76, 1, '2025-08-26 10:59:20', 0, '2025-08-26 10:59:20', 0),
	(205, 76, 1, '2025-08-26 11:33:42', 0, '2025-08-26 11:33:42', 0),
	(206, 76, 1, '2025-08-26 11:38:22', 0, '2025-08-26 11:38:22', 0),
	(207, 76, 1, '2025-08-26 11:57:30', 0, '2025-08-26 11:57:30', 0),
	(208, 76, 1, '2025-08-26 12:04:00', 0, '2025-08-26 12:04:00', 0),
	(209, 76, 1, '2025-08-26 12:04:58', 0, '2025-08-26 12:04:58', 0),
	(210, 76, 1, '2025-08-28 13:21:42', 0, '2025-08-28 13:21:42', 0),
	(211, 76, 1, '2025-08-29 15:27:03', 0, '2025-08-29 15:27:03', 0),
	(212, 76, 1, '2025-08-29 16:28:39', 0, '2025-08-29 16:28:39', 0),
	(213, 76, 1, '2025-09-01 15:27:01', 0, '2025-09-01 15:27:01', 0),
	(214, 76, 1, '2025-09-01 16:50:02', 0, '2025-09-01 16:50:02', 0),
	(215, 76, 1, '2025-09-01 16:55:14', 0, '2025-09-01 16:55:14', 0),
	(216, 76, 1, '2025-09-01 19:00:00', 0, '2025-09-01 19:00:00', 0),
	(217, 76, 1, '2025-09-02 12:36:07', 0, '2025-09-02 12:36:07', 0),
	(218, 76, 1, '2025-09-02 12:39:32', 0, '2025-09-02 12:39:32', 0),
	(219, 76, 1, '2025-09-02 13:26:57', 0, '2025-09-02 13:26:57', 0),
	(220, 76, 1, '2025-09-02 13:30:11', 0, '2025-09-02 13:30:11', 0),
	(221, 76, 1, '2025-09-02 13:59:44', 0, '2025-09-02 13:59:44', 0),
	(222, 76, 1, '2025-09-02 14:47:23', 0, '2025-09-02 14:47:23', 0),
	(223, 76, 1, '2025-09-02 14:56:04', 0, '2025-09-02 14:56:04', 0),
	(224, 76, 1, '2025-09-02 14:56:25', 0, '2025-09-02 14:56:25', 0),
	(225, 76, 1, '2025-09-02 15:03:18', 0, '2025-09-02 15:03:18', 0),
	(226, 76, 1, '2025-09-02 15:13:25', 0, '2025-09-02 15:13:25', 0),
	(227, 76, 1, '2025-09-03 13:56:17', 0, '2025-09-03 13:56:17', 0),
	(228, 76, 1, '2025-09-03 16:10:01', 0, '2025-09-03 16:10:01', 0),
	(229, 76, 1, '2025-09-08 13:12:57', 0, '2025-09-08 13:12:57', 0),
	(230, 2, 1, '2025-09-08 15:44:00', 0, '2025-09-08 15:44:00', 0),
	(231, 76, 1, '2025-09-09 11:51:26', 0, '2025-09-09 11:51:26', 0),
	(232, 76, 1, '2025-09-10 12:01:50', 0, '2025-09-10 12:01:50', 0),
	(233, 76, 1, '2025-09-11 11:38:29', 0, '2025-09-11 11:38:29', 0),
	(234, 76, 1, '2025-09-12 12:25:00', 0, '2025-09-12 12:25:00', 0),
	(235, 76, 1, '2025-09-15 12:07:57', 0, '2025-09-15 12:07:57', 0),
	(236, 76, 1, '2025-09-16 13:32:35', 0, '2025-09-16 13:32:35', 0),
	(237, 76, 1, '2025-09-18 13:11:33', 0, '2025-09-18 13:11:33', 0),
	(238, 76, 1, '2025-09-19 12:19:35', 0, '2025-09-19 12:19:35', 0),
	(239, 76, 1, '2025-09-22 14:47:51', 0, '2025-09-22 14:47:51', 0),
	(240, 76, 1, '2025-09-23 13:29:57', 0, '2025-09-23 13:29:57', 0),
	(241, 76, 1, '2025-09-23 17:09:48', 0, '2025-09-23 17:09:48', 0),
	(242, 76, 1, '2025-09-23 17:13:50', 0, '2025-09-23 17:13:50', 0),
	(243, 76, 1, '2025-09-23 17:14:25', 0, '2025-09-23 17:14:25', 0),
	(244, 76, 1, '2025-09-23 17:16:00', 0, '2025-09-23 17:16:00', 0),
	(245, 76, 1, '2025-09-23 17:17:56', 0, '2025-09-23 17:17:56', 0),
	(246, 76, 1, '2025-09-23 17:18:26', 0, '2025-09-23 17:18:26', 0),
	(247, 76, 1, '2025-09-23 17:19:23', 0, '2025-09-23 17:19:23', 0),
	(248, 76, 1, '2025-09-23 17:20:06', 0, '2025-09-23 17:20:06', 0),
	(249, 76, 1, '2025-09-23 17:45:49', 0, '2025-09-23 17:45:49', 0),
	(250, 76, 1, '2025-09-23 17:46:36', 0, '2025-09-23 17:46:36', 0),
	(251, 76, 1, '2025-09-24 13:11:53', 0, '2025-09-24 13:11:53', 0),
	(252, 76, 1, '2025-09-24 13:29:04', 0, '2025-09-24 13:29:04', 0),
	(253, 76, 1, '2025-09-24 13:29:13', 0, '2025-09-24 13:29:13', 0),
	(254, 76, 1, '2025-09-24 13:29:18', 0, '2025-09-24 13:29:18', 0),
	(255, 76, 1, '2025-09-24 13:31:24', 0, '2025-09-24 13:31:24', 0),
	(256, 76, 1, '2025-09-24 13:31:32', 0, '2025-09-24 13:31:32', 0),
	(257, 76, 1, '2025-09-24 13:34:05', 0, '2025-09-24 13:34:05', 0),
	(258, 76, 1, '2025-09-24 13:35:00', 0, '2025-09-24 13:35:00', 0),
	(259, 76, 1, '2025-09-24 13:35:09', 0, '2025-09-24 13:35:09', 0),
	(260, 76, 1, '2025-09-26 13:07:07', 0, '2025-09-26 13:07:07', 0),
	(261, 76, 1, '2025-09-29 11:52:16', 0, '2025-09-29 11:52:16', 0),
	(262, 76, 1, '2025-09-29 12:09:02', 0, '2025-09-29 12:09:02', 0),
	(263, 76, 1, '2025-09-29 12:09:08', 0, '2025-09-29 12:09:08', 0),
	(264, 76, 1, '2025-09-29 12:09:11', 0, '2025-09-29 12:09:11', 0),
	(265, 76, 1, '2025-09-29 12:10:49', 0, '2025-09-29 12:10:49', 0),
	(266, 76, 1, '2025-09-29 12:27:30', 0, '2025-09-29 12:27:30', 0),
	(267, 76, 1, '2025-09-29 12:27:51', 0, '2025-09-29 12:27:51', 0),
	(268, 76, 1, '2025-09-29 12:28:04', 0, '2025-09-29 12:28:04', 0),
	(269, 76, 1, '2025-09-29 12:28:44', 0, '2025-09-29 12:28:44', 0),
	(270, 76, 1, '2025-09-29 12:42:32', 0, '2025-09-29 12:42:32', 0),
	(271, 76, 1, '2025-09-29 12:45:49', 0, '2025-09-29 12:45:49', 0),
	(272, 76, 1, '2025-09-29 12:45:53', 0, '2025-09-29 12:45:53', 0),
	(273, 76, 1, '2025-09-29 12:46:13', 0, '2025-09-29 12:46:13', 0),
	(274, 76, 1, '2025-10-01 12:11:26', 0, '2025-10-01 12:11:26', 0),
	(275, 76, 1, '2025-10-01 12:12:47', 0, '2025-10-01 12:12:47', 0),
	(276, 76, 1, '2025-10-01 12:24:09', 0, '2025-10-01 12:24:09', 0),
	(277, 76, 1, '2025-10-01 12:24:09', 0, '2025-10-01 12:24:09', 0),
	(278, 76, 1, '2025-10-01 12:46:59', 0, '2025-10-01 12:46:59', 0),
	(279, 76, 1, '2025-10-01 12:47:04', 0, '2025-10-01 12:47:04', 0),
	(280, 76, 1, '2025-10-01 12:47:59', 0, '2025-10-01 12:47:59', 0),
	(281, 76, 1, '2025-10-01 12:52:09', 0, '2025-10-01 12:52:09', 0),
	(282, 76, 1, '2025-10-01 12:52:52', 0, '2025-10-01 12:52:52', 0),
	(283, 76, 1, '2025-10-01 12:57:13', 0, '2025-10-01 12:57:13', 0),
	(284, 76, 1, '2025-10-01 13:00:42', 0, '2025-10-01 13:00:42', 0),
	(285, 76, 1, '2025-10-01 13:01:08', 0, '2025-10-01 13:01:08', 0),
	(286, 76, 1, '2025-10-01 13:01:49', 0, '2025-10-01 13:01:49', 0),
	(287, 76, 1, '2025-10-01 13:03:22', 0, '2025-10-01 13:03:22', 0),
	(288, 76, 1, '2025-10-03 12:11:50', 0, '2025-10-03 12:11:50', 0),
	(289, 76, 1, '2025-10-03 12:12:02', 0, '2025-10-03 12:12:02', 0),
	(290, 76, 1, '2025-10-06 12:43:32', 0, '2025-10-06 12:43:32', 0),
	(291, 76, 1, '2025-10-07 11:15:30', 0, '2025-10-07 11:15:30', 0),
	(292, 76, 1, '2025-10-08 12:25:56', 0, '2025-10-08 12:25:56', 0),
	(293, 76, 1, '2025-10-20 13:49:36', 0, '2025-10-20 13:49:36', 0),
	(294, 76, 1, '2025-10-21 13:27:48', 0, '2025-10-21 13:27:48', 0),
	(295, 76, 1, '2025-10-24 11:31:52', 0, '2025-10-24 11:31:52', 0),
	(296, 76, 1, '2025-10-27 11:18:21', 0, '2025-10-27 11:18:21', 0),
	(297, 76, 1, '2025-10-28 12:13:43', 0, '2025-10-28 12:13:43', 0),
	(298, 76, 1, '2025-10-29 10:45:18', 0, '2025-10-29 10:45:18', 0),
	(299, 76, 1, '2025-10-30 13:14:38', 0, '2025-10-30 13:14:38', 0),
	(300, 76, 1, '2025-10-31 16:36:56', 0, '2025-10-31 16:36:56', 0),
	(301, 76, 1, '2025-11-03 14:11:41', 0, '2025-11-03 14:11:41', 0),
	(302, 76, 1, '2025-11-04 13:24:31', 0, '2025-11-04 13:24:31', 0),
	(303, 76, 1, '2025-11-07 12:20:19', 0, '2025-11-07 12:20:19', 0),
	(304, 76, 1, '2025-11-10 11:34:11', 0, '2025-11-10 11:34:11', 0),
	(305, 2, 1, '2025-11-10 16:24:43', 0, '2025-11-10 16:24:43', 0),
	(306, 76, 1, '2025-11-10 17:04:19', 0, '2025-11-10 17:04:19', 0),
	(307, 76, 1, '2025-11-10 18:13:39', 0, '2025-11-10 18:13:39', 0),
	(308, 76, 1, '2025-11-10 18:15:08', 0, '2025-11-10 18:15:08', 0),
	(309, 76, 1, '2025-11-10 18:16:22', 0, '2025-11-10 18:16:22', 0),
	(310, 76, 1, '2025-11-10 18:17:19', 0, '2025-11-10 18:17:19', 0),
	(311, 76, 1, '2025-11-11 14:32:26', 0, '2025-11-11 14:32:26', 0),
	(312, 76, 1, '2025-11-11 14:36:10', 0, '2025-11-11 14:36:10', 0),
	(313, 76, 1, '2025-11-11 15:03:45', 0, '2025-11-11 15:03:45', 0),
	(314, 76, 1, '2025-11-12 13:30:22', 0, '2025-11-12 13:30:22', 0),
	(315, 76, 1, '2025-11-12 14:37:04', 0, '2025-11-12 14:37:04', 0),
	(316, 76, 1, '2025-11-12 14:39:25', 0, '2025-11-12 14:39:25', 0),
	(317, 76, 1, '2025-11-12 14:39:34', 0, '2025-11-12 14:39:34', 0),
	(318, 76, 1, '2025-11-12 14:53:04', 0, '2025-11-12 14:53:04', 0),
	(319, 76, 1, '2025-11-12 14:53:39', 0, '2025-11-12 14:53:39', 0),
	(320, 76, 1, '2025-11-12 14:54:57', 0, '2025-11-12 14:54:57', 0),
	(321, 76, 1, '2025-11-12 14:56:34', 0, '2025-11-12 14:56:34', 0),
	(322, 76, 1, '2025-11-12 14:57:56', 0, '2025-11-12 14:57:56', 0),
	(323, 76, 1, '2025-11-12 15:02:13', 0, '2025-11-12 15:02:13', 0),
	(324, 76, 1, '2025-11-12 15:19:46', 0, '2025-11-12 15:19:46', 0),
	(325, 76, 1, '2025-11-14 13:59:28', 0, '2025-11-14 13:59:28', 0),
	(326, 76, 1, '2025-11-14 13:59:42', 0, '2025-11-14 13:59:42', 0),
	(327, 76, 1, '2025-11-14 15:41:25', 0, '2025-11-14 15:41:25', 0),
	(328, 76, 1, '2025-11-20 15:37:25', 0, '2025-11-20 15:37:25', 0),
	(329, 76, 1, '2025-11-20 15:39:53', 0, '2025-11-20 15:39:53', 0),
	(330, 76, 1, '2025-11-25 13:23:10', 0, '2025-11-25 13:23:10', 0),
	(331, 76, 1, '2025-11-25 13:23:14', 0, '2025-11-25 13:23:14', 0),
	(332, 2, 1, '2025-11-25 15:34:39', 0, '2025-11-25 15:34:39', 0),
	(333, 76, 1, '2025-11-25 15:35:40', 0, '2025-11-25 15:35:40', 0),
	(334, 1, 1, '2025-11-25 15:37:30', 0, '2025-11-25 15:37:30', 0),
	(335, 76, 1, '2025-11-25 15:37:41', 0, '2025-11-25 15:37:41', 0),
	(336, 76, 1, '2025-11-26 13:51:00', 0, '2025-11-26 13:51:00', 0),
	(337, 76, 1, '2025-11-26 16:17:15', 0, '2025-11-26 16:17:15', 0),
	(338, 76, 1, '2025-12-02 14:04:35', 0, '2025-12-02 14:04:35', 0),
	(339, 76, 1, '2025-12-03 11:48:31', 0, '2025-12-03 11:48:31', 0),
	(340, 76, 1, '2025-12-04 12:45:16', 0, '2025-12-04 12:45:16', 0),
	(341, 76, 1, '2025-12-04 13:05:30', 0, '2025-12-04 13:05:30', 0),
	(342, 76, 1, '2025-12-04 13:09:08', 0, '2025-12-04 13:09:08', 0),
	(343, 76, 1, '2025-12-04 13:09:35', 0, '2025-12-04 13:09:35', 0),
	(344, 76, 1, '2025-12-04 13:40:13', 0, '2025-12-04 13:40:13', 0),
	(345, 76, 1, '2025-12-11 13:20:33', 0, '2025-12-11 13:20:33', 0),
	(346, 76, 1, '2025-12-11 13:20:44', 0, '2025-12-11 13:20:44', 0),
	(347, 76, 1, '2025-12-11 13:34:31', 0, '2025-12-11 13:34:31', 0),
	(348, 76, 1, '2025-12-11 13:35:13', 0, '2025-12-11 13:35:13', 0),
	(349, 76, 1, '2025-12-11 13:49:14', 0, '2025-12-11 13:49:14', 0),
	(350, 76, 1, '2025-12-11 13:49:20', 0, '2025-12-11 13:49:20', 0),
	(351, 76, 1, '2025-12-11 13:50:52', 0, '2025-12-11 13:50:52', 0),
	(352, 76, 1, '2025-12-11 13:51:01', 0, '2025-12-11 13:51:01', 0),
	(353, 76, 1, '2025-12-11 14:08:26', 0, '2025-12-11 14:08:26', 0),
	(354, 76, 1, '2025-12-11 14:08:37', 0, '2025-12-11 14:08:37', 0),
	(355, 76, 1, '2025-12-11 14:22:50', 0, '2025-12-11 14:22:50', 0),
	(356, 76, 1, '2025-12-11 14:24:29', 0, '2025-12-11 14:24:29', 0),
	(357, 76, 1, '2025-12-11 14:46:11', 0, '2025-12-11 14:46:11', 0),
	(358, 76, 1, '2025-12-11 15:11:17', 0, '2025-12-11 15:11:17', 0),
	(359, 76, 1, '2025-12-11 15:48:04', 0, '2025-12-11 15:48:04', 0),
	(360, 76, 1, '2025-12-11 15:55:55', 0, '2025-12-11 15:55:55', 0),
	(361, 76, 1, '2025-12-11 15:57:08', 0, '2025-12-11 15:57:08', 0),
	(362, 76, 1, '2025-12-11 16:10:54', 0, '2025-12-11 16:10:54', 0),
	(363, 76, 1, '2025-12-11 16:15:42', 0, '2025-12-11 16:15:42', 0),
	(364, 76, 1, '2025-12-11 16:18:47', 0, '2025-12-11 16:18:47', 0),
	(365, 76, 1, '2025-12-11 17:26:06', 0, '2025-12-11 17:26:06', 0),
	(366, 76, 1, '2025-12-11 17:53:09', 0, '2025-12-11 17:53:09', 0),
	(367, 76, 1, '2025-12-11 17:53:58', 0, '2025-12-11 17:53:58', 0),
	(368, 76, 1, '2025-12-11 17:56:04', 0, '2025-12-11 17:56:04', 0),
	(369, 76, 1, '2025-12-11 17:56:28', 0, '2025-12-11 17:56:28', 0),
	(370, 76, 1, '2025-12-11 17:59:08', 0, '2025-12-11 17:59:08', 0),
	(371, 76, 1, '2025-12-11 18:03:05', 0, '2025-12-11 18:03:05', 0),
	(372, 76, 1, '2025-12-12 14:50:01', 0, '2025-12-12 14:50:01', 0),
	(373, 76, 1, '2025-12-12 16:43:56', 0, '2025-12-12 16:43:56', 0),
	(374, 76, 1, '2025-12-12 17:42:33', 0, '2025-12-12 17:42:33', 0),
	(375, 76, 1, '2025-12-15 15:41:14', 0, '2025-12-15 15:41:14', 0),
	(376, 76, 1, '2025-12-15 17:09:48', 0, '2025-12-15 17:09:48', 0),
	(377, 76, 1, '2025-12-17 11:29:51', 0, '2025-12-17 11:29:51', 0),
	(378, 76, 1, '2025-12-17 11:56:41', 0, '2025-12-17 11:56:41', 0),
	(379, 76, 1, '2025-12-17 11:56:48', 0, '2025-12-17 11:56:48', 0),
	(380, 76, 1, '2025-12-17 11:57:17', 0, '2025-12-17 11:57:17', 0),
	(381, 76, 1, '2025-12-18 15:19:04', 0, '2025-12-18 15:19:04', 0),
	(382, 76, 1, '2025-12-19 16:07:44', 0, '2025-12-19 16:07:44', 0),
	(383, 76, 1, '2025-12-22 14:07:36', 0, '2025-12-22 14:07:36', 0),
	(384, 76, 1, '2025-12-22 14:15:13', 0, '2025-12-22 14:15:13', 0),
	(385, 76, 1, '2025-12-23 15:20:33', 0, '2025-12-23 15:20:33', 0),
	(386, 76, 1, '2025-12-23 15:29:32', 0, '2025-12-23 15:29:32', 0),
	(387, 76, 1, '2026-01-06 12:03:42', 0, '2026-01-06 12:03:42', 0),
	(388, 76, 1, '2026-01-06 12:03:51', 0, '2026-01-06 12:03:51', 0),
	(389, 76, 1, '2026-01-08 16:58:11', 0, '2026-01-08 16:58:11', 0),
	(390, 76, 1, '2026-01-09 12:11:48', 0, '2026-01-09 12:11:48', 0),
	(391, 76, 1, '2026-01-09 15:22:03', 0, '2026-01-09 15:22:03', 0),
	(392, 76, 1, '2026-01-12 13:21:46', 0, '2026-01-12 13:21:46', 0),
	(393, 76, 1, '2026-01-13 15:57:58', 0, '2026-01-13 15:57:58', 0),
	(394, 1, 1, '2026-01-19 11:56:12', 0, '2026-01-19 11:56:12', 0),
	(395, 2, 1, '2026-01-19 11:56:45', 0, '2026-01-19 11:56:45', 0),
	(396, 2, 1, '2026-01-19 11:57:26', 0, '2026-01-19 11:57:26', 0),
	(397, 76, 1, '2026-01-19 11:57:51', 0, '2026-01-19 11:57:51', 0),
	(398, 76, 1, '2026-01-20 13:12:10', 0, '2026-01-20 13:12:10', 0),
	(399, 76, 1, '2026-01-27 11:31:55', 0, '2026-01-27 11:31:55', 0),
	(400, 1, 1, '2026-01-27 15:51:41', 0, '2026-01-27 15:51:41', 0),
	(401, 1, 1, '2026-01-27 15:51:54', 0, '2026-01-27 15:51:54', 0),
	(402, 76, 1, '2026-01-27 15:52:21', 0, '2026-01-27 15:52:21', 0),
	(403, 76, 1, '2026-01-27 16:20:37', 0, '2026-01-27 16:20:37', 0),
	(404, 76, 1, '2026-01-27 17:09:32', 0, '2026-01-27 17:09:32', 0),
	(405, 76, 1, '2026-02-10 11:04:53', 0, '2026-02-10 11:04:53', 0),
	(406, 76, 1, '2026-02-10 11:13:42', 0, '2026-02-10 11:13:42', 0),
	(407, 76, 1, '2026-02-11 15:46:50', 0, '2026-02-11 15:46:50', 0),
	(408, 76, 1, '2026-02-11 16:08:53', 0, '2026-02-11 16:08:53', 0),
	(409, 76, 1, '2026-02-11 16:30:56', 0, '2026-02-11 16:30:56', 0),
	(410, 76, 1, '2026-02-11 17:01:56', 0, '2026-02-11 17:01:56', 0),
	(411, 76, 1, '2026-02-11 17:14:58', 0, '2026-02-11 17:14:58', 0),
	(412, 76, 1, '2026-02-12 15:06:38', 0, '2026-02-12 15:06:38', 0),
	(413, 76, 1, '2026-02-12 15:06:51', 0, '2026-02-12 15:06:51', 0),
	(414, 76, 1, '2026-02-12 15:07:04', 0, '2026-02-12 15:07:04', 0),
	(415, 76, 1, '2026-02-13 14:30:24', 0, '2026-02-13 14:30:24', 0),
	(416, 76, 1, '2026-02-13 14:30:47', 0, '2026-02-13 14:30:47', 0),
	(417, 76, 1, '2026-02-13 14:36:30', 0, '2026-02-13 14:36:30', 0),
	(418, 76, 1, '2026-02-13 14:36:38', 0, '2026-02-13 14:36:38', 0),
	(419, 100, 1, '2026-02-13 15:33:03', 0, '2026-02-13 15:33:03', 0),
	(420, 76, 1, '2026-02-13 15:33:12', 0, '2026-02-13 15:33:12', 0),
	(421, 100, 1, '2026-02-13 15:33:22', 0, '2026-02-13 15:33:22', 0),
	(422, 76, 1, '2026-02-13 16:19:48', 0, '2026-02-13 16:19:48', 0),
	(423, 76, 1, '2026-02-13 16:25:25', 0, '2026-02-13 16:25:25', 0),
	(424, 76, 1, '2026-02-23 15:25:50', 0, '2026-02-23 15:25:50', 0),
	(425, 76, 1, '2026-02-23 15:25:55', 0, '2026-02-23 15:25:55', 0),
	(426, 76, 1, '2026-02-23 15:26:45', 0, '2026-02-23 15:26:45', 0),
	(427, 76, 1, '2026-02-26 14:22:46', 0, '2026-02-26 14:22:46', 0),
	(428, 76, 1, '2026-02-26 14:22:51', 0, '2026-02-26 14:22:51', 0),
	(429, 76, 1, '2026-02-26 14:34:42', 0, '2026-02-26 14:34:42', 0),
	(430, 76, 1, '2026-02-26 14:35:49', 0, '2026-02-26 14:35:49', 0),
	(431, 76, 1, '2026-02-26 16:41:09', 0, '2026-02-26 16:41:09', 0),
	(432, 76, 1, '2026-02-26 17:06:04', 0, '2026-02-26 17:06:04', 0),
	(433, 76, 1, '2026-02-26 17:50:36', 0, '2026-02-26 17:50:36', 0);

-- Dumping structure for table pos_resto.foreign_currency_type
CREATE TABLE IF NOT EXISTS `foreign_currency_type` (
  `fcyid` smallint(6) NOT NULL AUTO_INCREMENT,
  `desc1` varchar(20) DEFAULT NULL,
  `desc2` varchar(20) DEFAULT NULL,
  `desc3` varchar(20) DEFAULT NULL,
  `ratefcy` decimal(5,4) DEFAULT NULL,
  `chgbakfcy` tinyint(4) DEFAULT NULL,
  `presence` tinyint(2) NOT NULL DEFAULT 1,
  `inputDate` datetime NOT NULL DEFAULT '2025-01-01 00:00:00',
  `inputBy` smallint(6) NOT NULL DEFAULT 1,
  `updateDate` datetime NOT NULL DEFAULT '2025-01-01 00:00:00',
  `updateBy` smallint(6) NOT NULL DEFAULT 1,
  PRIMARY KEY (`fcyid`) USING BTREE
) ENGINE=InnoDB AUTO_INCREMENT=4 DEFAULT CHARSET=utf8mb4 COLLATE=utf8mb4_general_ci ROW_FORMAT=DYNAMIC;

-- Dumping data for table pos_resto.foreign_currency_type: ~2 rows (approximately)
INSERT INTO `foreign_currency_type` (`fcyid`, `desc1`, `desc2`, `desc3`, `ratefcy`, `chgbakfcy`, `presence`, `inputDate`, `inputBy`, `updateDate`, `updateBy`) VALUES
	(1, 'HK Dollars ', 'HK Dollars          ', 'HK Dollars          ', 0.1282, 1, 1, '2025-01-01 00:00:00', 1, '2025-04-29 16:05:30', 1),
	(2, 'CNY Dollars ', 'CNY Dollars         ', 'CNY Dollars         ', 0.1410, 1, 1, '2025-01-01 00:00:00', 1, '2025-04-29 16:05:30', 1),
	(3, 'ID Currency', NULL, NULL, 1.0000, 1, 0, '2025-04-29 16:05:12', 1, '2025-04-29 16:05:34', 1);

-- Dumping structure for table pos_resto.language
CREATE TABLE IF NOT EXISTS `language` (
  `id` int(11) NOT NULL AUTO_INCREMENT,
  `name` varchar(200) DEFAULT NULL,
  `lang1` varchar(200) DEFAULT NULL,
  `lang2` varchar(200) DEFAULT NULL,
  `lang3` varchar(200) DEFAULT NULL,
  `sorting` smallint(6) DEFAULT NULL,
  `presence` tinyint(2) NOT NULL DEFAULT 1,
  `inputDate` datetime NOT NULL DEFAULT '2025-01-01 00:00:00',
  `inputBy` smallint(6) NOT NULL DEFAULT 1,
  `updateDate` datetime NOT NULL DEFAULT '2025-01-01 00:00:00',
  `updateBy` smallint(6) NOT NULL DEFAULT 1,
  PRIMARY KEY (`id`) USING BTREE
) ENGINE=InnoDB AUTO_INCREMENT=509 DEFAULT CHARSET=utf8mb4 COLLATE=utf8mb4_general_ci ROW_FORMAT=DYNAMIC;

-- Dumping data for table pos_resto.language: ~288 rows (approximately)
INSERT INTO `language` (`id`, `name`, `lang1`, `lang2`, `lang3`, `sorting`, `presence`, `inputDate`, `inputBy`, `updateDate`, `updateBy`) VALUES
	(166, 'Table', 'Table', 'Meja', NULL, NULL, 1, '2025-01-01 00:00:00', 1, '2025-01-01 00:00:00', 1),
	(167, 'Double Click for go to detail', 'Double Click for go to detail', 'Klik dua kali untuk melihat detail', NULL, NULL, 1, '2025-01-01 00:00:00', 1, '2025-01-01 00:00:00', 1),
	(168, 'CLOSE', 'CLOSE', 'Tutup', NULL, NULL, 1, '2025-01-01 00:00:00', 1, '2025-01-01 00:00:00', 1),
	(170, 'Start Time', 'Start Time', 'Waktu Mulai', NULL, NULL, 1, '2025-01-01 00:00:00', 1, '2025-01-01 00:00:00', 1),
	(171, 'Cover / Capacity', 'Cover / Capacity', 'Jumlah Tamu / Kapasitas', NULL, NULL, 1, '2025-01-01 00:00:00', 1, '2025-01-01 00:00:00', 1),
	(172, 'Status', 'Status', 'Status', NULL, NULL, 1, '2025-01-01 00:00:00', 1, '2025-01-01 00:00:00', 1),
	(173, 'Total', 'Total', 'Total', NULL, NULL, 1, '2025-01-01 00:00:00', 1, '2025-01-01 00:00:00', 1),
	(174, 'Item', 'Item', 'Item', NULL, NULL, 1, '2025-01-01 00:00:00', 1, '2025-01-01 00:00:00', 1),
	(175, 'User', 'User', 'Pengguna', NULL, NULL, 1, '2025-01-01 00:00:00', 1, '2025-01-01 00:00:00', 1),
	(176, 'Capacity', 'Capacity', 'Kapasitas', NULL, NULL, 1, '2025-01-01 00:00:00', 1, '2025-01-01 00:00:00', 1),
	(177, 'Switch Outlet', 'Switch Outlet', 'Ganti Outlet', NULL, NULL, 1, '2025-01-01 00:00:00', 1, '2025-01-01 00:00:00', 1),
	(178, 'Map', 'Map', 'Peta', NULL, NULL, 1, '2025-01-01 00:00:00', 1, '2025-01-01 00:00:00', 1),
	(179, 'List', 'List', 'Daftar', NULL, NULL, 1, '2025-01-01 00:00:00', 1, '2025-01-01 00:00:00', 1),
	(181, 'Table Name', 'Table Name', 'Nama Meja', NULL, NULL, 1, '2025-01-01 00:00:00', 1, '2025-01-01 00:00:00', 1),
	(182, 'Cover', 'Cover', 'Jumlah Tamu', NULL, NULL, 1, '2025-01-01 00:00:00', 1, '2025-01-01 00:00:00', 1),
	(183, 'NEW ORDER', 'NEW ORDER', 'Pesanan Baru', NULL, NULL, 1, '2025-01-01 00:00:00', 1, '2025-01-01 00:00:00', 1),
	(184, 'Warning Daily Close', 'Warning Daily Close', 'Peringatan Tutup Harian', NULL, NULL, 1, '2025-01-01 00:00:00', 1, '2025-01-01 00:00:00', 1),
	(185, 'Daily Start', 'Daily Start', 'Mulai Harian', NULL, NULL, 1, '2025-01-01 00:00:00', 1, '2025-01-01 00:00:00', 1),
	(186, 'Schedule', 'Schedule', 'Jadwal', NULL, NULL, 1, '2025-01-01 00:00:00', 1, '2025-01-01 00:00:00', 1),
	(187, 'Will Close at', 'Will Close at', 'Akan Tutup pada', NULL, NULL, 1, '2025-01-01 00:00:00', 1, '2025-01-01 00:00:00', 1),
	(189, 'Terminal ID', 'Terminal ID', 'ID Terminal', NULL, NULL, 1, '2025-01-01 00:00:00', 1, '2025-01-01 00:00:00', 1),
	(190, 'LOG OFF', 'LOG OFF', 'Keluar', NULL, NULL, 1, '2025-01-01 00:00:00', 1, '2025-01-01 00:00:00', 1),
	(191, 'Map Size %', 'Map Size %', 'Ukuran Peta %', NULL, NULL, 1, '2025-01-01 00:00:00', 1, '2025-01-01 00:00:00', 1),
	(192, 'Total open table', 'Total open table', 'Total meja terbuka', NULL, NULL, 1, '2025-01-01 00:00:00', 1, '2025-01-01 00:00:00', 1),
	(194, 'Please Input No. of Cover', 'Please Input No. of Cover', 'Masukkan jumlah tamu', NULL, NULL, 1, '2025-01-01 00:00:00', 1, '2025-01-01 00:00:00', 1),
	(196, 'Order Now', 'Order Now', 'Pesan Sekarang', NULL, NULL, 1, '2025-01-01 00:00:00', 1, '2025-01-01 00:00:00', 1),
	(197, 'SETTING', 'SETTING', 'Pengaturan', NULL, NULL, 1, '2025-01-01 00:00:00', 1, '2025-01-01 00:00:00', 1),
	(198, 'LOCAL PRINTER', 'LOCAL PRINTER', 'Printer Lokal', NULL, NULL, 1, '2025-01-01 00:00:00', 1, '2025-01-01 00:00:00', 1),
	(199, 'PRINTER CONNECTION', 'PRINTER CONNECTION', 'Koneksi Printer', NULL, NULL, 1, '2025-01-01 00:00:00', 1, '2025-01-01 00:00:00', 1),
	(200, 'IP', 'IP', 'IP', NULL, NULL, 1, '2025-01-01 00:00:00', 1, '2025-01-01 00:00:00', 1),
	(201, 'SERIAL/COM', 'SERIAL/COM', 'Serial/COM', NULL, NULL, 1, '2025-01-01 00:00:00', 1, '2025-01-01 00:00:00', 1),
	(202, 'PRINTER ADDRESS', 'PRINTER ADDRESS', 'Alamat Printer', NULL, NULL, 1, '2025-01-01 00:00:00', 1, '2025-01-01 00:00:00', 1),
	(203, 'PRINTER PORT', 'PRINTER PORT', 'Port Printer', NULL, NULL, 1, '2025-01-01 00:00:00', 1, '2025-01-01 00:00:00', 1),
	(204, 'NAME', 'NAME', 'Nama', NULL, NULL, 1, '2025-01-01 00:00:00', 1, '2025-01-01 00:00:00', 1),
	(205, 'NOTE', 'NOTE', 'Catatan', NULL, NULL, 1, '2025-01-01 00:00:00', 1, '2025-01-01 00:00:00', 1),
	(206, 'TEST', 'TEST', 'Tes', NULL, NULL, 1, '2025-01-01 00:00:00', 1, '2025-01-01 00:00:00', 1),
	(207, 'TABLE LOGOUT TIME', 'TABLE LOGOUT TIME', 'Waktu Logout Meja', NULL, NULL, 1, '2025-01-01 00:00:00', 1, '2025-01-01 00:00:00', 1),
	(208, 'UNTUK HALAMAN TABLE JIKA TIDAK ADA INTERAKSI MAKA AKAN OTOMATIS LOGOUT SETIAP', 'UNTUK HALAMAN TABLE JIKA TIDAK ADA INTERAKSI MAKA AKAN OTOMATIS LOGOUT SETIAP', 'For the table page, if there is no interaction it will automatically log out every', NULL, NULL, 1, '2025-01-01 00:00:00', 1, '2025-01-01 00:00:00', 1),
	(209, 'DETIK', 'DETIK', 'Seconds', NULL, NULL, 1, '2025-01-01 00:00:00', 1, '2025-01-01 00:00:00', 1),
	(210, 'IN SECOND', 'IN SECOND', 'Dalam Detik', NULL, NULL, 1, '2025-01-01 00:00:00', 1, '2025-01-01 00:00:00', 1),
	(211, 'UPDATE', 'UPDATE', 'Perbarui', NULL, NULL, 1, '2025-01-01 00:00:00', 1, '2025-01-01 00:00:00', 1),
	(212, 'Current Language', 'Current Language', 'Bahasa Saat Ini', NULL, NULL, 1, '2025-01-01 00:00:00', 1, '2025-01-01 00:00:00', 1),
	(213, 'ENGLISH', 'ENGLISH', 'Inggris', NULL, NULL, 1, '2025-01-01 00:00:00', 1, '2025-01-01 00:00:00', 1),
	(214, 'BAHASA INDONESIA', 'BAHASA INDONESIA', 'Indonesian', NULL, NULL, 1, '2025-01-01 00:00:00', 1, '2025-01-01 00:00:00', 1),
	(215, 'LOAD DATA FROM SERVER...', 'LOAD DATA FROM SERVER...', 'Memuat data dari server...', NULL, NULL, 1, '2025-01-01 00:00:00', 1, '2025-01-01 00:00:00', 1),
	(216, 'TERMINAL KEY', 'TERMINAL KEY', 'Kunci Terminal', NULL, NULL, 1, '2025-01-01 00:00:00', 1, '2025-01-01 00:00:00', 1),
	(217, 'KEY', 'KEY', 'Kunci', NULL, NULL, 1, '2025-01-01 00:00:00', 1, '2025-01-01 00:00:00', 1),
	(218, 'EXP', 'EXP', 'Kadaluarsa', NULL, NULL, 1, '2025-01-01 00:00:00', 1, '2025-01-01 00:00:00', 1),
	(219, 'EDIT', 'EDIT', 'Edit', NULL, NULL, 1, '2025-01-01 00:00:00', 1, '2025-01-01 00:00:00', 1),
	(220, 'GLOBAL PRINTER / PRINTER SERVICE', 'GLOBAL PRINTER / PRINTER SERVICE', 'Printer Global / Layanan Printer', NULL, NULL, 1, '2025-01-01 00:00:00', 1, '2025-01-01 00:00:00', 1),
	(221, 'GROUP', 'GROUP', 'Grup', NULL, NULL, 1, '2025-01-01 00:00:00', 1, '2025-01-01 00:00:00', 1),
	(223, 'CONNECTION 1', 'CONNECTION 1', 'Koneksi 1', NULL, NULL, 1, '2025-01-01 00:00:00', 1, '2025-01-01 00:00:00', 1),
	(224, 'PRINTER 2', 'PRINTER 2', 'Printer 2', NULL, NULL, 1, '2025-01-01 00:00:00', 1, '2025-01-01 00:00:00', 1),
	(225, 'CONNECTION 2', 'CONNECTION 2', 'Koneksi 2', NULL, NULL, 1, '2025-01-01 00:00:00', 1, '2025-01-01 00:00:00', 1),
	(226, 'GLOBAL TEST', 'GLOBAL TEST', 'Tes Global', NULL, NULL, 1, '2025-01-01 00:00:00', 1, '2025-01-01 00:00:00', 1),
	(227, 'LOGS ONTESTPRINTING / GLOBALPRINTER:', 'LOGS ONTESTPRINTING / GLOBALPRINTER:', 'Log onTestPrinting / GlobalPrinter:', NULL, NULL, 1, '2025-01-01 00:00:00', 1, '2025-01-01 00:00:00', 1),
	(228, 'Table Locked by Terminal', 'Table Locked by Terminal', 'Meja dikunci oleh Terminal', NULL, NULL, 1, '2025-01-01 00:00:00', 1, '2025-01-01 00:00:00', 1),
	(229, 'You do not have access to this menu.', 'You do not have access to this menu.', 'Anda tidak memiliki akses ke menu ini.', NULL, NULL, 1, '2025-01-01 00:00:00', 1, '2025-01-01 00:00:00', 1),
	(230, 'Daily Close Requirement!', 'Daily Close Requirement!', 'Persyaratan Tutup Harian!', NULL, NULL, 1, '2025-01-01 00:00:00', 1, '2025-01-01 00:00:00', 1),
	(231, 'Table Used', 'Table Used', 'Meja sedang digunakan', NULL, NULL, 1, '2025-01-01 00:00:00', 1, '2025-01-01 00:00:00', 1),
	(232, 'Please close', 'Please close', 'Harap tutup', NULL, NULL, 1, '2025-01-01 00:00:00', 1, '2025-01-01 00:00:00', 1),
	(233, 'tables!', 'tables!', 'meja!', NULL, NULL, 1, '2025-01-01 00:00:00', 1, '2025-01-01 00:00:00', 1),
	(246, 'Overdue', 'Overdue', 'Lewat Waktu', NULL, NULL, 1, '2025-01-01 00:00:00', 1, '2025-01-01 00:00:00', 1),
	(247, 'min', 'min', 'menit', NULL, NULL, 1, '2025-01-01 00:00:00', 1, '2025-01-01 00:00:00', 1),
	(249, 'Waiter', 'Waiter', 'Pelayan', NULL, NULL, 1, '2025-01-01 00:00:00', 1, '2025-01-01 00:00:00', 1),
	(250, 'Qty', 'Qty', 'Qty', NULL, NULL, 1, '2025-01-01 00:00:00', 1, '2025-01-01 00:00:00', 1),
	(251, 'List Menu Ordered', 'List Menu Ordered', 'Daftar Menu Dipesan', NULL, NULL, 1, '2025-01-01 00:00:00', 1, '2025-01-01 00:00:00', 1),
	(252, 'TA', 'TA', 'TA', NULL, NULL, 1, '2025-01-01 00:00:00', 1, '2025-01-01 00:00:00', 1),
	(254, 'Discount', 'Discount', 'Diskon', NULL, NULL, 1, '2025-01-01 00:00:00', 1, '2025-01-01 00:00:00', 1),
	(256, 'Sc', 'Sc', 'Biaya Layanan', NULL, NULL, 1, '2025-01-01 00:00:00', 1, '2025-01-01 00:00:00', 1),
	(257, 'Tax', 'Tax', 'Pajak', NULL, NULL, 1, '2025-01-01 00:00:00', 1, '2025-01-01 00:00:00', 1),
	(259, 'Sc & Tax', 'Sc & Tax', 'Biaya Layanan & Pajak', NULL, NULL, 1, '2025-01-01 00:00:00', 1, '2025-01-01 00:00:00', 1),
	(260, 'EXIT WITHOUT ORDER', 'EXIT WITHOUT ORDER', 'KELUAR TANPA PESANAN', NULL, NULL, 1, '2025-01-01 00:00:00', 1, '2025-01-01 00:00:00', 1),
	(262, 'Send Order', 'SEND ORDER', 'Kirim Pesanan', NULL, NULL, 1, '2025-01-01 00:00:00', 1, '2025-01-01 00:00:00', 1),
	(263, 'Table Checker', 'Table Checker', 'Pemeriksa Meja', NULL, NULL, 1, '2025-01-01 00:00:00', 1, '2025-01-01 00:00:00', 1),
	(264, 'INFO', 'INFO', 'INFO', NULL, NULL, 1, '2025-01-01 00:00:00', 1, '2025-01-01 00:00:00', 1),
	(265, 'FUNCTION', 'FUNCTION', 'FUNGSI', NULL, NULL, 1, '2025-01-01 00:00:00', 1, '2025-01-01 00:00:00', 1),
	(266, 'MENU', 'MENU', 'MENU', NULL, NULL, 1, '2025-01-01 00:00:00', 1, '2025-01-01 00:00:00', 1),
	(267, 'MODIFIER', 'MODIFIER', 'MODIFIER', NULL, NULL, 1, '2025-01-01 00:00:00', 1, '2025-01-01 00:00:00', 1),
	(268, 'ITEM DISCOUNT', 'ITEM DISCOUNT', 'DISKON ITEM', NULL, NULL, 1, '2025-01-01 00:00:00', 1, '2025-01-01 00:00:00', 1),
	(269, 'KITCHEN', 'KITCHEN', 'DAPUR', NULL, NULL, 1, '2025-01-01 00:00:00', 1, '2025-01-01 00:00:00', 1),
	(271, 'BACK', 'BACK', 'KEMBALI', NULL, NULL, 1, '2025-01-01 00:00:00', 1, '2025-01-01 00:00:00', 1),
	(272, 'Item Information', 'Item Information', 'Informasi Item', NULL, NULL, 1, '2025-01-01 00:00:00', 1, '2025-01-01 00:00:00', 1),
	(273, 'ID', 'ID', 'ID', NULL, NULL, 1, '2025-01-01 00:00:00', 1, '2025-01-01 00:00:00', 1),
	(274, 'Description', 'Description', 'Deskripsi', NULL, NULL, 1, '2025-01-01 00:00:00', 1, '2025-01-01 00:00:00', 1),
	(275, 'Order By and Time', 'Order By and Time', 'Pesan Oleh dan Waktu', NULL, NULL, 1, '2025-01-01 00:00:00', 1, '2025-01-01 00:00:00', 1),
	(276, 'Item Price', 'Item Price', 'Harga Item', NULL, NULL, 1, '2025-01-01 00:00:00', 1, '2025-01-01 00:00:00', 1),
	(277, 'Modifier, Tax and Service', 'Modifier, Tax and Service', 'Modifier, Pajak dan Layanan', NULL, NULL, 1, '2025-01-01 00:00:00', 1, '2025-01-01 00:00:00', 1),
	(278, 'Item Actual Price', 'Item Actual Price', 'Harga Aktual Item', NULL, NULL, 1, '2025-01-01 00:00:00', 1, '2025-01-01 00:00:00', 1),
	(279, 'Sales Type / Floor Name', 'Sales Type / Floor Name', 'Jenis Penjualan / Nama Lantai', NULL, NULL, 1, '2025-01-01 00:00:00', 1, '2025-01-01 00:00:00', 1),
	(281, 'Lookup Menu', 'Lookup Menu', 'Cari Menu', NULL, NULL, 1, '2025-01-01 00:00:00', 1, '2025-01-01 00:00:00', 1),
	(282, 'Custom Notes', 'Custom Notes', 'Catatan Kustom', NULL, NULL, 1, '2025-01-01 00:00:00', 1, '2025-01-01 00:00:00', 1),
	(284, 'Daily Check ID', 'Daily Check ID', 'ID Pemeriksaan Harian', NULL, NULL, 1, '2025-01-01 00:00:00', 1, '2025-01-01 00:00:00', 1),
	(285, 'Outlet ID', 'Outlet ID', 'ID Outlet', NULL, NULL, 1, '2025-01-01 00:00:00', 1, '2025-01-01 00:00:00', 1),
	(286, 'Table Name / ID', 'Table Name / ID', 'Nama Meja / ID', NULL, NULL, 1, '2025-01-01 00:00:00', 1, '2025-01-01 00:00:00', 1),
	(287, 'Status / ID', 'Status / ID', 'Status / ID', NULL, NULL, 1, '2025-01-01 00:00:00', 1, '2025-01-01 00:00:00', 1),
	(288, 'Start Date', 'Start Date', 'Tanggal Mulai', NULL, NULL, 1, '2025-01-01 00:00:00', 1, '2025-01-01 00:00:00', 1),
	(289, 'Over Time', 'Over Time', 'Waktu Lebih', NULL, NULL, 1, '2025-01-01 00:00:00', 1, '2025-01-01 00:00:00', 1),
	(290, 'Input Date', 'Input Date', 'Tanggal Input', NULL, NULL, 1, '2025-01-01 00:00:00', 1, '2025-01-01 00:00:00', 1),
	(291, 'Input By', 'Input By', 'Diinput Oleh', NULL, NULL, 1, '2025-01-01 00:00:00', 1, '2025-01-01 00:00:00', 1),
	(292, 'Update Date', 'Update Date', 'Tanggal Pembaruan', NULL, NULL, 1, '2025-01-01 00:00:00', 1, '2025-01-01 00:00:00', 1),
	(293, 'Update By', 'Update By', 'Diperbarui Oleh', NULL, NULL, 1, '2025-01-01 00:00:00', 1, '2025-01-01 00:00:00', 1),
	(294, 'FINISH', 'FINISH', 'SELESAI', NULL, NULL, 1, '2025-01-01 00:00:00', 1, '2025-01-01 00:00:00', 1),
	(295, 'SUBMIT', 'SUBMIT', 'KIRIM', NULL, NULL, 1, '2025-01-01 00:00:00', 1, '2025-01-01 00:00:00', 1),
	(296, 'Change Quantity Item', 'Change Quantity Item', 'Ubah Jumlah Item', NULL, NULL, 1, '2025-01-01 00:00:00', 1, '2025-01-01 00:00:00', 1),
	(297, 'Current', 'Current', 'Saat Ini', NULL, NULL, 1, '2025-01-01 00:00:00', 1, '2025-01-01 00:00:00', 1),
	(298, 'Change to', 'Change to', 'Ubah ke', NULL, NULL, 1, '2025-01-01 00:00:00', 1, '2025-01-01 00:00:00', 1),
	(299, 'OK', 'OK', 'OK', NULL, NULL, 1, '2025-01-01 00:00:00', 1, '2025-01-01 00:00:00', 1),
	(300, 'Add Custom Notes', 'Add Custom Notes', 'Tambah Catatan Kustom', NULL, NULL, 1, '2025-01-01 00:00:00', 1, '2025-01-01 00:00:00', 1),
	(301, 'Note is required', 'Note is required', 'Catatan wajib diisi', NULL, NULL, 1, '2025-01-01 00:00:00', 1, '2025-01-01 00:00:00', 1),
	(302, 'Cancel', 'Cancel', 'Batal', NULL, NULL, 1, '2025-01-01 00:00:00', 1, '2025-01-01 00:00:00', 1),
	(303, 'Merger Table', 'Merger Table', 'Gabung Meja', NULL, NULL, 1, '2025-01-01 00:00:00', 1, '2025-01-01 00:00:00', 1),
	(306, 'Current Cover', 'Current Cover', 'Cover Saat Ini', NULL, NULL, 1, '2025-01-01 00:00:00', 1, '2025-01-01 00:00:00', 1),
	(307, 'Menu Set', 'Menu Set', 'Set Menu', NULL, NULL, 1, '2025-01-01 00:00:00', 1, '2025-01-01 00:00:00', 1),
	(310, 'Discount Remark', 'Discount Remark', 'Catatan Diskon', NULL, NULL, 1, '2025-01-01 00:00:00', 1, '2025-01-01 00:00:00', 1),
	(311, 'Note*', 'Note*', 'Catatan*', NULL, NULL, 1, '2025-01-01 00:00:00', 1, '2025-01-01 00:00:00', 1),
	(312, 'Add Remark', 'Add Remark', 'Tambah Catatan', NULL, NULL, 1, '2025-01-01 00:00:00', 1, '2025-01-01 00:00:00', 1),
	(313, 'Table Checker Print', 'Table Checker Print', 'Cetak Table Checker', NULL, NULL, 1, '2025-01-01 00:00:00', 1, '2025-01-01 00:00:00', 1),
	(314, 'Please select Send Order', 'Please select Send Order', 'Silakan pilih Send Order', NULL, NULL, 1, '2025-01-01 00:00:00', 1, '2025-01-01 00:00:00', 1),
	(316, 'Open Price', 'Open Price', 'Harga Terbuka', NULL, NULL, 1, '2025-01-01 00:00:00', 1, '2025-01-01 00:00:00', 1),
	(317, 'Please enter the price for "open Price item"', 'Please enter the price for "open Price item"', 'Silakan masukkan harga untuk "item Harga Terbuka"', NULL, NULL, 1, '2025-01-01 00:00:00', 1, '2025-01-01 00:00:00', 1),
	(318, 'Items', 'Items', 'Item', NULL, NULL, 1, '2025-01-01 00:00:00', 1, '2025-01-01 00:00:00', 1),
	(319, 'Printing', 'Printing', 'Mencetak', NULL, NULL, 1, '2025-01-01 00:00:00', 1, '2025-01-01 00:00:00', 1),
	(320, 'PAYMENT', 'PAYMENT', 'PEMBAYARAN', NULL, NULL, 1, '2025-01-01 00:00:00', 1, '2025-01-01 00:00:00', 1),
	(321, 'BILL', 'BILL', 'TAGIHAN', NULL, NULL, 1, '2025-01-01 00:00:00', 1, '2025-01-01 00:00:00', 1),
	(322, 'TRANSFER ITEMS', 'TRANSFER ITEMS', 'TRANSFER ITEM', NULL, NULL, 1, '2025-01-01 00:00:00', 1, '2025-01-01 00:00:00', 1),
	(323, 'TAKE OUT', 'TAKE OUT', 'BUNGKUS', NULL, NULL, 1, '2025-01-01 00:00:00', 1, '2025-01-01 00:00:00', 1),
	(324, 'MERGE', 'MERGE', 'GABUNG', NULL, NULL, 1, '2025-01-01 00:00:00', 1, '2025-01-01 00:00:00', 1),
	(325, 'CHANGE COVER', 'CHANGE COVER', 'UBAH COVER', NULL, NULL, 1, '2025-01-01 00:00:00', 1, '2025-01-01 00:00:00', 1),
	(326, 'CHANGE TABLE', 'CHANGE TABLE', 'PINDAH MEJA', NULL, NULL, 1, '2025-01-01 00:00:00', 1, '2025-01-01 00:00:00', 1),
	(327, 'TRANSFER LOG', 'TRANSFER LOG', 'LOG TRANSFER', NULL, NULL, 1, '2025-01-01 00:00:00', 1, '2025-01-01 00:00:00', 1),
	(328, 'MERGE LOG', 'MERGE LOG', 'LOG GABUNG', NULL, NULL, 1, '2025-01-01 00:00:00', 1, '2025-01-01 00:00:00', 1),
	(330, 'VOID ITEM', 'VOID ITEM', 'BATALKAN ITEM', NULL, NULL, 1, '2025-01-01 00:00:00', 1, '2025-01-01 00:00:00', 1),
	(332, 'Grand Total', 'Grand Total', 'Total Keseluruhan', NULL, NULL, 1, '2025-01-01 00:00:00', 1, '2025-01-01 00:00:00', 1),
	(333, 'Paid', 'Paid', 'Dibayar', NULL, NULL, 1, '2025-01-01 00:00:00', 1, '2025-01-01 00:00:00', 1),
	(334, 'Unpaid', 'Unpaid', 'Belum Dibayar', NULL, NULL, 1, '2025-01-01 00:00:00', 1, '2025-01-01 00:00:00', 1),
	(337, 'Amount', 'Amount', 'Jumlah', NULL, NULL, 1, '2025-01-01 00:00:00', 1, '2025-01-01 00:00:00', 1),
	(338, 'Tips', 'Tips', 'Tip', NULL, NULL, 1, '2025-01-01 00:00:00', 1, '2025-01-01 00:00:00', 1),
	(339, 'CE', 'Clear Entry', 'Hapus Entri', NULL, NULL, 1, '2025-01-01 00:00:00', 1, '2025-01-01 00:00:00', 1),
	(341, 'SELECT PAYMENT', 'Select Payment', 'Pilih Pembayaran', NULL, NULL, 1, '2025-01-01 00:00:00', 1, '2025-01-01 00:00:00', 1),
	(342, 'SELECT', 'Select', 'Pilih', NULL, NULL, 1, '2025-01-01 00:00:00', 1, '2025-01-01 00:00:00', 1),
	(343, 'Close Payment', 'Close Payment', 'Tutup Pembayaran', NULL, NULL, 1, '2025-01-01 00:00:00', 1, '2025-01-01 00:00:00', 1),
	(344, 'PAYMENT FINISH', 'Payment Complete', 'Pembayaran Selesai', NULL, NULL, 1, '2025-01-01 00:00:00', 1, '2025-01-01 00:00:00', 1),
	(345, 'CHANGE', 'Change', 'Kembalian', NULL, NULL, 1, '2025-01-01 00:00:00', 1, '2025-01-01 00:00:00', 1),
	(347, 'Print Copy Bill', 'Print Copy Bill', 'Cetak Salinan Tagihan', NULL, NULL, 1, '2025-01-01 00:00:00', 1, '2025-01-01 00:00:00', 1),
	(348, 'Ver', 'Ver', 'Versi', NULL, NULL, 1, '2025-01-01 00:00:00', 1, '2025-01-01 00:00:00', 1),
	(350, 'Tables', 'Tables', 'Meja', NULL, NULL, 1, '2025-01-01 00:00:00', 1, '2025-01-01 00:00:00', 1),
	(351, 'Print Queue', 'Print Queue', 'Antrian Cetak', NULL, NULL, 1, '2025-01-01 00:00:00', 1, '2025-01-01 00:00:00', 1),
	(353, 'Adjust Item', 'Adjust Item', 'Sesuaikan Item', NULL, NULL, 1, '2025-01-01 00:00:00', 1, '2025-01-01 00:00:00', 1),
	(354, 'Report', 'Report', 'Laporan', NULL, NULL, 1, '2025-01-01 00:00:00', 1, '2025-01-01 00:00:00', 1),
	(355, 'Cash', 'Cash', 'Kas', NULL, NULL, 1, '2025-01-01 00:00:00', 1, '2025-01-01 00:00:00', 1),
	(357, 'Customer Display', 'Customer Display', 'Layar Pelanggan', NULL, NULL, 1, '2025-01-01 00:00:00', 1, '2025-01-01 00:00:00', 1),
	(358, 'Sign Off', 'Sign Off', 'Keluar', NULL, NULL, 1, '2025-01-01 00:00:00', 1, '2025-01-01 00:00:00', 1),
	(362, 'Information', 'Information', 'Informasi', NULL, NULL, 1, '2025-01-01 00:00:00', 1, '2025-01-01 00:00:00', 1),
	(365, 'Level', 'Level', 'Level', NULL, NULL, 1, '2025-01-01 00:00:00', 1, '2025-01-01 00:00:00', 1),
	(367, 'General', 'General', 'Umum', NULL, NULL, 1, '2025-01-01 00:00:00', 1, '2025-01-01 00:00:00', 1),
	(368, 'Customer Screen', 'Customer Screen', 'Layar Pelanggan', NULL, NULL, 1, '2025-01-01 00:00:00', 1, '2025-01-01 00:00:00', 1),
	(369, 'Operation', 'Operation', 'Operasional', NULL, NULL, 1, '2025-01-01 00:00:00', 1, '2025-01-01 00:00:00', 1),
	(372, 'Welcome to', 'Welcome to', 'Selamat datang di', NULL, NULL, 1, '2025-01-01 00:00:00', 1, '2025-01-01 00:00:00', 1),
	(373, 'Please wait for your order', 'Please wait for your order', 'Silakan tunggu pesanan Anda', NULL, NULL, 1, '2025-01-01 00:00:00', 1, '2025-01-01 00:00:00', 1),
	(374, 'Order', 'Order', 'Pesanan', NULL, NULL, 1, '2025-01-01 00:00:00', 1, '2025-01-01 00:00:00', 1),
	(375, 'Date', 'Date', 'Tanggal', NULL, NULL, 1, '2025-01-01 00:00:00', 1, '2025-01-01 00:00:00', 1),
	(376, 'Terminal', 'Terminal', 'Terminal', NULL, NULL, 1, '2025-01-01 00:00:00', 1, '2025-01-01 00:00:00', 1),
	(377, 'Employee', 'Employee', 'Karyawan', NULL, NULL, 1, '2025-01-01 00:00:00', 1, '2025-01-01 00:00:00', 1),
	(378, 'Loading...', 'Loading...', 'Sedang Memuat...', '木人樁 ', NULL, 1, '2025-01-01 00:00:00', 1, '2025-01-01 00:00:00', 1),
	(379, 'From the moment customers order to the time they pay, we make every step seamless and efficient.', 'From the moment customers order to the time they pay, we make every step seamless and efficient.', 'Sejak pelanggan memesan hingga mereka membayar, kami membuat setiap langkah lancar dan efisien.', NULL, NULL, 1, '2025-01-01 00:00:00', 1, '2025-01-01 00:00:00', 1),
	(380, 'Username', 'Username', 'Nama Pengguna', NULL, NULL, 1, '2025-01-01 00:00:00', 1, '2025-01-01 00:00:00', 1),
	(381, 'User ID is required', 'User ID is required', 'ID Pengguna wajib diisi', NULL, NULL, 1, '2025-01-01 00:00:00', 1, '2025-01-01 00:00:00', 1),
	(382, 'Password', 'Password', 'Kata Sandi', NULL, NULL, 1, '2025-01-01 00:00:00', 1, '2025-01-01 00:00:00', 1),
	(383, 'Password is required', 'Password is required', 'Kata sandi wajib diisi', NULL, NULL, 1, '2025-01-01 00:00:00', 1, '2025-01-01 00:00:00', 1),
	(384, 'LOG IN', 'LOG IN', 'Masuk', NULL, NULL, 1, '2025-01-01 00:00:00', 1, '2025-01-01 00:00:00', 1),
	(385, 'Back To Setup', 'Back To Setup', 'Kembali ke Pengaturan', NULL, NULL, 1, '2025-01-01 00:00:00', 1, '2025-01-01 00:00:00', 1),
	(386, 'Disconnected', 'Disconnected', 'Terputus', NULL, NULL, 1, '2025-01-01 00:00:00', 1, '2025-01-01 00:00:00', 1),
	(388, 'KEY TERMINAL', 'KEY TERMINAL', 'KUNCI TERMINAL', NULL, NULL, 1, '2025-01-01 00:00:00', 1, '2025-01-01 00:00:00', 1),
	(389, 'POS / TERMINAL ID', 'POS / TERMINAL ID', 'ID POS / TERMINAL', NULL, NULL, 1, '2025-01-01 00:00:00', 1, '2025-01-01 00:00:00', 1),
	(391, 'RELOGIN', 'Relogin', 'Masuk Ulang', NULL, NULL, 1, '2025-01-01 00:00:00', 1, '2025-01-01 00:00:00', 1),
	(392, 'RESET TERMINAL', 'Reset Terminal', 'Atur Ulang Terminal', NULL, NULL, 1, '2025-01-01 00:00:00', 1, '2025-01-01 00:00:00', 1),
	(393, 'RESET DATA', 'Reset Data', 'Atur Ulang Data', NULL, NULL, 1, '2025-01-01 00:00:00', 1, '2025-01-01 00:00:00', 1),
	(394, '404 - Page Not Found', '404 - Page Not Found', '404 - Halaman Tidak Ditemukan', NULL, NULL, 1, '2025-01-01 00:00:00', 1, '2025-01-01 00:00:00', 1),
	(395, 'The page you are looking for does not exist.', 'The page you are looking for does not exist.', 'Halaman yang Anda cari tidak ada.', NULL, NULL, 1, '2025-01-01 00:00:00', 1, '2025-01-01 00:00:00', 1),
	(396, 'Go to Home', 'Go to Home', 'Pergi ke Beranda', NULL, NULL, 1, '2025-01-01 00:00:00', 1, '2025-01-01 00:00:00', 1),
	(398, 'SPLIT BILL', 'Split Bill', 'Bagi Tagihan', NULL, NULL, 1, '2025-01-01 00:00:00', 1, '2025-01-01 00:00:00', 1),
	(399, 'NEW SPLIT BILL', 'New Split Bill', 'Buat Tagihan Baru', NULL, NULL, 1, '2025-01-01 00:00:00', 1, '2025-01-01 00:00:00', 1),
	(400, 'PRINT BILL', 'Print Bill', 'Cetak Tagihan', NULL, NULL, 1, '2025-01-01 00:00:00', 1, '2025-01-01 00:00:00', 1),
	(401, 'Total Copied', 'Total Copied', 'Salinan Total', NULL, NULL, 1, '2025-01-01 00:00:00', 1, '2025-01-01 00:00:00', 1),
	(402, 'Checking', 'Checking', 'Memeriksa', NULL, NULL, 1, '2025-01-01 00:00:00', 1, '2025-01-01 00:00:00', 1),
	(403, 'PRINT', 'Print', 'Cetak', NULL, NULL, 1, '2025-01-01 00:00:00', 1, '2025-01-01 00:00:00', 1),
	(404, 'Item Total', 'Item Total', 'Total Item', NULL, NULL, 1, '2025-01-01 00:00:00', 1, '2025-01-01 00:00:00', 1),
	(405, 'Sub Total', 'Sub Total', 'Subtotal', NULL, NULL, 1, '2025-01-01 00:00:00', 1, '2025-01-01 00:00:00', 1),
	(406, 'Queue', 'Queue', 'Antrian', NULL, NULL, 1, '2025-01-01 00:00:00', 1, '2025-01-01 00:00:00', 1),
	(407, 'Please perform daily close to unlock new order.', 'Please perform daily close to unlock new order.', 'Harap lakukan penutupan harian untuk membuka pesanan baru.', NULL, NULL, 1, '2025-01-01 00:00:00', 1, '2025-01-01 00:00:00', 1),
	(408, 'Warning Daily Close', 'Warning Daily Close', 'Peringatan Penutupan Harian', NULL, NULL, 1, '2025-01-01 00:00:00', 1, '2025-01-01 00:00:00', 1),
	(409, 'Locked New Order', 'Locked New Order', 'Pesanan Baru Terkunci', NULL, NULL, 1, '2025-01-01 00:00:00', 1, '2025-01-01 00:00:00', 1),
	(411, 'Delete Order', 'Delete Order', 'Hapus Pesanan', NULL, NULL, 1, '2025-01-01 00:00:00', 1, '2025-01-01 00:00:00', 1),
	(412, 'Please close {0} tables!', 'Please close {0} tables!', 'Harap tutup {0} meja!', NULL, NULL, 1, '2025-01-01 00:00:00', 1, '2025-01-01 00:00:00', 1),
	(413, 'Are you sure to delete this order', 'Are you sure to delete this order', 'Yakin ingin menghapus pesanan ini', NULL, NULL, 1, '2025-01-01 00:00:00', 1, '2025-01-01 00:00:00', 1),
	(414, 'Do Daily Start now ?', 'Do Daily Start now?', 'Mulai Harian sekarang?', NULL, NULL, 1, '2025-01-01 00:00:00', 1, '2025-01-01 00:00:00', 1),
	(415, 'No Yet', 'Not Yet', 'Belum', NULL, NULL, 1, '2025-01-01 00:00:00', 1, '2025-01-01 00:00:00', 1),
	(416, 'Yes', 'Yes', 'Ya', NULL, NULL, 1, '2025-01-01 00:00:00', 1, '2025-01-01 00:00:00', 1),
	(417, 'Daily Start Completed', 'Daily Start Completed', 'Mulai Harian Selesai', NULL, NULL, 1, '2025-01-01 00:00:00', 1, '2025-01-01 00:00:00', 1),
	(418, 'You have successfully started the day. You can now proceed to use the POS system.', 'You have successfully started the day. You can now proceed to use the POS system.', 'Anda telah berhasil memulai hari. Anda sekarang dapat menggunakan sistem POS.', NULL, NULL, 1, '2025-01-01 00:00:00', 1, '2025-01-01 00:00:00', 1),
	(419, 'Go To Table', 'Go To Table', 'Pergi ke Meja', NULL, NULL, 1, '2025-01-01 00:00:00', 1, '2025-01-01 00:00:00', 1),
	(420, 'DAILY CLOSE', 'Daily Close', 'Tutup Harian', NULL, NULL, 1, '2025-01-01 00:00:00', 1, '2025-01-01 00:00:00', 1),
	(421, 'Do Daily Close now ?', 'Do Daily Close now?', 'Tutup Harian sekarang?', NULL, NULL, 1, '2025-01-01 00:00:00', 1, '2025-01-01 00:00:00', 1),
	(422, 'Daily Close -> YES', 'Daily Close -> YES', 'Tutup Harian -> YA', NULL, NULL, 1, '2025-01-01 00:00:00', 1, '2025-01-01 00:00:00', 1),
	(423, 'Cash In', 'Cash In', 'Kas Masuk', NULL, NULL, 1, '2025-01-01 00:00:00', 1, '2025-01-01 00:00:00', 1),
	(424, 'Cash Out', 'Cash Out', 'Kas Keluar', NULL, NULL, 1, '2025-01-01 00:00:00', 1, '2025-01-01 00:00:00', 1),
	(425, 'Balance', 'Balance', 'Saldo', NULL, NULL, 1, '2025-01-01 00:00:00', 1, '2025-01-01 00:00:00', 1),
	(426, 'Open Cash Drawer', 'Open Cash Drawer', 'Buka Laci Kas', NULL, NULL, 1, '2025-01-01 00:00:00', 1, '2025-01-01 00:00:00', 1),
	(427, 'Opening Balance', 'Opening Balance', 'Saldo Awal', NULL, NULL, 1, '2025-01-01 00:00:00', 1, '2025-01-01 00:00:00', 1),
	(428, 'Opening cash drawer...', 'Opening cash drawer...', 'Membuka laci kas...', NULL, NULL, 1, '2025-01-01 00:00:00', 1, '2025-01-01 00:00:00', 1),
	(429, 'ERROR httpGet {0}', 'ERROR httpGet {0}', 'ERROR httpGet {0}', NULL, NULL, 1, '2025-01-01 00:00:00', 1, '2025-01-01 00:00:00', 1),
	(430, 'ERROR httpGetCashType {0}', 'ERROR httpGetCashType {0}', 'ERROR httpGetCashType {0}', NULL, NULL, 1, '2025-01-01 00:00:00', 1, '2025-01-01 00:00:00', 1),
	(431, 'addCashIn {0} dailyCheckId : {1}', 'addCashIn {0} dailyCheckId : {1}', 'Tambah Kas {0} id pemeriksaan harian: {1}', NULL, NULL, 1, '2025-01-01 00:00:00', 1, '2025-01-01 00:00:00', 1),
	(432, 'ERROR addCashIn', 'ERROR addCashIn', 'ERROR tambah kas masuk', NULL, NULL, 1, '2025-01-01 00:00:00', 1, '2025-01-01 00:00:00', 1),
	(433, 'openCashDrawer {0}', 'openCashDrawer {0}', 'bukaLaciKas {0}', NULL, NULL, 1, '2025-01-01 00:00:00', 1, '2025-01-01 00:00:00', 1),
	(434, 'ERROR openCashDrawer', 'ERROR openCashDrawer', 'ERROR buka laci kas', NULL, NULL, 1, '2025-01-01 00:00:00', 1, '2025-01-01 00:00:00', 1),
	(436, 'Menu Locked', 'Menu Locked', 'Menu Terkunci', NULL, NULL, 1, '2025-01-01 00:00:00', 1, '2025-01-01 00:00:00', 1),
	(437, 'The menu is currently locked by someone or cannot be accessed by history back', 'The menu is currently locked by someone or cannot be accessed by history back', 'Menu sedang dikunci oleh orang lain atau tidak dapat diakses lewat tombol kembali', NULL, NULL, 1, '2025-01-01 00:00:00', 1, '2025-01-01 00:00:00', 1),
	(438, 'Back to Table', 'Back to Table', 'Kembali ke Meja', NULL, NULL, 1, '2025-01-01 00:00:00', 1, '2025-01-01 00:00:00', 1),
	(439, 'VOID ITEMS', 'Void Items', 'Void Item', NULL, NULL, 1, '2025-01-01 00:00:00', 1, '2025-01-01 00:00:00', 1),
	(440, 'CONFIRM VOID ITEMS', 'Confirm Void Items', 'Konfirmasi Void Item', NULL, NULL, 1, '2025-01-01 00:00:00', 1, '2025-01-01 00:00:00', 1),
	(441, 'CONFIRM VOID ITEM', 'Confirm Void Item', 'Konfirmasi Void Item', NULL, NULL, 1, '2025-01-01 00:00:00', 1, '2025-01-01 00:00:00', 1),
	(442, 'SELECT REASON FOR VOID ITEM', 'Select Reason for Void Item', 'Pilih Alasan Void Item', NULL, NULL, 1, '2025-01-01 00:00:00', 1, '2025-01-01 00:00:00', 1),
	(443, 'Note Reason', 'Note Reason', 'Catatan Alasan', NULL, NULL, 1, '2025-01-01 00:00:00', 1, '2025-01-01 00:00:00', 1),
	(444, 'Or', 'Or', 'Atau', NULL, NULL, 1, '2025-01-01 00:00:00', 1, '2025-01-01 00:00:00', 1),
	(445, 'ERROR, ngOnInit() id == undefined ', 'ERROR, ngOnInit() id == undefined', 'ERROR, ngOnInit() id tidak terdefinisi', NULL, NULL, 1, '2025-01-01 00:00:00', 1, '2025-01-01 00:00:00', 1),
	(446, 'Select other table', 'Select other table', 'Pilih meja lain', NULL, NULL, 1, '2025-01-01 00:00:00', 1, '2025-01-01 00:00:00', 1),
	(447, 'Are you sure to void this transfer item?', 'Are you sure to void this transfer item?', 'Anda yakin ingin membatalkan item transfer ini?', NULL, NULL, 1, '2025-01-01 00:00:00', 1, '2025-01-01 00:00:00', 1),
	(449, 'LOG ID', 'LOG ID', 'ID Log', NULL, NULL, 1, '2025-01-01 00:00:00', 1, '2025-01-01 00:00:00', 1),
	(450, 'Index', 'Index', 'Indeks', NULL, NULL, 1, '2025-01-01 00:00:00', 1, '2025-01-01 00:00:00', 1),
	(451, 'History', 'History', 'Riwayat', NULL, NULL, 1, '2025-01-01 00:00:00', 1, '2025-01-01 00:00:00', 1),
	(452, 'Origin Table', 'Origin Table', 'Meja Asal', NULL, NULL, 1, '2025-01-01 00:00:00', 1, '2025-01-01 00:00:00', 1),
	(455, 'Merger table to', 'Merger table to', 'Gabungkan meja ke', NULL, NULL, 1, '2025-01-01 00:00:00', 1, '2025-01-01 00:00:00', 1),
	(456, 'No merger logs found.', 'No merger logs found.', 'Log penggabungan tidak ditemukan.', NULL, NULL, 1, '2025-01-01 00:00:00', 1, '2025-01-01 00:00:00', 1),
	(457, 'Current Table', 'Current Table', 'Meja Saat Ini', NULL, NULL, 1, '2025-01-01 00:00:00', 1, '2025-01-01 00:00:00', 1),
	(458, 'SELECT TABLES', 'Select Tables', 'Pilih Meja', NULL, NULL, 1, '2025-01-01 00:00:00', 1, '2025-01-01 00:00:00', 1),
	(459, 'Select Tables for Transfer', 'Select Tables for Transfer', 'Pilih Meja untuk Transfer', NULL, NULL, 1, '2025-01-01 00:00:00', 1, '2025-01-01 00:00:00', 1),
	(460, 'Transfer Item Log', 'Transfer Item Log', 'Log Transfer Item', NULL, NULL, 1, '2025-01-01 00:00:00', 1, '2025-01-01 00:00:00', 1),
	(461, 'Transfer In', 'Transfer In', 'Transfer Masuk', NULL, NULL, 1, '2025-01-01 00:00:00', 1, '2025-01-01 00:00:00', 1),
	(462, 'Transfer Out', 'Transfer Out', 'Transfer Keluar', NULL, NULL, 1, '2025-01-01 00:00:00', 1, '2025-01-01 00:00:00', 1),
	(463, 'Time', 'Time', 'Waktu', NULL, NULL, 1, '2025-01-01 00:00:00', 1, '2025-01-01 00:00:00', 1),
	(464, 'SO', 'SO', 'SO', NULL, NULL, 1, '2025-01-01 00:00:00', 1, '2025-01-01 00:00:00', 1),
	(465, 'Reprint', 'Reprint', 'Cetak Ulang', NULL, NULL, 1, '2025-01-01 00:00:00', 1, '2025-01-01 00:00:00', 1),
	(466, 'Rush Print', 'Rush Print', 'Cetak Kilat', NULL, NULL, 1, '2025-01-01 00:00:00', 1, '2025-01-01 00:00:00', 1),
	(467, 'Detail Menu', 'Detail Menu', 'Detail Menu', NULL, NULL, 1, '2025-01-01 00:00:00', 1, '2025-01-01 00:00:00', 1),
	(468, 'Input Time', 'Input Time', 'Waktu Input', NULL, NULL, 1, '2025-01-01 00:00:00', 1, '2025-01-01 00:00:00', 1),
	(469, 'Console Error Log', 'Console Error Log', 'Log Error Konsol', NULL, NULL, 1, '2025-01-01 00:00:00', 1, '2025-01-01 00:00:00', 1),
	(471, 'Select Reason for Void', 'Select Reason for Void', 'Pilih Alasan Pembatalan', NULL, NULL, 1, '2025-01-01 00:00:00', 1, '2025-01-01 00:00:00', 1),
	(473, 'Transaction', 'Transaction', 'Transaksi', NULL, NULL, 1, '2025-01-01 00:00:00', 1, '2025-01-01 00:00:00', 1),
	(475, 'Are you sure to void this transaction?', 'Are you sure to void this transaction?', 'Yakin ingin membatalkan transaksi ini?', NULL, NULL, 1, '2025-01-01 00:00:00', 1, '2025-01-01 00:00:00', 1),
	(476, 'Download', 'Download', 'Unduh', NULL, NULL, 1, '2025-01-01 00:00:00', 1, '2025-01-01 00:00:00', 1),
	(477, 'Search', 'Search', 'Cari', NULL, NULL, 1, '2025-01-01 00:00:00', 1, '2025-01-01 00:00:00', 1),
	(479, 'End Date', 'End Date', 'Tanggal Selesai', NULL, NULL, 1, '2025-01-01 00:00:00', 1, '2025-01-01 00:00:00', 1),
	(480, 'yyyy-mm-dd', 'yyyy-mm-dd', 'yyyy-mm-dd', NULL, NULL, 1, '2025-01-01 00:00:00', 1, '2025-01-01 00:00:00', 1),
	(481, 'No', 'No', 'No', NULL, NULL, 1, '2025-01-01 00:00:00', 1, '2025-01-01 00:00:00', 1),
	(482, 'Outlet', 'Outlet', 'Outlet', NULL, NULL, 1, '2025-01-01 00:00:00', 1, '2025-01-01 00:00:00', 1),
	(484, 'Action', 'Action', 'Aksi', '', NULL, 1, '2025-01-01 00:00:00', 1, '2025-01-01 00:00:00', 1),
	(485, 'From', 'From', 'Dari', NULL, NULL, 1, '2025-01-01 00:00:00', 1, '2025-01-01 00:00:00', 1),
	(486, 'Loading', 'Loading', 'Memuat', NULL, NULL, 1, '2025-01-01 00:00:00', 1, '2025-01-01 00:00:00', 1),
	(487, 'Error', 'Error', 'Kesalahan', NULL, NULL, 1, '2025-01-01 00:00:00', 1, '2025-01-01 00:00:00', 1),
	(488, 'Search log from', 'Search log from', 'Cari log dari', NULL, NULL, 1, '2025-01-01 00:00:00', 1, '2025-01-01 00:00:00', 1),
	(489, 'to', 'to', 'ke', NULL, NULL, 1, '2025-01-01 00:00:00', 1, '2025-01-01 00:00:00', 1),
	(490, 'ERROR Search log / not found from', 'ERROR Search log / not found from', 'ERROR Cari log / tidak ditemukan dari', NULL, NULL, 1, '2025-01-01 00:00:00', 1, '2025-01-01 00:00:00', 1),
	(491, 'Select Filter', 'Select Filter', 'Pilih Filter', NULL, NULL, 1, '2025-01-01 00:00:00', 1, '2025-01-01 00:00:00', 1),
	(492, 'Search by Name', 'Search by Name', 'Cari berdasarkan Nama', NULL, NULL, 1, '2025-01-01 00:00:00', 1, '2025-01-01 00:00:00', 1),
	(493, 'Clear', 'Clear', 'Bersihkan', NULL, NULL, 1, '2025-01-01 00:00:00', 1, '2025-01-01 00:00:00', 1),
	(494, 'Adjust Id', 'Adjust Id', 'ID Penyesuaian', NULL, NULL, 1, '2025-01-01 00:00:00', 1, '2025-01-01 00:00:00', 1),
	(495, 'Exp Date', 'Exp Date', 'Tanggal Kadaluarsa', NULL, NULL, 1, '2025-01-01 00:00:00', 1, '2025-01-01 00:00:00', 1),
	(496, 'Remove Adjust / Unlimited', 'Remove Adjust / Unlimited', 'Hapus Penyesuaian / Tanpa Batas', NULL, NULL, 1, '2025-01-01 00:00:00', 1, '2025-01-01 00:00:00', 1),
	(497, 'Adjust Qty', 'Adjust Qty', 'Sesuaikan Qty', NULL, NULL, 1, '2025-01-01 00:00:00', 1, '2025-01-01 00:00:00', 1),
	(498, 'Reset Adjustment', 'Reset Adjustment', 'Setel Ulang Penyesuaian', NULL, NULL, 1, '2025-01-01 00:00:00', 1, '2025-01-01 00:00:00', 1),
	(499, 'New Qty', 'New Qty', 'Qty Baru', NULL, NULL, 1, '2025-01-01 00:00:00', 1, '2025-01-01 00:00:00', 1),
	(500, 'Adjustment Qty', 'Adjustment Qty', 'Qty Penyesuaian', NULL, NULL, 1, '2025-01-01 00:00:00', 1, '2025-01-01 00:00:00', 1),
	(501, 'Look Up Menu Filter', 'Look Up Menu Filter', 'Filter Lookup Menu', NULL, NULL, 1, '2025-01-01 00:00:00', 1, '2025-01-01 00:00:00', 1),
	(502, 'Remove adjustment item will be unlimited qty?', 'Remove adjustment item will be unlimited qty?', 'Hapus penyesuaian item akan membuat qty tanpa batas?', NULL, NULL, 1, '2025-01-01 00:00:00', 1, '2025-01-01 00:00:00', 1),
	(503, 'Closed Transaction', 'Closed Transaction', 'Transaksi Ditutup', NULL, NULL, 1, '2025-01-01 00:00:00', 1, '2025-01-01 00:00:00', 1),
	(504, 'Filter', 'Filter', 'Filter', NULL, NULL, 1, '2025-01-01 00:00:00', 1, '2025-01-01 00:00:00', 1),
	(506, 'End Time', 'End Time', 'Waktu Selesai', NULL, NULL, 1, '2025-01-01 00:00:00', 1, '2025-01-01 00:00:00', 1),
	(508, 'Void', 'Void', 'Batalkan', NULL, NULL, 1, '2025-01-01 00:00:00', 1, '2025-01-01 00:00:00', 1);

-- Dumping structure for table pos_resto.logs
CREATE TABLE IF NOT EXISTS `logs` (
  `id` int(11) NOT NULL AUTO_INCREMENT,
  `timestamp` varchar(50) NOT NULL DEFAULT '0',
  `actionDate` datetime NOT NULL DEFAULT '2025-01-01 00:00:00',
  `bill` varchar(50) DEFAULT NULL,
  `dailyCheckId` varchar(50) DEFAULT NULL,
  `action` varchar(250) DEFAULT NULL,
  `actionBy` varchar(50) DEFAULT NULL,
  `actionId` smallint(6) DEFAULT NULL,
  `actionRelated` varchar(250) DEFAULT NULL,
  `terminalId` varchar(50) CHARACTER SET utf16 COLLATE utf16_bin DEFAULT NULL,
  `outletId` varchar(50) DEFAULT NULL,
  `url` varchar(250) DEFAULT NULL,
  PRIMARY KEY (`id`)
) ENGINE=InnoDB AUTO_INCREMENT=207 DEFAULT CHARSET=utf8mb4 COLLATE=utf8mb4_general_ci;

-- Dumping data for table pos_resto.logs: ~203 rows (approximately)
INSERT INTO `logs` (`id`, `timestamp`, `actionDate`, `bill`, `dailyCheckId`, `action`, `actionBy`, `actionId`, `actionRelated`, `terminalId`, `outletId`, `url`) VALUES
	(1, '1771835152', '2026-02-23 15:25:52', '', '000111', 'Sign Off', 'sa   ', 76, '', '0005', '1001', 'http://localhost:4850/#/cashier'),
	(2, '1771835155', '2026-02-23 15:25:55', '', '000111', 'Clear Lock Table', 'sa   ', 76, '', '0005', '1002', 'http://localhost:4850/#/tables'),
	(3, '1771835157', '2026-02-23 15:25:57', '260213000683', '000111', 'Go to Menu', 'sa   ', 76, '', '0005', '1002', 'http://localhost:4850/#/tables'),
	(4, '1771835157', '2026-02-23 15:25:57', '260213000683', '000111', 'Menu Lookup 0', 'sa   ', 76, '', '0005', '1002', 'http://localhost:4850/#/menu?id=260213000683'),
	(5, '1771835164', '2026-02-23 15:26:04', '260213000683', '000111', 'Menu Lookup 0', 'sa   ', 76, '', '0005', '1002', 'http://localhost:4850/#/menu?id=260213000683'),
	(6, '1771835167', '2026-02-23 15:26:07', '260213000683', '000111', 'Click BILL', 'sa   ', 76, '', '0005', '1002', 'http://localhost:4850/#/menu?id=260213000683'),
	(7, '1771835169', '2026-02-23 15:26:09', '', '000111', 'Clear Lock Table', 'sa   ', 76, '', '0005', '1002', 'http://localhost:4850/#/tables'),
	(8, '1771835170', '2026-02-23 15:26:10', '260213000683', '000111', 'Go to Menu', 'sa   ', 76, '', '0005', '1002', 'http://localhost:4850/#/tables'),
	(9, '1771835170', '2026-02-23 15:26:10', '260213000683', '000111', 'Menu Lookup 0', 'sa   ', 76, '', '0005', '1002', 'http://localhost:4850/#/menu?id=260213000683'),
	(10, '1771835172', '2026-02-23 15:26:12', '260213000683', '000111', 'Click PAYMENT', 'sa   ', 76, '', '0005', '1002', 'http://localhost:4850/#/menu?id=260213000683'),
	(11, '1771835176', '2026-02-23 15:26:16', '260213000683', '000111', 'Submit Payment', 'sa   ', 76, '', '0005', '1002', 'http://localhost:4850/#/payment?id=260213000683'),
	(12, '1771835177', '2026-02-23 15:26:17', '', '000111', 'Clear Lock Table', 'sa   ', 76, '', '0005', '1002', 'http://localhost:4850/#/tables'),
	(13, '1771835179', '2026-02-23 15:26:19', '260213000684', '000111', 'Go to Menu', 'sa   ', 76, '', '0005', '1002', 'http://localhost:4850/#/tables'),
	(14, '1771835179', '2026-02-23 15:26:19', '260213000684', '000111', 'Menu Lookup 0', 'sa   ', 76, '', '0005', '1002', 'http://localhost:4850/#/menu?id=260213000684'),
	(15, '1771835181', '2026-02-23 15:26:21', '260213000684', '000111', 'Click BILL', 'sa   ', 76, '', '0005', '1002', 'http://localhost:4850/#/menu?id=260213000684'),
	(16, '1771835183', '2026-02-23 15:26:23', '', '000111', 'Clear Lock Table', 'sa   ', 76, '', '0005', '1002', 'http://localhost:4850/#/tables'),
	(17, '1771835184', '2026-02-23 15:26:24', '260213000684', '000111', 'Go to Menu', 'sa   ', 76, '', '0005', '1002', 'http://localhost:4850/#/tables'),
	(18, '1771835184', '2026-02-23 15:26:24', '260213000684', '000111', 'Menu Lookup 0', 'sa   ', 76, '', '0005', '1002', 'http://localhost:4850/#/menu?id=260213000684'),
	(19, '1771835186', '2026-02-23 15:26:26', '260213000684', '000111', 'Click PAYMENT', 'sa   ', 76, '', '0005', '1002', 'http://localhost:4850/#/menu?id=260213000684'),
	(20, '1771835190', '2026-02-23 15:26:30', '260213000684', '000111', 'Delete Paid CASH @200', 'sa   ', 76, '', '0005', '1002', 'http://localhost:4850/#/payment?id=260213000684'),
	(21, '1771835194', '2026-02-23 15:26:34', '260213000684', '000111', 'Add Payment BCA CREDIT ', 'sa   ', 76, '', '0005', '1002', 'http://localhost:4850/#/payment?id=260213000684'),
	(22, '1771835196', '2026-02-23 15:26:36', '260213000684', '000111', 'Submit Payment', 'sa   ', 76, '', '0005', '1002', 'http://localhost:4850/#/payment?id=260213000684'),
	(23, '1771835197', '2026-02-23 15:26:37', '', '000111', 'Clear Lock Table', 'sa   ', 76, '', '0005', '1002', 'http://localhost:4850/#/tables'),
	(24, '1771835198', '2026-02-23 15:26:38', '', '000111', 'WARNING Daily Close ?', 'sa   ', 76, '', '0005', '1002', 'http://localhost:4850/#/tables'),
	(25, '1771835198', '2026-02-23 15:26:38', '', '000111', 'Daily Close -> YES', 'sa   ', 76, '', '0005', '1002', 'http://localhost:4850/#/tables'),
	(26, '1771835207', '2026-02-23 15:26:47', '', '000112', 'Clear Lock Table', 'sa   ', 76, '', '0005', '1002', 'http://localhost:4850/#/tables'),
	(27, '1771835208', '2026-02-23 15:26:48', '', '000112', 'Select Table Padel Count 6', 'sa   ', 76, '', '0005', '1002', 'http://localhost:4850/#/tables'),
	(28, '1771835210', '2026-02-23 15:26:50', '', '000112', 'New Order Sport Padel(1002) Cover : 4, Table : Padel Count 6(147)', 'sa   ', 76, '', '0005', '1002', 'http://localhost:4850/#/tables'),
	(29, '1771835210', '2026-02-23 15:26:50', '000366', '000112', 'Go to Menu', 'sa   ', 76, '', '0005', '1002', 'http://localhost:4850/#/tables'),
	(30, '1771835210', '2026-02-23 15:26:50', '000366', '000112', 'Menu Lookup 0', 'sa   ', 76, '', '0005', '1002', 'http://localhost:4850/#/menu?id=000366'),
	(31, '1771835233', '2026-02-23 15:27:13', '000366', '000112', 'Click BILL', 'sa   ', 76, '', '0005', '1002', 'http://localhost:4850/#/menu?id=000366'),
	(32, '1771835235', '2026-02-23 15:27:15', '000366', '000112', 'Click BILL', 'sa   ', 76, '', '0005', '1002', 'http://localhost:4850/#/menu?id=000366'),
	(33, '1771835241', '2026-02-23 15:27:21', '000366', '000112', 'Menu Lookup 22', 'sa   ', 76, '', '0005', '1002', 'http://localhost:4850/#/menu?id=000366'),
	(34, '1771835242', '2026-02-23 15:27:22', '000366', '000112', 'Add Menu Tahu Goreng(194) @15000', 'sa   ', 76, '', '0005', '1002', 'http://localhost:4850/#/menu?id=000366'),
	(35, '1771835243', '2026-02-23 15:27:23', '000366', '000112', 'Add Menu Tempe Goreng(195) @15000', 'sa   ', 76, '', '0005', '1002', 'http://localhost:4850/#/menu?id=000366'),
	(36, '1771835243', '2026-02-23 15:27:23', '000366', '000112', 'Add Menu Tahu Isi(196) @18000', 'sa   ', 76, '', '0005', '1002', 'http://localhost:4850/#/menu?id=000366'),
	(37, '1771835244', '2026-02-23 15:27:24', '000366', '000112', 'Add Menu Lumpia Goreng(197) @20000', 'sa   ', 76, '', '0005', '1002', 'http://localhost:4850/#/menu?id=000366'),
	(38, '1771835244', '2026-02-23 15:27:24', '000366', '000112', 'Add Menu Kentang Goreng(198) @20000', 'sa   ', 76, '', '0005', '1002', 'http://localhost:4850/#/menu?id=000366'),
	(39, '1771835248', '2026-02-23 15:27:28', '000366', '000112', 'Add Qty 10 Tahu Goreng', 'sa   ', 76, '', '0005', '1002', 'http://localhost:4850/#/menu?id=000366'),
	(40, '1771835251', '2026-02-23 15:27:31', '000366', '000112', 'Add Qty 5 Tempe Goreng', 'sa   ', 76, '', '0005', '1002', 'http://localhost:4850/#/menu?id=000366'),
	(41, '1771835253', '2026-02-23 15:27:33', '000366', '000112', 'Click MODIFIER : Kitchen Info', 'sa   ', 76, '', '0005', '1002', 'http://localhost:4850/#/menu?id=000366'),
	(42, '1771835255', '2026-02-23 15:27:35', '000366', '000112', 'Add Modifier undefined(1) @undefined', 'sa   ', 76, '', '0005', '1002', 'http://localhost:4850/#/menu?id=000366'),
	(43, '1771835266', '2026-02-23 15:27:46', '000366', '000112', 'Menu Lookup 0', 'sa   ', 76, '', '0005', '1002', 'http://localhost:4850/#/menu?id=000366'),
	(44, '1771835270', '2026-02-23 15:27:50', '000366', '000112', 'Send Order & Print Queue', 'sa   ', 76, '', '0005', '1002', 'http://localhost:4850/#/menu?id=000366'),
	(45, '1771835270', '2026-02-23 15:27:50', '', '000112', 'Clear Lock Table', 'sa   ', 76, '', '0005', '1002', 'http://localhost:4850/#/menu?id=000366'),
	(46, '1771835270', '2026-02-23 15:27:50', '', '000112', 'Clear Lock Table', 'sa   ', 76, '', '0005', '1002', 'http://localhost:4850/#/tables'),
	(47, '1771835272', '2026-02-23 15:27:52', '260223000685', '000112', 'Go to Menu', 'sa   ', 76, '', '0005', '1002', 'http://localhost:4850/#/tables'),
	(48, '1771835272', '2026-02-23 15:27:52', '260223000685', '000112', 'Menu Lookup 0', 'sa   ', 76, '', '0005', '1002', 'http://localhost:4850/#/menu?id=260223000685'),
	(49, '1771835275', '2026-02-23 15:27:55', '260223000685', '000112', 'Menu Lookup 22', 'sa   ', 76, '', '0005', '1002', 'http://localhost:4850/#/menu?id=260223000685'),
	(50, '1771835276', '2026-02-23 15:27:56', '260223000685', '000112', 'Menu Lookup 0', 'sa   ', 76, '', '0005', '1002', 'http://localhost:4850/#/menu?id=260223000685'),
	(51, '1771835279', '2026-02-23 15:27:59', '260223000685', '000112', 'Apply Discount Group 10% POST ALL(1) @10.00%', 'sa   ', 76, '', '0005', '1002', 'http://localhost:4850/#/menu?id=260223000685'),
	(52, '1771835280', '2026-02-23 15:28:00', '260223000685', '000112', 'Send Order & Print Queue', 'sa   ', 76, '', '0005', '1002', 'http://localhost:4850/#/menu?id=260223000685'),
	(53, '1771835280', '2026-02-23 15:28:00', '', '000112', 'Clear Lock Table', 'sa   ', 76, '', '0005', '1002', 'http://localhost:4850/#/menu?id=260223000685'),
	(54, '1771835280', '2026-02-23 15:28:00', '', '000112', 'Clear Lock Table', 'sa   ', 76, '', '0005', '1002', 'http://localhost:4850/#/tables'),
	(55, '1771835282', '2026-02-23 15:28:02', '260223000685', '000112', 'Go to Menu', 'sa   ', 76, '', '0005', '1002', 'http://localhost:4850/#/tables'),
	(56, '1771835282', '2026-02-23 15:28:02', '260223000685', '000112', 'Menu Lookup 0', 'sa   ', 76, '', '0005', '1002', 'http://localhost:4850/#/menu?id=260223000685'),
	(57, '1771835284', '2026-02-23 15:28:04', '260223000685', '000112', 'Click BILL', 'sa   ', 76, '', '0005', '1002', 'http://localhost:4850/#/menu?id=260223000685'),
	(58, '1771835286', '2026-02-23 15:28:06', '', '000112', 'Clear Lock Table', 'sa   ', 76, '', '0005', '1002', 'http://localhost:4850/#/tables'),
	(59, '1771835287', '2026-02-23 15:28:07', '260223000685', '000112', 'Go to Menu', 'sa   ', 76, '', '0005', '1002', 'http://localhost:4850/#/tables'),
	(60, '1771835287', '2026-02-23 15:28:07', '260223000685', '000112', 'Menu Lookup 0', 'sa   ', 76, '', '0005', '1002', 'http://localhost:4850/#/menu?id=260223000685'),
	(61, '1771835290', '2026-02-23 15:28:10', '260223000685', '000112', 'Click PAYMENT', 'sa   ', 76, '', '0005', '1002', 'http://localhost:4850/#/menu?id=260223000685'),
	(62, '1771835293', '2026-02-23 15:28:13', '260223000685', '000112', 'Add Payment BCA CREDIT ', 'sa   ', 76, '', '0005', '1002', 'http://localhost:4850/#/payment?id=260223000685'),
	(63, '1771835294', '2026-02-23 15:28:14', '260223000685', '000112', 'Submit Payment', 'sa   ', 76, '', '0005', '1002', 'http://localhost:4850/#/payment?id=260223000685'),
	(64, '1771835296', '2026-02-23 15:28:16', '', '000112', 'Clear Lock Table', 'sa   ', 76, '', '0005', '1002', 'http://localhost:4850/#/tables'),
	(65, '1771835411', '2026-02-23 15:30:11', '', '000112', 'Clear Lock Table', 'sa   ', 76, '', '0005', '1002', 'http://localhost:4850/#/tables'),
	(66, '1771835414', '2026-02-23 15:30:14', '', '000112', 'click Report', 'sa   ', 76, '', '0005', '1002', 'http://localhost:4850/#/tables'),
	(67, '1772090562', '2026-02-26 14:22:42', '', '000112', 'Clear Lock Table', 'sa   ', 76, '', '0005', '1002', 'http://localhost:4850/#/tables'),
	(68, '1772090564', '2026-02-26 14:22:44', '', '000112', 'WARNING Daily Close ?', 'sa   ', 76, '', '0005', '1002', 'http://localhost:4850/#/tables'),
	(69, '1772090565', '2026-02-26 14:22:45', '', '000112', 'Daily Close -> YES', 'sa   ', 76, '', '0005', '1002', 'http://localhost:4850/#/tables'),
	(70, '1772090568', '2026-02-26 14:22:48', '', '', 'Sign Off', 'sa   ', 76, '', '0005', '1001', 'http://localhost:4850/#/daily/start'),
	(71, '1772090573', '2026-02-26 14:22:53', '', '000113', 'Clear Lock Table', 'sa   ', 76, '', '0005', '1002', 'http://localhost:4850/#/tables'),
	(72, '1772091278', '2026-02-26 14:34:38', '', '000113', 'Log Off', 'sa   ', 76, '', '0005', '1002', 'http://localhost:4850/#/tables'),
	(73, '1772091282', '2026-02-26 14:34:42', '', '000113', 'Log In Success', 'sa   ', 76, '', '0005', '1002', 'http://localhost:4850/#/home'),
	(74, '1772091282', '2026-02-26 14:34:42', '', '000113', 'Clear Lock Table', 'sa   ', 76, '', '0005', '1002', 'http://localhost:4850/#/tables'),
	(75, '1772091287', '2026-02-26 14:34:47', '', '000113', 'Change Map Indoor', 'sa   ', 76, '', '0005', '1002', 'http://localhost:4850/#/tables'),
	(76, '1772091288', '2026-02-26 14:34:48', '', '000113', 'Change Map Outdoor', 'sa   ', 76, '', '0005', '1002', 'http://localhost:4850/#/tables'),
	(77, '1772091292', '2026-02-26 14:34:52', '', '000113', 'Change Map Indoor', 'sa   ', 76, '', '0005', '1002', 'http://localhost:4850/#/tables'),
	(78, '1772091307', '2026-02-26 14:35:07', '', '000113', 'Click Print Queue', 'sa   ', 76, '', '0005', '1002', 'http://localhost:4850/#/tables'),
	(79, '1772091308', '2026-02-26 14:35:08', '', '000113', 'Clear Lock Table', 'sa   ', 76, '', '0005', '1002', 'http://localhost:4850/#/tables'),
	(80, '1772091308', '2026-02-26 14:35:08', '', '000113', 'click setting', 'sa   ', 76, '', '0005', '1002', 'http://localhost:4850/#/tables'),
	(81, '1772091310', '2026-02-26 14:35:10', '', '000113', 'Clear Lock Table', 'sa   ', 76, '', '0005', '1002', 'http://localhost:4850/#/tables'),
	(82, '1772091310', '2026-02-26 14:35:10', '', '000113', 'click Adjustment Item', 'sa   ', 76, '', '0005', '1002', 'http://localhost:4850/#/tables'),
	(83, '1772091311', '2026-02-26 14:35:11', '', '000113', 'Clear Lock Table', 'sa   ', 76, '', '0005', '1002', 'http://localhost:4850/#/tables'),
	(84, '1772091347', '2026-02-26 14:35:47', '', '000113', 'Log Off', 'sa   ', 76, '', '0005', '1002', 'http://localhost:4850/#/tables'),
	(85, '1772091349', '2026-02-26 14:35:49', '', '000113', 'Log In Success', 'sa   ', 76, '', '0005', '1002', 'http://localhost:4850/#/home'),
	(86, '1772091349', '2026-02-26 14:35:49', '', '000113', 'Clear Lock Table', 'sa   ', 76, '', '0005', '1002', 'http://localhost:4850/#/tables'),
	(87, '1772091352', '2026-02-26 14:35:52', '', '000113', 'Select Table Padel Count 1', 'sa   ', 76, '', '0005', '1002', 'http://localhost:4850/#/tables'),
	(88, '1772091353', '2026-02-26 14:35:53', '', '000113', 'New Order Sport Padel(1002) Cover : 4, Table : Padel Count 1(153)', 'sa   ', 76, '', '0005', '1002', 'http://localhost:4850/#/tables'),
	(89, '1772091353', '2026-02-26 14:35:53', '000367', '000113', 'Go to Menu', 'sa   ', 76, '', '0005', '1002', 'http://localhost:4850/#/tables'),
	(90, '1772091353', '2026-02-26 14:35:53', '000367', '000113', 'Menu Lookup 0', 'sa   ', 76, '', '0005', '1002', 'http://localhost:4850/#/menu?id=000367'),
	(91, '1772091354', '2026-02-26 14:35:54', '000367', '000113', 'Menu Lookup 21', 'sa   ', 76, '', '0005', '1002', 'http://localhost:4850/#/menu?id=000367'),
	(92, '1772091355', '2026-02-26 14:35:55', '000367', '000113', 'Add Menu Sewa Lapangan 60 Menit(199) @500000', 'sa   ', 76, '', '0005', '1002', 'http://localhost:4850/#/menu?id=000367'),
	(93, '1772091361', '2026-02-26 14:36:01', '000367', '000113', 'Void item ', 'sa   ', 76, '', '0005', '1002', 'http://localhost:4850/#/menu?id=000367'),
	(94, '1772096073', '2026-02-26 15:54:33', '000367', '000113', 'Menu Lookup 0', 'sa   ', 76, '', '0005', '1002', 'http://localhost:4850/#/menu?id=000367'),
	(95, '1772098865', '2026-02-26 16:41:05', '000367', '000113', 'Exit Without Order', 'sa   ', 76, '', '0005', '1002', 'http://localhost:4850/#/menu?id=000367'),
	(96, '1772098865', '2026-02-26 16:41:05', '', '000113', 'Clear Lock Table', 'sa   ', 76, '', '0005', '1002', 'http://localhost:4850/#/menu?id=000367'),
	(97, '1772098865', '2026-02-26 16:41:05', '', '000113', 'Clear Lock Table', 'sa   ', 76, '', '0005', '1002', 'http://localhost:4850/#/tables'),
	(98, '1772098866', '2026-02-26 16:41:06', '', '000113', 'Log Off', 'sa   ', 76, '', '0005', '1002', 'http://localhost:4850/#/tables'),
	(99, '1772098869', '2026-02-26 16:41:09', '', '000113', 'Log In Success', 'sa   ', 76, '', '0005', '1002', 'http://localhost:4850/#/home'),
	(100, '1772098869', '2026-02-26 16:41:09', '', '000113', 'Clear Lock Table', 'sa   ', 76, '', '0005', '1002', 'http://localhost:4850/#/tables'),
	(101, '1772100202', '2026-02-26 17:03:22', '', '000113', 'Clear Lock Table', 'sa   ', 76, '', '0005', '1002', 'http://localhost:4850/#/tables'),
	(102, '1772100215', '2026-02-26 17:03:35', '', '000113', 'Clear Lock Table', 'sa   ', 76, '', '0005', '1002', 'http://localhost:4850/#/tables'),
	(103, '1772100339', '2026-02-26 17:05:39', '', '000113', 'Clear Lock Table', 'sa   ', 76, '', '0005', '1002', 'http://localhost:4850/#/tables'),
	(104, '1772100341', '2026-02-26 17:05:41', '', '000113', 'Select Table Padel Count 1', 'sa   ', 76, '', '0005', '1002', 'http://localhost:4850/#/tables'),
	(105, '1772100342', '2026-02-26 17:05:42', '', '000113', 'New Order Sport Padel(1002) Cover : 4, Table : Padel Count 1(153)', 'sa   ', 76, '', '0005', '1002', 'http://localhost:4850/#/tables'),
	(106, '1772100342', '2026-02-26 17:05:42', '000368', '000113', 'Go to Menu', 'sa   ', 76, '', '0005', '1002', 'http://localhost:4850/#/tables'),
	(107, '1772100342', '2026-02-26 17:05:42', '000368', '000113', 'Menu Lookup 0', 'sa   ', 76, '', '0005', '1002', 'http://localhost:4850/#/menu?id=000368'),
	(108, '1772100344', '2026-02-26 17:05:44', '000368', '000113', 'Menu Lookup 22', 'sa   ', 76, '', '0005', '1002', 'http://localhost:4850/#/menu?id=000368'),
	(109, '1772100345', '2026-02-26 17:05:45', '000368', '000113', 'Add Menu Tempe Goreng(195) @15000', 'sa   ', 76, '', '0005', '1002', 'http://localhost:4850/#/menu?id=000368'),
	(110, '1772100345', '2026-02-26 17:05:45', '000368', '000113', 'Add Menu Tahu Goreng(194) @15000', 'sa   ', 76, '', '0005', '1002', 'http://localhost:4850/#/menu?id=000368'),
	(111, '1772100346', '2026-02-26 17:05:46', '000368', '000113', 'Send Order & Print Queue', 'sa   ', 76, '', '0005', '1002', 'http://localhost:4850/#/menu?id=000368'),
	(112, '1772100346', '2026-02-26 17:05:46', '', '000113', 'Clear Lock Table', 'sa   ', 76, '', '0005', '1002', 'http://localhost:4850/#/menu?id=000368'),
	(113, '1772100346', '2026-02-26 17:05:46', '', '000113', 'Clear Lock Table', 'sa   ', 76, '', '0005', '1002', 'http://localhost:4850/#/tables'),
	(114, '1772100350', '2026-02-26 17:05:50', '', '000113', 'Log Off', 'sa   ', 76, '', '0005', '1002', 'http://localhost:4850/#/tables'),
	(115, '1772100364', '2026-02-26 17:06:04', '', '000113', 'Log In Success', 'sa   ', 76, '', '0005', '1002', 'http://localhost:4850/#/home'),
	(116, '1772100364', '2026-02-26 17:06:04', '', '000113', 'Clear Lock Table', 'sa   ', 76, '', '0005', '1002', 'http://localhost:4850/#/tables'),
	(117, '1772100373', '2026-02-26 17:06:13', '260226000686', '000113', 'Go to Menu', 'sa   ', 76, '', '0005', '1002', 'http://localhost:4850/#/tables'),
	(118, '1772100373', '2026-02-26 17:06:13', '260226000686', '000113', 'Menu Lookup 0', 'sa   ', 76, '', '0005', '1002', 'http://localhost:4850/#/menu?id=260226000686'),
	(119, '1772100379', '2026-02-26 17:06:19', '260226000686', '000113', 'Menu Lookup 22', 'sa   ', 76, '', '0005', '1002', 'http://localhost:4850/#/menu?id=260226000686'),
	(120, '1772100380', '2026-02-26 17:06:20', '260226000686', '000113', 'Add Menu Tahu Isi(196) @18000', 'sa   ', 76, '', '0005', '1002', 'http://localhost:4850/#/menu?id=260226000686'),
	(121, '1772100381', '2026-02-26 17:06:21', '260226000686', '000113', 'Add Menu Tempe Goreng(195) @15000', 'sa   ', 76, '', '0005', '1002', 'http://localhost:4850/#/menu?id=260226000686'),
	(122, '1772100383', '2026-02-26 17:06:23', '260226000686', '000113', 'Menu Lookup 0', 'sa   ', 76, '', '0005', '1002', 'http://localhost:4850/#/menu?id=260226000686'),
	(123, '1772100385', '2026-02-26 17:06:25', '260226000686', '000113', 'Exit Without Order', 'sa   ', 76, '', '0005', '1002', 'http://localhost:4850/#/menu?id=260226000686'),
	(124, '1772100385', '2026-02-26 17:06:25', '', '000113', 'Clear Lock Table', 'sa   ', 76, '', '0005', '1002', 'http://localhost:4850/#/menu?id=260226000686'),
	(125, '1772100385', '2026-02-26 17:06:25', '', '000113', 'Clear Lock Table', 'sa   ', 76, '', '0005', '1002', 'http://localhost:4850/#/tables'),
	(126, '1772100386', '2026-02-26 17:06:26', '260226000686', '000113', 'Go to Menu', 'sa   ', 76, '', '0005', '1002', 'http://localhost:4850/#/tables'),
	(127, '1772100386', '2026-02-26 17:06:26', '260226000686', '000113', 'Menu Lookup 0', 'sa   ', 76, '', '0005', '1002', 'http://localhost:4850/#/menu?id=260226000686'),
	(128, '1772100441', '2026-02-26 17:07:21', '260226000686', '000113', 'Menu Lookup 0', 'sa   ', 76, '', '0005', '1002', 'http://localhost:4850/#/menu?id=260226000686'),
	(129, '1772100851', '2026-02-26 17:14:11', '260226000686', '000113', 'Menu Lookup 0', 'sa   ', 76, '', '0005', '1002', 'http://localhost:4850/#/menu?id=260226000686'),
	(130, '1772100881', '2026-02-26 17:14:41', '260226000686', '000113', 'Menu Lookup 0', 'sa   ', 76, '', '0005', '1002', 'http://localhost:4850/#/menu?id=260226000686'),
	(131, '1772100889', '2026-02-26 17:14:49', '260226000686', '000113', 'Menu Lookup 0', 'sa   ', 76, '', '0005', '1002', 'http://localhost:4850/#/menu?id=260226000686'),
	(132, '1772100937', '2026-02-26 17:15:37', '260226000686', '000113', 'Menu Lookup 0', 'sa   ', 76, '', '0005', '1002', 'http://localhost:4850/#/menu?id=260226000686'),
	(133, '1772100951', '2026-02-26 17:15:51', '260226000686', '000113', 'Menu Lookup 0', 'sa   ', 76, '', '0005', '1002', 'http://localhost:4850/#/menu?id=260226000686'),
	(134, '1772100979', '2026-02-26 17:16:19', '260226000686', '000113', 'Menu Lookup 0', 'sa   ', 76, '', '0005', '1002', 'http://localhost:4850/#/menu?id=260226000686'),
	(135, '1772100986', '2026-02-26 17:16:26', '260226000686', '000113', 'Menu Lookup 0', 'sa   ', 76, '', '0005', '1002', 'http://localhost:4850/#/menu?id=260226000686'),
	(136, '1772101021', '2026-02-26 17:17:01', '260226000686', '000113', 'Menu Lookup 0', 'sa   ', 76, '', '0005', '1002', 'http://localhost:4850/#/menu?id=260226000686'),
	(137, '1772101043', '2026-02-26 17:17:23', '260226000686', '000113', 'Menu Lookup 0', 'sa   ', 76, '', '0005', '1002', 'http://localhost:4850/#/menu?id=260226000686'),
	(138, '1772101061', '2026-02-26 17:17:41', '260226000686', '000113', 'Menu Lookup 0', 'sa   ', 76, '', '0005', '1002', 'http://localhost:4850/#/menu?id=260226000686'),
	(139, '1772101139', '2026-02-26 17:18:59', '260226000686', '000113', 'Menu Lookup 0', 'sa   ', 76, '', '0005', '1002', 'http://localhost:4850/#/menu?id=260226000686'),
	(140, '1772101290', '2026-02-26 17:21:30', '260226000686', '000113', 'Menu Lookup 0', 'sa   ', 76, '', '0005', '1002', 'http://localhost:4850/#/menu?id=260226000686'),
	(141, '1772101325', '2026-02-26 17:22:05', '260226000686', '000113', 'Menu Lookup 0', 'sa   ', 76, '', '0005', '1002', 'http://localhost:4850/#/menu?id=260226000686'),
	(142, '1772101346', '2026-02-26 17:22:26', '260226000686', '000113', 'Menu Lookup 0', 'sa   ', 76, '', '0005', '1002', 'http://localhost:4850/#/menu?id=260226000686'),
	(143, '1772101392', '2026-02-26 17:23:12', '260226000686', '000113', 'Menu Lookup 0', 'sa   ', 76, '', '0005', '1002', 'http://localhost:4850/#/menu?id=260226000686'),
	(144, '1772101425', '2026-02-26 17:23:45', '260226000686', '000113', 'Menu Lookup 0', 'sa   ', 76, '', '0005', '1002', 'http://localhost:4850/#/menu?id=260226000686'),
	(145, '1772101436', '2026-02-26 17:23:56', '260226000686', '000113', 'Menu Lookup 22', 'sa   ', 76, '', '0005', '1002', 'http://localhost:4850/#/menu?id=260226000686'),
	(146, '1772101447', '2026-02-26 17:24:07', '260226000686', '000113', 'Click MODIFIER : Bar Info', 'sa   ', 76, '', '0005', '1002', 'http://localhost:4850/#/menu?id=260226000686'),
	(147, '1772101449', '2026-02-26 17:24:09', '260226000686', '000113', 'Add Modifier undefined(2) @undefined', 'sa   ', 76, '', '0005', '1002', 'http://localhost:4850/#/menu?id=260226000686'),
	(148, '1772101527', '2026-02-26 17:25:27', '260226000686', '000113', 'Menu Lookup 0', 'sa   ', 76, '', '0005', '1002', 'http://localhost:4850/#/menu?id=260226000686'),
	(149, '1772101550', '2026-02-26 17:25:50', '260226000686', '000113', 'Click BILL', 'sa   ', 76, '', '0005', '1002', 'http://localhost:4850/#/menu?id=260226000686'),
	(150, '1772101557', '2026-02-26 17:25:57', '260226000686', '000113', 'Menu Lookup 0', 'sa   ', 76, '', '0005', '1002', 'http://localhost:4850/#/menu?id=260226000686'),
	(151, '1772101559', '2026-02-26 17:25:59', '260226000686', '000113', 'Click BILL', 'sa   ', 76, '', '0005', '1002', 'http://localhost:4850/#/menu?id=260226000686'),
	(152, '1772101561', '2026-02-26 17:26:01', '', '000113', 'Clear Lock Table', 'sa   ', 76, '', '0005', '1002', 'http://localhost:4850/#/tables'),
	(153, '1772101563', '2026-02-26 17:26:03', '260226000686', '000113', 'Go to Menu', 'sa   ', 76, '', '0005', '1002', 'http://localhost:4850/#/tables'),
	(154, '1772101563', '2026-02-26 17:26:03', '260226000686', '000113', 'Menu Lookup 0', 'sa   ', 76, '', '0005', '1002', 'http://localhost:4850/#/menu?id=260226000686'),
	(155, '1772101565', '2026-02-26 17:26:05', '260226000686', '000113', 'Click BILL', 'sa   ', 76, '', '0005', '1002', 'http://localhost:4850/#/menu?id=260226000686'),
	(156, '1772101706', '2026-02-26 17:28:26', '260226000686', '000113', 'Menu Lookup 0', 'sa   ', 76, '', '0005', '1002', 'http://localhost:4850/#/menu?id=260226000686'),
	(157, '1772101747', '2026-02-26 17:29:07', '260226000686', '000113', 'Menu Lookup 0', 'sa   ', 76, '', '0005', '1002', 'http://localhost:4850/#/menu?id=260226000686'),
	(158, '1772101811', '2026-02-26 17:30:11', '260226000686', '000113', 'Menu Lookup 0', 'sa   ', 76, '', '0005', '1002', 'http://localhost:4850/#/menu?id=260226000686'),
	(159, '1772101820', '2026-02-26 17:30:20', '260226000686', '000113', 'Click BILL', 'sa   ', 76, '', '0005', '1002', 'http://localhost:4850/#/menu?id=260226000686'),
	(160, '1772101859', '2026-02-26 17:30:59', '260226000686', '000113', 'Menu Lookup 0', 'sa   ', 76, '', '0005', '1002', 'http://localhost:4850/#/menu?id=260226000686'),
	(161, '1772101860', '2026-02-26 17:31:00', '260226000686', '000113', 'Click BILL', 'sa   ', 76, '', '0005', '1002', 'http://localhost:4850/#/menu?id=260226000686'),
	(162, '1772101868', '2026-02-26 17:31:08', '260226000686', '000113', 'Click BILL', 'sa   ', 76, '', '0005', '1002', 'http://localhost:4850/#/menu?id=260226000686'),
	(163, '1772101874', '2026-02-26 17:31:14', '', '000113', 'Clear Lock Table', 'sa   ', 76, '', '0005', '1002', 'http://localhost:4850/#/menu?id=260226000686'),
	(164, '1772101874', '2026-02-26 17:31:14', '260226000686', '000113', 'Exit Without Order', 'sa   ', 76, '', '0005', '1002', 'http://localhost:4850/#/menu?id=260226000686'),
	(165, '1772101874', '2026-02-26 17:31:14', '', '000113', 'Clear Lock Table', 'sa   ', 76, '', '0005', '1002', 'http://localhost:4850/#/tables'),
	(166, '1772101877', '2026-02-26 17:31:17', '260226000686', '000113', 'Go to Menu', 'sa   ', 76, '', '0005', '1002', 'http://localhost:4850/#/tables'),
	(167, '1772101877', '2026-02-26 17:31:17', '260226000686', '000113', 'Menu Lookup 0', 'sa   ', 76, '', '0005', '1002', 'http://localhost:4850/#/menu?id=260226000686'),
	(168, '1772101879', '2026-02-26 17:31:19', '260226000686', '000113', 'Menu Lookup 21', 'sa   ', 76, '', '0005', '1002', 'http://localhost:4850/#/menu?id=260226000686'),
	(169, '1772101880', '2026-02-26 17:31:20', '260226000686', '000113', 'Menu Lookup 0', 'sa   ', 76, '', '0005', '1002', 'http://localhost:4850/#/menu?id=260226000686'),
	(170, '1772102067', '2026-02-26 17:34:27', '260226000686', '000113', 'Menu Lookup 0', 'sa   ', 76, '', '0005', '1002', 'http://localhost:4850/#/menu?id=260226000686'),
	(171, '1772102111', '2026-02-26 17:35:11', '260226000686', '000113', 'Menu Lookup 0', 'sa   ', 76, '', '0005', '1002', 'http://localhost:4850/#/menu?id=260226000686'),
	(172, '1772102125', '2026-02-26 17:35:25', '260226000686', '000113', 'Menu Lookup 0', 'sa   ', 76, '', '0005', '1002', 'http://localhost:4850/#/menu?id=260226000686'),
	(173, '1772102161', '2026-02-26 17:36:01', '260226000686', '000113', 'Exit Without Order', 'sa   ', 76, '', '0005', '1002', 'http://localhost:4850/#/menu?id=260226000686'),
	(174, '1772102161', '2026-02-26 17:36:01', '', '000113', 'Clear Lock Table', 'sa   ', 76, '', '0005', '1002', 'http://localhost:4850/#/menu?id=260226000686'),
	(175, '1772102161', '2026-02-26 17:36:01', '', '000113', 'Clear Lock Table', 'sa   ', 76, '', '0005', '1002', 'http://localhost:4850/#/tables'),
	(176, '1772102163', '2026-02-26 17:36:03', '', '000113', 'Change Map Indoor', 'sa   ', 76, '', '0005', '1002', 'http://localhost:4850/#/tables'),
	(177, '1772102164', '2026-02-26 17:36:04', '', '000113', 'Change Map Outdoor', 'sa   ', 76, '', '0005', '1002', 'http://localhost:4850/#/tables'),
	(178, '1772102166', '2026-02-26 17:36:06', '', '000113', 'Change Map Indoor', 'sa   ', 76, '', '0005', '1002', 'http://localhost:4850/#/tables'),
	(179, '1772102167', '2026-02-26 17:36:07', '', '000113', 'Change Map Outdoor', 'sa   ', 76, '', '0005', '1002', 'http://localhost:4850/#/tables'),
	(180, '1772102168', '2026-02-26 17:36:08', '', '000113', 'Change Map Indoor', 'sa   ', 76, '', '0005', '1002', 'http://localhost:4850/#/tables'),
	(181, '1772102339', '2026-02-26 17:38:59', '', '000113', 'Clear Lock Table', 'sa   ', 76, '', '0005', '1002', 'http://localhost:4850/#/tables'),
	(182, '1772102359', '2026-02-26 17:39:19', '260226000686', '000113', 'Go to Menu', 'sa   ', 76, '', '0005', '1002', 'http://localhost:4850/#/tables'),
	(183, '1772102359', '2026-02-26 17:39:19', '260226000686', '000113', 'Menu Lookup 0', 'sa   ', 76, '', '0005', '1002', 'http://localhost:4850/#/menu?id=260226000686'),
	(184, '1772102638', '2026-02-26 17:43:58', '260226000686', '000113', 'Click BILL', 'sa   ', 76, '', '0005', '1002', 'http://localhost:4850/#/menu?id=260226000686'),
	(185, '1772102915', '2026-02-26 17:48:35', '260226000686', '000113', 'Exit Without Order', 'sa   ', 76, '', '0005', '1002', 'http://localhost:4850/#/menu?id=260226000686'),
	(186, '1772102915', '2026-02-26 17:48:35', '', '000113', 'Clear Lock Table', 'sa   ', 76, '', '0005', '1002', 'http://localhost:4850/#/menu?id=260226000686'),
	(187, '1772102916', '2026-02-26 17:48:36', '', '000113', 'Clear Lock Table', 'sa   ', 76, '', '0005', '1002', 'http://localhost:4850/#/tables'),
	(188, '1772102918', '2026-02-26 17:48:38', '', '000113', 'click Report', 'sa   ', 76, '', '0005', '1002', 'http://localhost:4850/#/tables'),
	(189, '1772102919', '2026-02-26 17:48:39', '', '000113', 'Clear Lock Table', 'sa   ', 76, '', '0005', '1002', 'http://localhost:4850/#/tables'),
	(190, '1772102919', '2026-02-26 17:48:39', '', '000113', 'click Adjustment Item', 'sa   ', 76, '', '0005', '1002', 'http://localhost:4850/#/tables'),
	(191, '1772102921', '2026-02-26 17:48:41', '', '000113', 'Clear Lock Table', 'sa   ', 76, '', '0005', '1002', 'http://localhost:4850/#/tables'),
	(192, '1772102932', '2026-02-26 17:48:52', '', '000113', 'Click Print Queue', 'sa   ', 76, '', '0005', '1002', 'http://localhost:4850/#/tables'),
	(193, '1772103032', '2026-02-26 17:50:32', '', '000113', 'Clear Lock Table', 'sa   ', 76, '', '0005', '1002', 'http://localhost:4850/#/tables'),
	(194, '1772103033', '2026-02-26 17:50:33', '', '000113', 'Log Off', 'sa   ', 76, '', '0005', '1002', 'http://localhost:4850/#/tables'),
	(195, '1772103036', '2026-02-26 17:50:36', '', '000113', 'Log In Success', 'sa   ', 76, '', '0005', '1002', 'http://localhost:4850/#/home'),
	(196, '1772103036', '2026-02-26 17:50:36', '', '000113', 'Clear Lock Table', 'sa   ', 76, '', '0005', '1002', 'http://localhost:4850/#/tables'),
	(197, '1772103038', '2026-02-26 17:50:38', '260226000686', '000113', 'Go to Menu', 'sa   ', 76, '', '0005', '1002', 'http://localhost:4850/#/tables'),
	(198, '1772103039', '2026-02-26 17:50:38', '260226000686', '000113', 'Menu Lookup 0', 'sa   ', 76, '', '0005', '1002', 'http://localhost:4850/#/menu?id=260226000686'),
	(199, '1772103169', '2026-02-26 17:52:49', '260226000686', '000113', 'Menu Lookup 0', 'sa   ', 76, '', '0005', '1002', 'http://localhost:4850/#/menu?id=260226000686'),
	(200, '1772103171', '2026-02-26 17:52:51', '260226000686', '000113', 'Click MODIFIER : Bar Info', 'sa   ', 76, '', '0005', '1002', 'http://localhost:4850/#/menu?id=260226000686'),
	(201, '1772103174', '2026-02-26 17:52:53', '260226000686', '000113', 'Add Modifier undefined(2) @undefined', 'sa   ', 76, '', '0005', '1002', 'http://localhost:4850/#/menu?id=260226000686'),
	(202, '1772103176', '2026-02-26 17:52:56', '260226000686', '000113', 'Menu Lookup 21', 'sa   ', 76, '', '0005', '1002', 'http://localhost:4850/#/menu?id=260226000686'),
	(203, '1772103180', '2026-02-26 17:53:00', '260226000686', '000113', 'Add Modifier undefined(2) @undefined', 'sa   ', 76, '', '0005', '1002', 'http://localhost:4850/#/menu?id=260226000686'),
	(204, '1772103196', '2026-02-26 17:53:16', '260226000686', '000113', 'Exit Without Order', 'sa   ', 76, '', '0005', '1002', 'http://localhost:4850/#/menu?id=260226000686'),
	(205, '1772103196', '2026-02-26 17:53:16', '', '000113', 'Clear Lock Table', 'sa   ', 76, '', '0005', '1002', 'http://localhost:4850/#/menu?id=260226000686'),
	(206, '1772103196', '2026-02-26 17:53:16', '', '000113', 'Clear Lock Table', 'sa   ', 76, '', '0005', '1002', 'http://localhost:4850/#/tables');

-- Dumping structure for table pos_resto.member_class
CREATE TABLE IF NOT EXISTS `member_class` (
  `mclass` int(11) NOT NULL AUTO_INCREMENT,
  `desc1` varchar(200) DEFAULT NULL,
  `desc2` varchar(200) DEFAULT NULL,
  `desc3` varchar(200) DEFAULT NULL,
  `discid1` varchar(200) DEFAULT NULL,
  `discid2` varchar(200) DEFAULT NULL,
  `discid3` varchar(200) DEFAULT NULL,
  `discid4` varchar(200) DEFAULT NULL,
  `discid5` varchar(200) DEFAULT NULL,
  `discid6` varchar(200) DEFAULT NULL,
  `discid7` varchar(200) DEFAULT NULL,
  `discid8` varchar(200) DEFAULT NULL,
  `discid9` varchar(200) DEFAULT NULL,
  `discid10` varchar(200) DEFAULT NULL,
  `prilevel` varchar(200) DEFAULT NULL,
  `pridiscid` varchar(200) DEFAULT NULL,
  `periodra1` varchar(200) DEFAULT NULL,
  `periodra2` varchar(200) DEFAULT NULL,
  `periodra3` varchar(200) DEFAULT NULL,
  `periodra4` varchar(200) DEFAULT NULL,
  `periodra5` varchar(200) DEFAULT NULL,
  `outletra1` varchar(200) DEFAULT NULL,
  `outletra2` varchar(200) DEFAULT NULL,
  `outletra3` varchar(200) DEFAULT NULL,
  `outletra4` varchar(200) DEFAULT NULL,
  `outletra5` varchar(200) DEFAULT NULL,
  `starange1` varchar(200) DEFAULT NULL,
  `starange2` varchar(200) DEFAULT NULL,
  `starange3` varchar(200) DEFAULT NULL,
  `starange4` varchar(200) DEFAULT NULL,
  `starange5` varchar(200) DEFAULT NULL,
  `minremain` varchar(200) DEFAULT NULL,
  `accexpday` varchar(200) DEFAULT NULL,
  `balexpday` varchar(200) DEFAULT NULL,
  `presence` tinyint(2) NOT NULL DEFAULT 1,
  `inputDate` datetime NOT NULL DEFAULT '2025-01-01 00:00:00',
  `inputBy` smallint(6) NOT NULL DEFAULT 1,
  `updateDate` datetime NOT NULL DEFAULT '2025-01-01 00:00:00',
  `updateBy` smallint(6) NOT NULL DEFAULT 1,
  PRIMARY KEY (`mclass`)
) ENGINE=InnoDB AUTO_INCREMENT=3 DEFAULT CHARSET=utf8mb4 COLLATE=utf8mb4_general_ci ROW_FORMAT=DYNAMIC;

-- Dumping data for table pos_resto.member_class: ~2 rows (approximately)
INSERT INTO `member_class` (`mclass`, `desc1`, `desc2`, `desc3`, `discid1`, `discid2`, `discid3`, `discid4`, `discid5`, `discid6`, `discid7`, `discid8`, `discid9`, `discid10`, `prilevel`, `pridiscid`, `periodra1`, `periodra2`, `periodra3`, `periodra4`, `periodra5`, `outletra1`, `outletra2`, `outletra3`, `outletra4`, `outletra5`, `starange1`, `starange2`, `starange3`, `starange4`, `starange5`, `minremain`, `accexpday`, `balexpday`, `presence`, `inputDate`, `inputBy`, `updateDate`, `updateBy`) VALUES
	(1, 'test', NULL, NULL, '1', NULL, NULL, NULL, NULL, NULL, NULL, NULL, NULL, NULL, '2', '3', '4', NULL, NULL, NULL, NULL, '5', NULL, NULL, NULL, NULL, '6', NULL, NULL, NULL, NULL, '7', '8', '9', 1, '2025-04-30 15:36:44', 1, '2025-04-30 15:36:56', 1),
	(2, 'test4', NULL, NULL, NULL, NULL, NULL, NULL, NULL, NULL, NULL, NULL, NULL, NULL, NULL, NULL, NULL, NULL, NULL, NULL, NULL, NULL, NULL, NULL, NULL, NULL, NULL, NULL, NULL, NULL, NULL, NULL, NULL, NULL, 0, '2025-04-30 15:37:01', 1, '2025-04-30 15:37:06', 1);

-- Dumping structure for table pos_resto.member_transaction_type
CREATE TABLE IF NOT EXISTS `member_transaction_type` (
  `id` int(11) NOT NULL AUTO_INCREMENT,
  `transtype` varchar(0) DEFAULT NULL,
  `desc1` varchar(0) DEFAULT NULL,
  `desc2` varchar(0) DEFAULT NULL,
  `desc3` varchar(0) DEFAULT NULL,
  `seq` varchar(0) DEFAULT NULL,
  `type` varchar(0) DEFAULT NULL,
  `opendesc` varchar(0) DEFAULT NULL,
  `opendrw` varchar(0) DEFAULT NULL,
  `payid` varchar(0) DEFAULT NULL,
  `presence` tinyint(2) NOT NULL DEFAULT 1,
  `inputDate` datetime NOT NULL DEFAULT '2025-01-01 00:00:00',
  `inputBy` smallint(6) NOT NULL DEFAULT 1,
  `updateDate` datetime NOT NULL DEFAULT '2025-01-01 00:00:00',
  `updateBy` smallint(6) NOT NULL DEFAULT 1,
  PRIMARY KEY (`id`)
) ENGINE=InnoDB DEFAULT CHARSET=utf8mb4 COLLATE=utf8mb4_general_ci ROW_FORMAT=DYNAMIC;

-- Dumping data for table pos_resto.member_transaction_type: ~0 rows (approximately)

-- Dumping structure for table pos_resto.menu
CREATE TABLE IF NOT EXISTS `menu` (
  `id` int(11) NOT NULL AUTO_INCREMENT,
  `plu` varchar(50) NOT NULL DEFAULT '',
  `menuSet` varchar(50) NOT NULL DEFAULT '',
  `menuSetMinQty` tinyint(4) NOT NULL DEFAULT 0,
  `name` varchar(200) NOT NULL DEFAULT '',
  `descm` varchar(200) NOT NULL DEFAULT '',
  `descs` varchar(200) NOT NULL DEFAULT '',
  `menuLookupId` smallint(6) NOT NULL DEFAULT 0,
  `startDate` date NOT NULL DEFAULT '2020-01-01',
  `endDate` date NOT NULL DEFAULT '2030-01-01',
  `discountGroupId` smallint(6) NOT NULL DEFAULT 0,
  `adjustItemsId` varchar(20) DEFAULT NULL,
  `menuTaxScId` tinyint(4) NOT NULL DEFAULT 0,
  `qty` int(11) NOT NULL DEFAULT 0,
  `sku` varchar(200) NOT NULL DEFAULT '',
  `barcode` varchar(200) NOT NULL DEFAULT '',
  `keyword` varchar(200) NOT NULL DEFAULT '',
  `price1` decimal(9,2) DEFAULT NULL,
  `price2` decimal(9,2) DEFAULT NULL,
  `price3` decimal(12,2) DEFAULT NULL,
  `price4` decimal(9,2) DEFAULT NULL,
  `price5` decimal(9,2) DEFAULT NULL,
  `specialPrice1` decimal(9,2) DEFAULT NULL,
  `specialPrice2` decimal(9,2) DEFAULT NULL,
  `specialPrice3` decimal(9,2) DEFAULT NULL,
  `specialPrice4` decimal(9,2) DEFAULT NULL,
  `specialPrice5` decimal(9,2) DEFAULT NULL,
  `timer` smallint(6) NOT NULL DEFAULT 0,
  `cost` decimal(9,2) DEFAULT NULL,
  `printerId` smallint(6) NOT NULL DEFAULT 0,
  `printerGroupId` smallint(6) NOT NULL DEFAULT 0,
  `itemGroupId` varchar(4) DEFAULT NULL,
  `orderLevelGroupId` smallint(6) DEFAULT NULL,
  `menuDepartmentId` int(11) NOT NULL DEFAULT 0,
  `menuCategoryId` int(11) NOT NULL DEFAULT 0,
  `menuClassId` int(11) NOT NULL DEFAULT 0,
  `modifierGroupId` smallint(6) NOT NULL DEFAULT 0,
  `taxStatus` varchar(200) DEFAULT NULL,
  `scStatus` varchar(200) DEFAULT NULL,
  `openPrice` tinyint(4) NOT NULL DEFAULT 0,
  `image` varchar(200) DEFAULT NULL,
  `presence` tinyint(2) NOT NULL DEFAULT 1,
  `inputDate` datetime NOT NULL DEFAULT '2025-01-01 00:00:00',
  `inputBy` smallint(6) NOT NULL DEFAULT 1,
  `updateDate` datetime NOT NULL DEFAULT '2025-01-01 00:00:00',
  `updateBy` smallint(6) NOT NULL DEFAULT 1,
  PRIMARY KEY (`id`)
) ENGINE=InnoDB AUTO_INCREMENT=203 DEFAULT CHARSET=utf8mb4 COLLATE=utf8mb4_general_ci ROW_FORMAT=DYNAMIC;

-- Dumping data for table pos_resto.menu: ~34 rows (approximately)
INSERT INTO `menu` (`id`, `plu`, `menuSet`, `menuSetMinQty`, `name`, `descm`, `descs`, `menuLookupId`, `startDate`, `endDate`, `discountGroupId`, `adjustItemsId`, `menuTaxScId`, `qty`, `sku`, `barcode`, `keyword`, `price1`, `price2`, `price3`, `price4`, `price5`, `specialPrice1`, `specialPrice2`, `specialPrice3`, `specialPrice4`, `specialPrice5`, `timer`, `cost`, `printerId`, `printerGroupId`, `itemGroupId`, `orderLevelGroupId`, `menuDepartmentId`, `menuCategoryId`, `menuClassId`, `modifierGroupId`, `taxStatus`, `scStatus`, `openPrice`, `image`, `presence`, `inputDate`, `inputBy`, `updateDate`, `updateBy`) VALUES
	(169, 'MKN001', '', 0, 'Nasi Goreng Special', 'Nasi Goreng Special', 'Nasi Goreng Special', 23, '2026-01-02', '2030-01-01', 0, 'A0144', 1, 900, '', '', '', 28000.00, 28000.00, 28000.00, 28000.00, 28000.00, NULL, NULL, NULL, NULL, NULL, 0, NULL, 0, 0, NULL, NULL, 2, 0, 0, 0, NULL, NULL, 0, NULL, 1, '2025-01-01 00:00:00', 1, '2026-02-19 16:37:41', 1),
	(170, 'MKN002', '', 0, 'Nasi Goreng Seafood', 'Nasi Goreng Seafood', 'Nasi Goreng Seafood', 23, '2026-01-01', '2030-01-01', 0, 'A0145', 1, 900, '', '', '', 32000.00, 32000.00, 32000.00, 32000.00, 32000.00, NULL, NULL, NULL, NULL, NULL, 0, NULL, 0, 0, NULL, NULL, 2, 0, 0, 0, NULL, NULL, 0, NULL, 1, '2025-01-01 00:00:00', 1, '2026-02-19 16:37:41', 1),
	(171, 'MKN003', '', 0, 'Mie Goreng Jawa', 'Mie Goreng Jawa', 'Mie Goreng Jawa', 23, '2026-01-01', '2030-01-01', 0, 'A0146', 1, 900, '', '', '', 25000.00, 25000.00, 25000.00, 25000.00, 25000.00, NULL, NULL, NULL, NULL, NULL, 0, NULL, 0, 0, NULL, NULL, 2, 0, 0, 0, NULL, NULL, 0, NULL, 1, '2025-01-01 00:00:00', 1, '2026-02-19 16:37:41', 1),
	(172, 'MKN004', '', 0, 'Ayam Goreng Kremes', 'Ayam Goreng Kremes', 'Ayam Goreng Kremes', 23, '2026-01-01', '2030-01-01', 0, 'A0147', 1, 900, '', '', '', 30000.00, 30000.00, 30000.00, 30000.00, 30000.00, NULL, NULL, NULL, NULL, NULL, 0, NULL, 0, 0, NULL, NULL, 2, 0, 0, 0, NULL, NULL, 0, NULL, 1, '2025-01-01 00:00:00', 1, '2026-02-19 16:37:41', 1),
	(173, 'MKN005', '', 0, 'Ayam Bakar', 'Ayam Bakar', 'Ayam Bakar', 23, '2026-01-01', '2030-01-01', 0, 'A0148', 1, 900, '', '', '', 32000.00, 32000.00, 32000.00, 32000.00, 32000.00, NULL, NULL, NULL, NULL, NULL, 0, NULL, 0, 0, NULL, NULL, 2, 0, 0, 0, NULL, NULL, 0, NULL, 1, '2025-01-01 00:00:00', 1, '2026-02-19 16:37:41', 1),
	(174, 'MKN006', '', 0, 'Ayam Penyet', 'Ayam Penyet', 'Ayam Penyet', 23, '2026-01-01', '2030-01-01', 0, 'A0149', 1, 900, '', '', '', 28000.00, 28000.00, 28000.00, 28000.00, 28000.00, NULL, NULL, NULL, NULL, NULL, 0, NULL, 0, 0, NULL, NULL, 2, 0, 0, 0, NULL, NULL, 0, NULL, 1, '2025-01-01 00:00:00', 1, '2026-02-19 16:37:41', 1),
	(175, 'MKN007', '', 0, 'Bebek Goreng', 'Bebek Goreng', 'Bebek Goreng', 23, '2026-01-01', '2030-01-01', 0, 'A0150', 1, 900, '', '', '', 38000.00, 38000.00, 38000.00, 38000.00, 38000.00, NULL, NULL, NULL, NULL, NULL, 0, NULL, 0, 0, NULL, NULL, 2, 0, 0, 0, NULL, NULL, 0, NULL, 1, '2025-01-01 00:00:00', 1, '2026-02-19 16:37:41', 1),
	(176, 'MKN008', '', 0, 'Soto Ayam', 'Soto Ayam', 'Soto Ayam', 23, '2026-01-01', '2030-01-01', 0, 'A0151', 1, 900, '', '', '', 22000.00, 22000.00, 22000.00, 22000.00, 22000.00, NULL, NULL, NULL, NULL, NULL, 0, NULL, 0, 0, NULL, NULL, 2, 0, 0, 0, NULL, NULL, 0, NULL, 1, '2025-01-01 00:00:00', 1, '2026-02-19 16:37:41', 1),
	(177, 'MKN009', '', 0, 'Rawon', 'Rawon', 'Rawon', 23, '2026-01-01', '2030-01-01', 0, 'A0152', 1, 900, '', '', '', 30000.00, 30000.00, 30000.00, 30000.00, 30000.00, NULL, NULL, NULL, NULL, NULL, 0, NULL, 0, 0, NULL, NULL, 2, 0, 0, 0, NULL, NULL, 0, NULL, 1, '2025-01-01 00:00:00', 1, '2026-02-19 16:37:41', 1),
	(178, 'MKN010', '', 0, 'Rendang Sapi', 'Rendang Sapi', 'Rendang Sapi', 23, '2026-01-01', '2030-01-01', 0, 'A0153', 1, 900, '', '', '', 38000.00, 38000.00, 38000.00, 38000.00, 38000.00, NULL, NULL, NULL, NULL, NULL, 0, NULL, 0, 0, NULL, NULL, 2, 0, 0, 0, NULL, NULL, 0, NULL, 1, '2025-01-01 00:00:00', 1, '2026-02-19 16:37:41', 1),
	(179, 'D001', '', 0, 'Es Teh Manis', 'Es Teh Manis', 'Es Teh Manis', 25, '2026-01-01', '2030-01-01', 0, 'A0154', 1, 900, '', '', '', 8000.00, 8000.00, 8000.00, 8000.00, 8000.00, NULL, NULL, NULL, NULL, NULL, 0, NULL, 0, 0, NULL, NULL, 1, 0, 0, 0, NULL, NULL, 0, NULL, 1, '2025-01-01 00:00:00', 1, '2026-02-19 16:37:41', 1),
	(180, 'D002', '', 0, 'Teh Hangat', 'Teh Hangat', 'Teh Hangat', 25, '2026-01-01', '2030-01-01', 0, 'A0155', 1, 900, '', '', '', 6000.00, 6000.00, 6000.00, 6000.00, 6000.00, NULL, NULL, NULL, NULL, NULL, 0, NULL, 0, 0, NULL, NULL, 1, 0, 0, 0, NULL, NULL, 0, NULL, 1, '2025-01-01 00:00:00', 1, '2026-02-19 16:37:41', 1),
	(181, 'D003', '', 0, 'Es Jeruk', 'Es Jeruk', 'Es Jeruk', 25, '2026-01-01', '2030-01-01', 0, 'A0156', 1, 900, '', '', '', 12000.00, 12000.00, 12000.00, 12000.00, 12000.00, NULL, NULL, NULL, NULL, NULL, 0, NULL, 0, 0, NULL, NULL, 1, 0, 0, 0, NULL, NULL, 0, NULL, 1, '2025-01-01 00:00:00', 1, '2026-02-19 16:37:41', 1),
	(182, 'D004', '', 0, 'Lemon Tea', 'Lemon Tea', 'Lemon Tea', 25, '2026-01-01', '2030-01-01', 0, 'A0157', 1, 900, '', '', '', 15000.00, 15000.00, 15000.00, 15000.00, 15000.00, NULL, NULL, NULL, NULL, NULL, 0, NULL, 0, 0, NULL, NULL, 1, 0, 0, 0, NULL, NULL, 0, NULL, 1, '2025-01-01 00:00:00', 1, '2026-02-19 16:37:41', 1),
	(183, 'D005', '', 0, 'Es Kopi Susu', 'Es Kopi Susu', 'Es Kopi Susu', 25, '2026-01-01', '2030-01-01', 0, 'A0158', 1, 900, '', '', '', 18000.00, 18000.00, 18000.00, 18000.00, 18000.00, NULL, NULL, NULL, NULL, NULL, 0, NULL, 0, 0, NULL, NULL, 1, 0, 0, 0, NULL, NULL, 0, NULL, 1, '2025-01-01 00:00:00', 1, '2026-02-19 16:37:41', 1),
	(184, 'D006', '', 0, 'Kopi Hitam', 'Kopi Hitam', 'Kopi Hitam', 25, '2026-01-01', '2030-01-01', 0, 'A0159', 1, 900, '', '', '', 15000.00, 15000.00, 15000.00, 15000.00, 15000.00, NULL, NULL, NULL, NULL, NULL, 0, NULL, 0, 0, NULL, NULL, 1, 0, 0, 0, NULL, NULL, 0, NULL, 1, '2025-01-01 00:00:00', 1, '2026-02-19 16:37:41', 1),
	(185, 'D007', '', 0, 'Cappuccino', 'Cappuccino', 'Cappuccino', 25, '2026-01-01', '2030-01-01', 0, 'A0160', 1, 900, '', '', '', 22000.00, 22000.00, 22000.00, 22000.00, 22000.00, NULL, NULL, NULL, NULL, NULL, 0, NULL, 0, 0, NULL, NULL, 1, 0, 0, 0, NULL, NULL, 0, NULL, 1, '2025-01-01 00:00:00', 1, '2026-02-19 16:37:41', 1),
	(186, 'D008', '', 0, 'Air Mineral', 'Air Mineral', 'Air Mineral', 25, '2026-01-01', '2030-01-01', 0, 'A0161', 1, 900, '', '', '', 6000.00, 6000.00, 6000.00, 6000.00, 6000.00, NULL, NULL, NULL, NULL, NULL, 0, NULL, 0, 0, NULL, NULL, 1, 0, 0, 0, NULL, NULL, 0, NULL, 1, '2025-01-01 00:00:00', 1, '2026-02-19 16:37:41', 1),
	(187, 'D009', '', 0, 'Jus Alpukat', 'Jus Alpukat', 'Jus Alpukat', 25, '2026-01-01', '2030-01-01', 0, 'A0162', 1, 900, '', '', '', 20000.00, 20000.00, 20000.00, 20000.00, 20000.00, NULL, NULL, NULL, NULL, NULL, 0, NULL, 0, 0, NULL, NULL, 1, 0, 0, 0, NULL, NULL, 0, NULL, 1, '2025-01-01 00:00:00', 1, '2026-02-19 16:37:41', 1),
	(188, 'D010', '', 0, 'Es Kelapa Muda', 'Es Kelapa Muda', 'Es Kelapa Muda', 25, '2026-01-01', '2030-01-01', 0, 'A0163', 1, 900, '', '', '', 17000.00, 17000.00, 17000.00, 17000.00, 17000.00, NULL, NULL, NULL, NULL, NULL, 0, NULL, 0, 0, NULL, NULL, 1, 0, 0, 0, NULL, NULL, 0, NULL, 1, '2025-01-01 00:00:00', 1, '2026-02-19 16:37:41', 1),
	(189, 'DST001', '', 0, 'Es Campur', 'Es Campur', 'Es Campur', 24, '2026-01-01', '2030-01-01', 0, 'A0164', 1, 900, '', '', '', 18000.00, 18000.00, 18000.00, 18000.00, 18000.00, NULL, NULL, NULL, NULL, NULL, 0, NULL, 0, 0, NULL, NULL, 4, 0, 0, 0, NULL, NULL, 0, NULL, 1, '2025-01-01 00:00:00', 1, '2026-02-19 16:37:41', 1),
	(190, 'DST002', '', 0, 'Es Teler', 'Es Teler', 'Es Teler', 24, '2026-01-01', '2030-01-01', 0, 'A0165', 1, 900, '', '', '', 20000.00, 20000.00, 20000.00, 20000.00, 20000.00, NULL, NULL, NULL, NULL, NULL, 0, NULL, 0, 0, NULL, NULL, 4, 0, 0, 0, NULL, NULL, 0, NULL, 1, '2025-01-01 00:00:00', 1, '2026-02-19 16:37:41', 1),
	(191, 'DST003', '', 0, 'Pisang Goreng', 'Pisang Goreng', 'Pisang Goreng', 24, '2026-01-01', '2030-01-01', 0, 'A0166', 1, 900, '', '', '', 15000.00, 15000.00, 15000.00, 15000.00, 15000.00, NULL, NULL, NULL, NULL, NULL, 0, NULL, 0, 0, NULL, NULL, 4, 0, 0, 0, NULL, NULL, 0, NULL, 1, '2025-01-01 00:00:00', 1, '2026-02-19 16:37:41', 1),
	(192, 'DST004', '', 0, 'Pisang Bakar Keju', 'Pisang Bakar Keju', 'Pisang Bakar Keju', 24, '2026-01-01', '2030-01-01', 0, 'A0167', 1, 900, '', '', '', 18000.00, 18000.00, 18000.00, 18000.00, 18000.00, NULL, NULL, NULL, NULL, NULL, 0, NULL, 0, 0, NULL, NULL, 4, 0, 0, 0, NULL, NULL, 0, NULL, 1, '2025-01-01 00:00:00', 1, '2026-02-19 16:37:41', 1),
	(193, 'DST005', '', 0, 'Puding Coklat', 'Puding Coklat', 'Puding Coklat', 24, '2026-01-01', '2030-01-01', 0, 'A0168', 1, 900, '', '', '', 14000.00, 14000.00, 14000.00, 14000.00, 14000.00, NULL, NULL, NULL, NULL, NULL, 0, NULL, 0, 0, NULL, NULL, 4, 0, 0, 0, NULL, NULL, 0, NULL, 1, '2025-01-01 00:00:00', 1, '2026-02-19 16:37:41', 1),
	(194, 'APP001', '', 0, 'Tahu Goreng', 'Tahu Goreng', 'Tahu Goreng', 22, '2026-01-01', '2030-01-01', 0, 'A0169', 1, 900, '', '', '', 15000.00, 15000.00, 15000.00, 15000.00, 15000.00, NULL, NULL, NULL, NULL, NULL, 0, NULL, 0, 0, NULL, NULL, 5, 0, 0, 0, NULL, NULL, 0, NULL, 1, '2025-01-01 00:00:00', 1, '2026-02-19 16:37:41', 1),
	(195, 'APP002', '', 0, 'Tempe Goreng', 'Tempe Goreng', 'Tempe Goreng', 22, '2026-01-01', '2030-01-01', 0, 'A0170', 1, 900, '', '', '', 15000.00, 15000.00, 15000.00, 15000.00, 15000.00, NULL, NULL, NULL, NULL, NULL, 0, NULL, 0, 0, NULL, NULL, 5, 0, 0, 0, NULL, NULL, 0, NULL, 1, '2025-01-01 00:00:00', 1, '2026-02-19 16:37:41', 1),
	(196, 'APP003', '', 0, 'Tahu Isi', 'Tahu Isi', 'Tahu Isi', 22, '2026-01-01', '2030-01-01', 0, 'A0171', 1, 900, '', '', '', 18000.00, 18000.00, 18000.00, 18000.00, 18000.00, NULL, NULL, NULL, NULL, NULL, 0, NULL, 0, 0, NULL, NULL, 5, 0, 0, 0, NULL, NULL, 0, NULL, 1, '2025-01-01 00:00:00', 1, '2026-02-19 16:37:41', 1),
	(197, 'APP004', '', 0, 'Lumpia Goreng', 'Lumpia Goreng', 'Lumpia Goreng', 22, '2026-01-01', '2030-01-01', 0, 'A0172', 1, 900, '', '', '', 20000.00, 20000.00, 20000.00, 20000.00, 20000.00, NULL, NULL, NULL, NULL, NULL, 0, NULL, 0, 0, NULL, NULL, 5, 0, 0, 0, NULL, NULL, 0, NULL, 1, '2025-01-01 00:00:00', 1, '2026-02-19 16:37:41', 1),
	(198, 'APP005', '', 0, 'Kentang Goreng', 'Kentang Goreng', 'Kentang Goreng', 22, '2026-01-01', '2030-01-01', 0, 'A0173', 1, 900, '', '', '', 20000.00, 20000.00, 20000.00, 20000.00, 20000.00, NULL, NULL, NULL, NULL, NULL, 0, NULL, 0, 0, NULL, NULL, 5, 0, 0, 0, NULL, NULL, 0, NULL, 1, '2025-01-01 00:00:00', 1, '2026-02-19 16:37:41', 1),
	(199, 'L001', '', 0, 'Sewa Lapangan 60 Menit', 'Kentang Goreng', 'Kentang Goreng', 21, '2026-01-01', '2030-01-01', 0, '', 1, 0, '', '', '', 500000.00, 500000.00, 500000.00, 500000.00, 500000.00, NULL, NULL, NULL, NULL, NULL, 60, NULL, 0, 0, 'null', NULL, 3, 0, 0, 0, 'null', 'null', 0, 'null', 1, '2026-02-11 17:59:14', 2026, '2026-02-19 16:37:41', 2026),
	(200, 'L002', '', 0, 'Sewa Lapangan 120 Menit', 'Kentang Goreng', 'Kentang Goreng', 21, '2026-01-01', '2030-01-01', 0, '', 1, 0, '', '', '', 500000.00, 500000.00, 500000.00, 500000.00, 500000.00, NULL, NULL, NULL, NULL, NULL, 120, NULL, 0, 0, 'null', NULL, 3, 0, 0, 0, 'null', 'null', 0, 'null', 1, '2026-02-11 18:04:34', 2026, '2026-02-19 16:37:41', 2026),
	(201, 'D000', '', 0, 'Es batu', 'Es batu', 'Es batu', 25, '2026-01-01', '2030-01-01', 0, 'A0163', 1, 900, '', '', '', 0.00, 0.00, 0.00, 0.00, 0.00, NULL, NULL, NULL, NULL, NULL, 0, NULL, 0, 0, NULL, NULL, 1, 0, 0, 0, NULL, NULL, 0, NULL, 1, '2025-01-01 00:00:00', 1, '2026-02-19 16:37:41', 1),
	(202, 'SET001', 'SELECT', 0, 'Set Menu Makan Siang', 'Kentang Goreng', 'Kentang Goreng', 23, '2026-01-01', '2030-01-01', 0, 'A0173', 1, 900, '', '', '', 80000.00, 20000.00, 20000.00, 20000.00, 20000.00, NULL, NULL, NULL, NULL, NULL, 0, NULL, 0, 8, 'null', NULL, 2, 0, 0, 0, 'null', 'null', 0, 'null', 1, '2026-02-19 16:02:03', 2026, '2026-02-23 17:11:53', 2026);

-- Dumping structure for table pos_resto.menu_category
CREATE TABLE IF NOT EXISTS `menu_category` (
  `id` int(11) NOT NULL AUTO_INCREMENT,
  `desc1` varchar(200) NOT NULL DEFAULT '',
  `presence` tinyint(2) NOT NULL DEFAULT 1,
  `inputDate` datetime NOT NULL DEFAULT '2025-01-01 00:00:00',
  `inputBy` smallint(6) NOT NULL DEFAULT 1,
  `updateDate` datetime NOT NULL DEFAULT '2025-01-01 00:00:00',
  `updateBy` smallint(6) NOT NULL DEFAULT 1,
  PRIMARY KEY (`id`)
) ENGINE=InnoDB AUTO_INCREMENT=72 DEFAULT CHARSET=utf8mb4 COLLATE=utf8mb4_general_ci ROW_FORMAT=DYNAMIC;

-- Dumping data for table pos_resto.menu_category: ~4 rows (approximately)
INSERT INTO `menu_category` (`id`, `desc1`, `presence`, `inputDate`, `inputBy`, `updateDate`, `updateBy`) VALUES
	(67, 'FOOD', 1, '2025-01-01 00:00:00', 1, '2025-01-01 00:00:00', 1),
	(68, 'DRINK', 1, '2025-01-01 00:00:00', 1, '2025-01-01 00:00:00', 1),
	(69, 'DESSERT', 1, '2025-01-01 00:00:00', 1, '2025-01-01 00:00:00', 1),
	(70, 'APPETIZER', 1, '2025-01-01 00:00:00', 1, '2025-01-01 00:00:00', 1),
	(71, 'APPETIZER', 0, '2026-02-24 13:37:31', 1, '2026-02-24 13:37:36', 1);

-- Dumping structure for table pos_resto.menu_class
CREATE TABLE IF NOT EXISTS `menu_class` (
  `id` varchar(200) NOT NULL DEFAULT '0',
  `desc1` varchar(200) DEFAULT NULL,
  `presence` tinyint(2) NOT NULL DEFAULT 1,
  `inputDate` datetime NOT NULL DEFAULT '2025-01-01 00:00:00',
  `inputBy` smallint(6) NOT NULL DEFAULT 1,
  `updateDate` datetime NOT NULL DEFAULT '2025-01-01 00:00:00',
  `updateBy` smallint(6) NOT NULL DEFAULT 1,
  PRIMARY KEY (`id`)
) ENGINE=InnoDB DEFAULT CHARSET=utf8mb4 COLLATE=utf8mb4_general_ci ROW_FORMAT=DYNAMIC;

-- Dumping data for table pos_resto.menu_class: ~0 rows (approximately)

-- Dumping structure for table pos_resto.menu_department
CREATE TABLE IF NOT EXISTS `menu_department` (
  `id` int(11) NOT NULL AUTO_INCREMENT,
  `desc1` varchar(200) DEFAULT NULL,
  `presence` tinyint(2) NOT NULL DEFAULT 1,
  `inputDate` datetime NOT NULL DEFAULT '2025-01-01 00:00:00',
  `inputBy` smallint(6) NOT NULL DEFAULT 1,
  `updateDate` datetime NOT NULL DEFAULT '2025-01-01 00:00:00',
  `updateBy` smallint(6) NOT NULL DEFAULT 1,
  PRIMARY KEY (`id`)
) ENGINE=InnoDB AUTO_INCREMENT=12 DEFAULT CHARSET=utf8mb4 COLLATE=utf8mb4_general_ci ROW_FORMAT=DYNAMIC;

-- Dumping data for table pos_resto.menu_department: ~9 rows (approximately)
INSERT INTO `menu_department` (`id`, `desc1`, `presence`, `inputDate`, `inputBy`, `updateDate`, `updateBy`) VALUES
	(1, 'BEVERAGE', 1, '2025-01-01 00:00:00', 1, '2025-05-08 17:49:52', 1),
	(2, 'FOOD', 1, '2025-01-01 00:00:00', 1, '2025-05-08 17:49:52', 1),
	(3, 'LAPANGAN', 1, '2025-01-01 00:00:00', 1, '2025-05-08 17:49:52', 1),
	(4, 'DESSERT', 1, '2025-01-01 00:00:00', 1, '2025-05-08 17:49:52', 1),
	(5, 'APPETIZER', 1, '2025-01-01 00:00:00', 1, '2025-05-08 17:49:52', 1),
	(6, 'VOUCHER', 1, '2025-01-01 00:00:00', 1, '2025-05-08 17:49:52', 1),
	(8, 'APPETIZER', 0, '2026-02-24 13:31:34', 1, '2026-02-24 13:31:37', 1),
	(9, 'VOUCHER', 0, '2026-02-24 13:31:34', 1, '2026-02-24 13:31:37', 1),
	(10, 'APPETIZER', 0, '2026-02-24 13:31:47', 1, '2026-02-24 13:31:57', 1),
	(11, 'VOUCHER', 0, '2026-02-24 13:31:47', 1, '2026-02-24 13:31:57', 1);

-- Dumping structure for table pos_resto.menu_lookup
CREATE TABLE IF NOT EXISTS `menu_lookup` (
  `id` smallint(6) NOT NULL AUTO_INCREMENT,
  `departmentId` smallint(6) NOT NULL DEFAULT 0,
  `parentId` smallint(6) NOT NULL DEFAULT 0,
  `name` varchar(200) NOT NULL,
  `sorting` smallint(6) NOT NULL DEFAULT 999,
  `presence` tinyint(4) NOT NULL DEFAULT 1,
  `inputDate` datetime NOT NULL DEFAULT '2025-01-01 00:00:00',
  `inputBy` varchar(50) NOT NULL DEFAULT '',
  `updateDate` datetime NOT NULL DEFAULT '2025-01-01 00:00:00',
  `updateBy` varchar(50) NOT NULL DEFAULT '',
  PRIMARY KEY (`id`)
) ENGINE=InnoDB AUTO_INCREMENT=26 DEFAULT CHARSET=utf8mb4 COLLATE=utf8mb4_general_ci ROW_FORMAT=DYNAMIC;

-- Dumping data for table pos_resto.menu_lookup: ~5 rows (approximately)
INSERT INTO `menu_lookup` (`id`, `departmentId`, `parentId`, `name`, `sorting`, `presence`, `inputDate`, `inputBy`, `updateDate`, `updateBy`) VALUES
	(21, 0, 0, 'Lapangan', 999, 1, '2026-02-11 17:52:50', '', '2026-02-11 17:54:28', ''),
	(22, 0, 0, 'APPETIZER ', 999, 1, '2026-02-11 17:52:52', '', '2026-02-11 17:53:56', ''),
	(23, 0, 0, 'FOOD', 999, 1, '2026-02-11 17:52:53', '', '2026-02-11 17:54:19', ''),
	(24, 0, 0, 'DESSERT', 999, 1, '2026-02-11 17:52:55', '', '2026-02-11 17:54:18', ''),
	(25, 0, 0, 'BEVERAGE', 999, 1, '2026-02-11 17:53:47', '', '2026-02-11 17:54:19', '');

-- Dumping structure for table pos_resto.menu_set
CREATE TABLE IF NOT EXISTS `menu_set` (
  `id` int(11) NOT NULL AUTO_INCREMENT,
  `menuId` int(11) NOT NULL DEFAULT 0,
  `detailMenuId` int(11) NOT NULL DEFAULT 0,
  `minQty` smallint(1) NOT NULL DEFAULT 1,
  `maxQty` smallint(1) NOT NULL DEFAULT 1,
  `presence` tinyint(2) NOT NULL DEFAULT 1,
  `inputDate` datetime NOT NULL DEFAULT '2025-01-01 00:00:00',
  `inputBy` smallint(6) NOT NULL DEFAULT 1,
  `updateDate` datetime NOT NULL DEFAULT '2025-01-01 00:00:00',
  `updateBy` smallint(6) NOT NULL DEFAULT 1,
  PRIMARY KEY (`id`) USING BTREE
) ENGINE=InnoDB AUTO_INCREMENT=147 DEFAULT CHARSET=utf8mb4 COLLATE=utf8mb4_general_ci ROW_FORMAT=DYNAMIC;

-- Dumping data for table pos_resto.menu_set: ~3 rows (approximately)
INSERT INTO `menu_set` (`id`, `menuId`, `detailMenuId`, `minQty`, `maxQty`, `presence`, `inputDate`, `inputBy`, `updateDate`, `updateBy`) VALUES
	(143, 202, 171, 1, 1, 1, '2026-02-19 16:07:11', 1, '2026-02-23 17:11:53', 1),
	(144, 202, 179, 1, 1, 0, '2026-02-19 16:31:00', 1, '2026-02-19 16:42:30', 1),
	(145, 202, 182, 1, 1, 1, '2026-02-19 16:42:32', 1, '2026-02-23 17:11:53', 1),
	(146, 202, 198, 1, 1, 0, '2026-02-19 16:42:32', 1, '2026-02-23 17:11:49', 1);

-- Dumping structure for table pos_resto.menu_tax_sc
CREATE TABLE IF NOT EXISTS `menu_tax_sc` (
  `id` smallint(6) NOT NULL AUTO_INCREMENT,
  `desc` varchar(200) DEFAULT NULL,
  `name` varchar(200) DEFAULT NULL,
  `taxRate` tinyint(4) NOT NULL DEFAULT 0,
  `taxNote` varchar(50) NOT NULL DEFAULT '',
  `taxStatus` tinyint(4) DEFAULT NULL,
  `scRate` tinyint(4) NOT NULL DEFAULT 0,
  `scNote` varchar(50) NOT NULL DEFAULT '',
  `scStatus` tinyint(4) DEFAULT NULL,
  `scTaxIncluded` tinyint(4) NOT NULL DEFAULT 0,
  `presence` tinyint(2) NOT NULL DEFAULT 1,
  `inputDate` datetime NOT NULL DEFAULT '2025-01-01 00:00:00',
  `inputBy` smallint(6) NOT NULL DEFAULT 1,
  `updateDate` datetime NOT NULL DEFAULT '2025-01-01 00:00:00',
  `updateBy` smallint(6) NOT NULL DEFAULT 1,
  PRIMARY KEY (`id`) USING BTREE
) ENGINE=InnoDB AUTO_INCREMENT=8 DEFAULT CHARSET=utf8mb4 COLLATE=utf8mb4_general_ci ROW_FORMAT=DYNAMIC;

-- Dumping data for table pos_resto.menu_tax_sc: ~5 rows (approximately)
INSERT INTO `menu_tax_sc` (`id`, `desc`, `name`, `taxRate`, `taxNote`, `taxStatus`, `scRate`, `scNote`, `scStatus`, `scTaxIncluded`, `presence`, `inputDate`, `inputBy`, `updateDate`, `updateBy`) VALUES
	(1, 'Tax & S.C.', 'Tax & S.C.', 10, '10% Tax ', 1, 5, 'S.C. 5%', 1, 0, 1, '2025-01-01 00:00:00', 1, '2025-08-19 18:33:34', 1),
	(2, 'Tax', 'Tax', 10, '10% Tax ', 1, 0, 'No S.C', 0, 1, 1, '2025-01-01 00:00:00', 1, '2025-08-19 18:33:34', 1),
	(3, 'Tax Only', 'Tax Only', 10, 'Include Tax ', 2, 0, 'No S.C', 0, 1, 1, '2025-01-01 00:00:00', 1, '2025-08-19 18:33:35', 1),
	(4, 'EzeeLink', 'EzeeLink', 10, 'Include Tax ', 2, 0, 'No S.C', 0, 0, 0, '2025-01-01 00:00:00', 1, '2026-02-23 14:30:06', 1),
	(5, 'Tax & S.C.Include', 'Tax & S.C.Include', 10, 'Include Tax ', 2, 5, 'Include No S.C 5%', 2, 0, 1, '2025-01-01 00:00:00', 1, '2025-08-19 18:33:35', 1),
	(7, NULL, 'EzeeLink', 10, 'Include Tax ', 2, 0, 'No S.C', 0, 0, 0, '2026-02-23 14:30:00', 1, '2026-02-23 14:30:06', 1);

-- Dumping structure for table pos_resto.menu_tax_sc_status
CREATE TABLE IF NOT EXISTS `menu_tax_sc_status` (
  `id` tinyint(4) NOT NULL AUTO_INCREMENT,
  `name` varchar(200) NOT NULL DEFAULT '',
  PRIMARY KEY (`id`)
) ENGINE=InnoDB AUTO_INCREMENT=3 DEFAULT CHARSET=utf16 COLLATE=utf16_bin;

-- Dumping data for table pos_resto.menu_tax_sc_status: ~3 rows (approximately)
INSERT INTO `menu_tax_sc_status` (`id`, `name`) VALUES
	(0, 'Disable'),
	(1, 'Enable'),
	(2, 'Item Total Include');

-- Dumping structure for table pos_resto.modifier
CREATE TABLE IF NOT EXISTS `modifier` (
  `id` int(11) NOT NULL AUTO_INCREMENT,
  `modifierListId` mediumint(9) NOT NULL DEFAULT 0,
  `modifierGroupId` smallint(6) NOT NULL DEFAULT 0,
  `descl` varchar(200) NOT NULL DEFAULT '',
  `descm` varchar(40) NOT NULL DEFAULT '',
  `descs` varchar(20) NOT NULL DEFAULT '',
  `printing` tinyint(4) NOT NULL DEFAULT 0,
  `price1` int(11) NOT NULL DEFAULT 0,
  `price2` int(11) NOT NULL DEFAULT 0,
  `price3` int(11) NOT NULL DEFAULT 0,
  `price4` int(11) NOT NULL DEFAULT 0,
  `price5` int(11) NOT NULL DEFAULT 0,
  `sublist` varchar(6) DEFAULT NULL,
  `issublist` varchar(1) DEFAULT NULL,
  `sorting` smallint(6) DEFAULT NULL,
  `presence` tinyint(2) NOT NULL DEFAULT 1,
  `inputDate` datetime NOT NULL DEFAULT '2025-01-01 00:00:00',
  `inputBy` smallint(6) NOT NULL DEFAULT 1,
  `updateDate` datetime NOT NULL DEFAULT '2025-01-01 00:00:00',
  `updateBy` smallint(6) NOT NULL DEFAULT 1,
  PRIMARY KEY (`id`) USING BTREE
) ENGINE=InnoDB AUTO_INCREMENT=74 DEFAULT CHARSET=utf8mb4 COLLATE=utf8mb4_general_ci ROW_FORMAT=DYNAMIC;

-- Dumping data for table pos_resto.modifier: ~24 rows (approximately)
INSERT INTO `modifier` (`id`, `modifierListId`, `modifierGroupId`, `descl`, `descm`, `descs`, `printing`, `price1`, `price2`, `price3`, `price4`, `price5`, `sublist`, `issublist`, `sorting`, `presence`, `inputDate`, `inputBy`, `updateDate`, `updateBy`) VALUES
	(36, 1, 1, 'Tidak Pedas1', 'Tidak Pedas2', 'Tidak Pedas3', 0, 0, 0, 0, 0, 0, NULL, NULL, 1, 1, '2025-01-01 00:00:00', 1, '2025-07-31 17:03:27', 1),
	(37, 1, 1, 'Pedas', 'Pedas', 'Pedas', 0, 0, 0, 0, 0, 0, NULL, NULL, 2, 1, '2025-01-01 00:00:00', 1, '2025-07-31 17:03:27', 1),
	(38, 1, 1, 'No oil', 'No oil', 'No oil', 0, 0, 0, 0, 0, 0, NULL, NULL, 3, 1, '2025-01-01 00:00:00', 1, '2025-07-31 17:03:27', 1),
	(39, 1, 1, 'Less oil', 'Less oil', 'Less oil', 0, 0, 0, 0, 0, 0, NULL, NULL, 4, 1, '2025-01-01 00:00:00', 1, '2025-07-31 17:03:28', 1),
	(40, 1, 1, 'Jgn Asin', 'Jgn Asin', 'Jgn Asin', 0, 0, 0, 0, 0, 0, NULL, NULL, 5, 1, '2025-01-01 00:00:00', 1, '2025-07-31 17:03:28', 1),
	(41, 1, 1, 'No Vetsin', 'No Vetsin', 'No Vetsin', 0, 0, 0, 0, 0, 0, NULL, NULL, 6, 1, '2025-01-01 00:00:00', 1, '2025-07-31 17:03:28', 1),
	(42, 1, 2, 'No Garlic', 'No Garlic', 'No Garlic', 0, 0, 0, 0, 0, 0, NULL, NULL, 7, 1, '2025-01-01 00:00:00', 1, '2025-07-31 17:03:28', 1),
	(43, 1, 2, 'Very Spicy', 'Very Spicy', 'Very Spicy', 0, 0, 0, 0, 0, 0, NULL, NULL, 8, 1, '2025-01-01 00:00:00', 1, '2025-07-31 17:03:28', 1),
	(44, 1, 0, 'Less Spicy', 'Less Spicy', 'Less Spicy', 0, 0, 0, 0, 0, 0, NULL, NULL, 9, 1, '2025-01-01 00:00:00', 1, '2025-07-31 17:03:28', 1),
	(45, 1, 0, 'Less Salt', 'Less Salt', 'Less Salt', 0, 0, 0, 0, 0, 0, NULL, NULL, 10, 1, '2025-01-01 00:00:00', 1, '2025-07-31 17:03:28', 1),
	(46, 1, 0, 'Gak pake lama', 'Gak pake lama', 'Gak pake lama', 0, 0, 0, 0, 0, 0, NULL, NULL, 11, 1, '2025-01-01 00:00:00', 1, '2025-07-31 17:03:28', 1),
	(47, 2, 1, 'Less sugar', 'Less sugar', 'Less sugar', 0, 0, 0, 0, 0, 0, NULL, NULL, 1, 1, '2025-01-01 00:00:00', 1, '2025-07-31 17:03:28', 1),
	(48, 2, 1, 'dingin', 'dingin', 'dingin', 0, 0, 0, 0, 0, 0, NULL, NULL, 2, 1, '2025-01-01 00:00:00', 1, '2025-07-31 17:03:28', 1),
	(49, 2, 1, 'no ice', 'no ice', 'no ice', 0, 2, 0, 0, 0, 0, NULL, NULL, 3, 1, '2025-01-01 00:00:00', 1, '2025-07-31 17:03:28', 1),
	(50, 2, 1, 'less ice', 'less ice', 'less ice', 0, 0, 0, 0, 0, 0, NULL, NULL, 4, 1, '2025-01-01 00:00:00', 1, '2025-07-31 17:03:28', 1),
	(51, 2, 1, 'no milk', 'no milk', 'no milk', 0, 0, 0, 0, 0, 0, NULL, NULL, 5, 1, '2025-01-01 00:00:00', 1, '2025-07-31 17:03:28', 1),
	(52, 2, 1, 'w/ milk', 'w/ milk', 'w/ milk', 0, 0, 0, 0, 0, 0, NULL, NULL, 6, 1, '2025-01-01 00:00:00', 1, '2025-07-31 17:03:28', 1),
	(53, 2, 0, 'no cream', 'no cream', 'no cream', 0, 0, 0, 0, 0, 0, NULL, NULL, 7, 1, '2025-01-01 00:00:00', 1, '2025-07-31 17:03:28', 1),
	(54, 2, 0, 'no syrup', 'no syrup', 'no syrup', 0, 0, 0, 0, 0, 0, NULL, NULL, 8, 1, '2025-01-01 00:00:00', 1, '2025-07-31 17:03:28', 1),
	(55, 2, 0, 'pisah gula', 'pisah gula', 'pisah gula', 0, 0, 0, 0, 0, 0, NULL, NULL, 9, 1, '2025-01-01 00:00:00', 1, '2025-07-31 17:03:28', 1),
	(56, 1, 0, 'no mushroom', 'no mushroom', 'no mushroom', 0, 0, 0, 0, 0, 0, NULL, NULL, 12, 1, '2025-01-01 00:00:00', 1, '2025-07-31 17:03:28', 1),
	(57, 1, 0, 'no chicken', 'no chicken', 'no chicken', 0, 0, 0, 0, 0, 0, NULL, NULL, 13, 1, '2025-01-01 00:00:00', 1, '2025-07-31 17:03:28', 1),
	(58, 1, 0, 'no beef', 'no beef', 'no beef', 0, 0, 0, 0, 0, 0, NULL, NULL, 14, 1, '2025-01-01 00:00:00', 1, '2025-07-31 17:03:28', 1),
	(59, 1, 0, 'no shrimp', 'no shrimp', 'no shrimp', 0, 0, 0, 0, 0, 0, NULL, NULL, 15, 1, '2025-01-01 00:00:00', 1, '2025-07-31 17:03:28', 1),
	(72, 1, 0, 'no beef', 'no beef', 'no beef', 0, 0, 0, 0, 0, 0, NULL, NULL, NULL, 0, '2026-02-24 13:39:43', 1, '2026-02-24 13:39:47', 1),
	(73, 1, 0, 'no shrimp', 'no shrimp', 'no shrimp', 0, 0, 0, 0, 0, 0, NULL, NULL, NULL, 0, '2026-02-24 13:39:43', 1, '2026-02-24 13:39:47', 1);

-- Dumping structure for table pos_resto.modifier_group
CREATE TABLE IF NOT EXISTS `modifier_group` (
  `id` smallint(6) NOT NULL AUTO_INCREMENT,
  `name` varchar(200) NOT NULL DEFAULT '',
  `presence` tinyint(2) NOT NULL DEFAULT 1,
  `inputDate` datetime NOT NULL DEFAULT '2025-01-01 00:00:00',
  `inputBy` smallint(6) NOT NULL DEFAULT 1,
  `updateDate` datetime NOT NULL DEFAULT '2025-01-01 00:00:00',
  `updateBy` smallint(6) NOT NULL DEFAULT 1,
  PRIMARY KEY (`id`) USING BTREE
) ENGINE=InnoDB AUTO_INCREMENT=7 DEFAULT CHARSET=utf8mb4 COLLATE=utf8mb4_general_ci ROW_FORMAT=DYNAMIC;

-- Dumping data for table pos_resto.modifier_group: ~5 rows (approximately)
INSERT INTO `modifier_group` (`id`, `name`, `presence`, `inputDate`, `inputBy`, `updateDate`, `updateBy`) VALUES
	(1, 'Makanan', 1, '2025-01-01 00:00:00', 1, '2025-07-31 16:30:04', 1),
	(2, 'Muniman', 1, '2025-01-01 00:00:00', 1, '2025-07-31 16:30:04', 1),
	(3, 'Lain lain', 1, '2025-07-31 16:29:57', 1, '2025-07-31 16:30:04', 1),
	(5, 'Muniman', 0, '2026-02-24 13:39:00', 1, '2026-02-24 13:39:06', 1),
	(6, 'Lain lain', 0, '2026-02-24 13:39:00', 1, '2026-02-24 13:39:06', 1);

-- Dumping structure for table pos_resto.modifier_list
CREATE TABLE IF NOT EXISTS `modifier_list` (
  `id` tinyint(4) NOT NULL AUTO_INCREMENT,
  `name` varchar(30) DEFAULT NULL,
  `min` tinyint(4) DEFAULT NULL,
  `max` tinyint(4) DEFAULT NULL,
  `reflist` varchar(6) DEFAULT NULL,
  `autoassig` varchar(10) DEFAULT NULL,
  `presence` tinyint(2) NOT NULL DEFAULT 1,
  `inputDate` datetime NOT NULL DEFAULT '2025-01-01 00:00:00',
  `inputBy` smallint(6) NOT NULL DEFAULT 1,
  `updateDate` datetime NOT NULL DEFAULT '2025-01-01 00:00:00',
  `updateBy` smallint(6) NOT NULL DEFAULT 1,
  PRIMARY KEY (`id`)
) ENGINE=InnoDB AUTO_INCREMENT=11 DEFAULT CHARSET=utf8mb4 COLLATE=utf8mb4_general_ci ROW_FORMAT=DYNAMIC;

-- Dumping data for table pos_resto.modifier_list: ~6 rows (approximately)
INSERT INTO `modifier_list` (`id`, `name`, `min`, `max`, `reflist`, `autoassig`, `presence`, `inputDate`, `inputBy`, `updateDate`, `updateBy`) VALUES
	(1, 'Kitchen Info', 0, 0, '      ', ' ', 1, '2025-01-01 00:00:00', 1, '2025-07-31 16:05:59', 1),
	(2, 'Bar Info', 0, 0, '      ', ' ', 1, '2025-01-01 00:00:00', 1, '2025-07-31 16:05:59', 1),
	(3, 'Tamplate Memo', 0, 0, '      ', ' ', 1, '2025-01-01 00:00:00', 1, '2025-07-31 16:05:59', 1),
	(4, 'Juice Mix', 0, 2, '      ', ' ', 1, '2025-01-01 00:00:00', 1, '2025-07-31 16:05:59', 1),
	(9, 'Tamplate Memo', 0, 0, NULL, NULL, 0, '2026-02-24 13:38:26', 1, '2026-02-24 13:38:30', 1),
	(10, 'Juice Mix', 0, 2, NULL, NULL, 0, '2026-02-24 13:38:26', 1, '2026-02-24 13:38:30', 1);

-- Dumping structure for table pos_resto.module
CREATE TABLE IF NOT EXISTS `module` (
  `id` int(11) NOT NULL AUTO_INCREMENT,
  `child` tinyint(4) NOT NULL DEFAULT 0,
  `sorting` int(11) NOT NULL DEFAULT 0,
  `name` varchar(50) NOT NULL DEFAULT '',
  `category` varchar(50) NOT NULL DEFAULT '',
  `presence` tinyint(2) NOT NULL DEFAULT 1,
  PRIMARY KEY (`id`) USING BTREE,
  UNIQUE KEY `name` (`name`)
) ENGINE=InnoDB AUTO_INCREMENT=49 DEFAULT CHARSET=utf8mb4 COLLATE=utf8mb4_general_ci ROW_FORMAT=DYNAMIC;

-- Dumping data for table pos_resto.module: ~37 rows (approximately)
INSERT INTO `module` (`id`, `child`, `sorting`, `name`, `category`, `presence`) VALUES
	(9, 1, 1004, 'sendOrder', 'menu', 1),
	(10, 1, 1008, 'bill', 'menu', 1),
	(11, 1, 1009, 'payment', 'menu', 1),
	(12, 1, 1010, 'exitWithoutOrder', 'menu', 1),
	(13, 1, 1011, 'transferItems', 'menu', 1),
	(14, 1, 1012, 'takeOut', 'menu', 1),
	(15, 1, 1013, 'merge', 'menu', 1),
	(16, 1, 1014, 'changeCover', 'menu', 1),
	(17, 1, 1018, 'changeTable', 'menu', 1),
	(18, 1, 1019, 'transferLog', 'menu', 1),
	(19, 1, 1017, 'mergerLog', 'menu', 1),
	(20, 1, 1016, 'voidTransaction', 'menu', 1),
	(21, 1, 1007, 'voidItem', 'menu', 1),
	(22, 1, 1006, 'modifier', 'menu', 1),
	(23, 1, 1005, 'itemDiscount', 'menu', 1),
	(24, 1, 1001, 'kitchen', 'menu', 1),
	(25, 0, 1000, 'menu', 'menu', 1),
	(26, 1, 1002, 'tableChecker', 'menu', 1),
	(27, 1, 1003, 'info', 'menu', 1),
	(28, 0, 0, 'dailyOpen', 'general', 1),
	(29, 0, 0, 'dailyClose', 'general', 1),
	(30, 0, 0, 'adjustmentItem', 'items', 1),
	(31, 0, 0, 'printQueue', 'general', 1),
	(32, 0, 0, 'printing', 'setting', 1),
	(33, 0, 0, 'tableLogoutTime', 'setting', 1),
	(34, 0, 0, 'terminalKey', 'setting', 1),
	(35, 0, 0, 'transaction', 'transaction', 1),
	(36, 0, 0, 'cashBalance', 'cash', 1),
	(37, 0, 0, 'openCashDrawer', 'cash', 1),
	(38, 0, 0, 'openingBalance', 'cash', 1),
	(39, 0, 0, 'userLogs', 'general', 1),
	(40, 0, 0, 'deletePaid', 'payment', 1),
	(42, 0, 0, 'voidClosedPayment', 'transaction', 1),
	(43, 0, 0, 'rePrintBill', 'transaction', 1),
	(44, 1, 1015, 'menuNewTable', 'menu', 1),
	(45, 1, 1002, 'addToCart', 'menu', 1),
	(47, 1, 1008, 'splitBill', 'menu', 1),
	(48, 0, 0, 'rePrintKitchen', 'printQueue', 1);

-- Dumping structure for table pos_resto.outlet
CREATE TABLE IF NOT EXISTS `outlet` (
  `id` smallint(6) NOT NULL AUTO_INCREMENT,
  `posMode` varchar(50) NOT NULL DEFAULT '',
  `name` varchar(200) NOT NULL DEFAULT '',
  `priceNo` tinyint(4) NOT NULL DEFAULT 1,
  `printerId` tinyint(4) NOT NULL DEFAULT 1,
  `descs` varchar(200) NOT NULL DEFAULT '',
  `tel` varchar(200) NOT NULL DEFAULT '',
  `fax` varchar(200) NOT NULL DEFAULT '',
  `email` varchar(200) NOT NULL DEFAULT '',
  `company` varchar(200) NOT NULL DEFAULT '',
  `address` text NOT NULL DEFAULT '',
  `street` varchar(200) NOT NULL DEFAULT '',
  `city` varchar(200) NOT NULL DEFAULT '',
  `country` varchar(200) NOT NULL DEFAULT '',
  `greeting1` varchar(200) NOT NULL DEFAULT '',
  `greeting2` varchar(200) NOT NULL DEFAULT '',
  `greeting3` varchar(200) NOT NULL DEFAULT '',
  `greeting4` varchar(200) NOT NULL DEFAULT '',
  `greeting5` varchar(200) NOT NULL DEFAULT '',
  `panel` smallint(6) NOT NULL,
  `overDue` time NOT NULL DEFAULT '01:00:00',
  `sorting` tinyint(4) NOT NULL DEFAULT 9,
  `presence` tinyint(4) NOT NULL DEFAULT 1,
  `inputDate` datetime NOT NULL DEFAULT '2025-01-01 00:00:00',
  `inputBy` smallint(6) NOT NULL DEFAULT 1,
  `updateDate` datetime NOT NULL DEFAULT '2025-01-01 00:00:00',
  `updateBy` smallint(6) NOT NULL DEFAULT 1,
  PRIMARY KEY (`id`) USING BTREE
) ENGINE=InnoDB AUTO_INCREMENT=1006 DEFAULT CHARSET=utf8mb4 COLLATE=utf8mb4_general_ci ROW_FORMAT=DYNAMIC;

-- Dumping data for table pos_resto.outlet: ~4 rows (approximately)
INSERT INTO `outlet` (`id`, `posMode`, `name`, `priceNo`, `printerId`, `descs`, `tel`, `fax`, `email`, `company`, `address`, `street`, `city`, `country`, `greeting1`, `greeting2`, `greeting3`, `greeting4`, `greeting5`, `panel`, `overDue`, `sorting`, `presence`, `inputDate`, `inputBy`, `updateDate`, `updateBy`) VALUES
	(15, 'table', 'Restaurant', 1, 4, 'Restaurant', '08111110003', '', '', 'Company ABC', 'Quincy Market', 'Constitution Ave NW, Building Number: 1776', 'City Area', 'Indonesia', 'Thank You', '1', '2  ', '3    ', '4          ', 1, '02:00:00', 3, 1, '2025-01-01 00:00:00', 1, '2026-02-24 15:27:35', 1),
	(1001, 'cashier', 'Food Court', 2, 4, 'Food Court', '08111110003', '                    ', '', 'Company ABC', 'Quincy Market', 'Constitution Ave NW, Building Number: 1776', 'City Area', 'Indonesia', 'Thank You                     ', '                              ', '                              ', '                              ', '                              ', 2, '02:00:00', 1, 1, '2025-01-01 00:00:00', 1, '2026-02-24 15:27:35', 1),
	(1002, '', 'Sport Padel', 3, 4, 'Sport Padel', '08111110003', '                    ', '', 'Company ABC', 'Quincy Market', 'Constitution Ave NW, Building Number: 1776', 'City Area', 'Indonesia', 'Thank You                     ', '                              ', '                              ', '                              ', '                              ', 4, '04:00:00', 2, 1, '2025-01-01 00:00:00', 1, '2026-02-24 15:27:35', 1),
	(1004, '', 'Buffee', 4, 4, 'Buffee', '08111110003', '', '', 'Company ABC', 'Quincy Market', 'Constitution Ave NW, Building Number: 1776', 'City Area', 'Indonesia', 'Thank You                     ', 'null', 'null', 'null', 'null', 0, '03:00:00', 9, 1, '2025-05-07 15:48:32', 1, '2026-02-24 15:27:35', 1),
	(1005, '', 'Restaurant', 1, 4, 'Restaurant', '08111110003', '', '', 'Company ABC', 'Quincy Market', 'Constitution Ave NW, Building Number: 1776', 'City Area', 'Indonesia', 'Thank You', '1', '2  ', '3    ', '4          ', 0, '01:00:00', 9, 0, '2026-02-24 15:25:23', 1, '2026-02-24 15:27:35', 1);

-- Dumping structure for table pos_resto.outlet_discount
CREATE TABLE IF NOT EXISTS `outlet_discount` (
  `id` smallint(6) NOT NULL AUTO_INCREMENT,
  `outletId` int(11) NOT NULL DEFAULT 0,
  `discountId` smallint(6) NOT NULL DEFAULT 0,
  `sorting` tinyint(4) NOT NULL DEFAULT 1,
  `presence` tinyint(2) NOT NULL DEFAULT 1,
  `inputDate` datetime NOT NULL DEFAULT '2025-01-01 00:00:00',
  `inputBy` smallint(6) NOT NULL DEFAULT 1,
  `updateDate` datetime NOT NULL DEFAULT '2025-01-01 00:00:00',
  `updateBy` smallint(6) NOT NULL DEFAULT 1,
  PRIMARY KEY (`id`)
) ENGINE=InnoDB AUTO_INCREMENT=164 DEFAULT CHARSET=utf8mb4 COLLATE=utf8mb4_general_ci ROW_FORMAT=DYNAMIC;

-- Dumping data for table pos_resto.outlet_discount: ~4 rows (approximately)
INSERT INTO `outlet_discount` (`id`, `outletId`, `discountId`, `sorting`, `presence`, `inputDate`, `inputBy`, `updateDate`, `updateBy`) VALUES
	(160, 15, 2, 1, 1, '2025-08-19 13:03:09', 1, '2025-01-01 00:00:00', 1),
	(161, 1001, 2, 1, 1, '2025-08-19 13:03:09', 1, '2025-01-01 00:00:00', 1),
	(162, 1002, 2, 1, 1, '2025-08-19 13:03:09', 1, '2025-01-01 00:00:00', 1),
	(163, 1004, 2, 1, 1, '2025-08-19 13:03:09', 1, '2025-01-01 00:00:00', 1);

-- Dumping structure for table pos_resto.outlet_floor_plan
CREATE TABLE IF NOT EXISTS `outlet_floor_plan` (
  `id` int(11) NOT NULL AUTO_INCREMENT,
  `outletId` smallint(6) DEFAULT NULL,
  `desc1` varchar(200) DEFAULT NULL,
  `image` varchar(200) DEFAULT NULL,
  `sorting` tinyint(4) DEFAULT 99,
  `presence` tinyint(2) NOT NULL DEFAULT 1,
  `inputDate` datetime NOT NULL DEFAULT '2025-01-01 00:00:00',
  `inputBy` smallint(6) NOT NULL DEFAULT 1,
  `updateDate` datetime NOT NULL DEFAULT '2025-01-01 00:00:00',
  `updateBy` smallint(6) NOT NULL DEFAULT 1,
  PRIMARY KEY (`id`)
) ENGINE=InnoDB AUTO_INCREMENT=5445 DEFAULT CHARSET=utf8mb4 COLLATE=utf8mb4_general_ci ROW_FORMAT=DYNAMIC;

-- Dumping data for table pos_resto.outlet_floor_plan: ~11 rows (approximately)
INSERT INTO `outlet_floor_plan` (`id`, `outletId`, `desc1`, `image`, `sorting`, `presence`, `inputDate`, `inputBy`, `updateDate`, `updateBy`) VALUES
	(1, 1002, 'Outdoor', 'INDOOR-PADEL-1.jpg', 1, 1, '2025-01-01 00:00:00', 1, '2026-02-11 16:28:15', 1),
	(2, 15, '1st Floor', '2.png', 2, 1, '2025-01-01 00:00:00', 1, '2026-02-11 16:11:50', 1),
	(3, 15, '2nd Floor', '3.png', 3, 1, '2025-01-01 00:00:00', 1, '2026-02-11 16:11:50', 1),
	(4, 1001, 'Delivery', '4.png', 4, 1, '2025-01-01 00:00:00', 1, '2025-05-07 18:37:16', 1),
	(5438, 15, 'Foodcort', NULL, 99, 0, '2025-08-01 14:25:17', 1, '2025-08-01 14:30:17', 1),
	(5439, 1002, 'Indoor', 'INDOOR-PADEL-CLUB_2.jpg', 99, 1, '2025-08-04 14:55:20', 1, '2026-02-11 16:28:15', 1),
	(5440, 1002, 'TEST 3', NULL, 99, 0, '2025-08-04 15:03:29', 1, '2025-08-04 15:05:00', 1),
	(5441, 1002, 'Lapangan C', '2.png', 99, 0, '2025-08-04 15:05:50', 1, '2026-02-11 16:28:23', 1),
	(5442, 1004, 'no-smoke room', '4.png', 99, 1, '2026-02-11 16:13:06', 1, '2026-02-11 16:13:09', 1),
	(5443, 1004, 'no-smoke room', '4.png', 99, 0, '2026-02-24 15:20:42', 1, '2026-02-24 15:23:57', 1),
	(5444, 1004, 'no-smoke room', '4.png', 99, 0, '2026-02-24 15:28:39', 1, '2026-02-24 15:28:43', 1);

-- Dumping structure for table pos_resto.outlet_table_map
CREATE TABLE IF NOT EXISTS `outlet_table_map` (
  `id` int(11) NOT NULL AUTO_INCREMENT,
  `outletId` smallint(6) DEFAULT NULL,
  `outletFloorPlandId` smallint(6) DEFAULT 1,
  `tableName` varchar(200) DEFAULT NULL,
  `tableNameExt` varchar(200) DEFAULT NULL,
  `desc1` varchar(200) DEFAULT NULL,
  `desc2` varchar(200) DEFAULT NULL,
  `desc3` varchar(200) DEFAULT NULL,
  `class` tinyint(4) DEFAULT NULL,
  `seatcnt` tinyint(4) DEFAULT NULL,
  `posY` smallint(6) DEFAULT NULL,
  `posX` smallint(6) DEFAULT NULL,
  `width` smallint(6) DEFAULT NULL,
  `height` smallint(6) DEFAULT NULL,
  `capacity` tinyint(4) DEFAULT NULL,
  `shape` tinyint(4) DEFAULT NULL,
  `seatpos` tinyint(4) DEFAULT NULL,
  `seatarr` tinyint(4) DEFAULT NULL,
  `default` varchar(2) DEFAULT NULL,
  `consume` decimal(3,2) DEFAULT NULL,
  `icon` varchar(200) DEFAULT NULL,
  `presence` tinyint(2) NOT NULL DEFAULT 1,
  `inputDate` datetime NOT NULL DEFAULT '2025-01-01 00:00:00',
  `inputBy` smallint(6) NOT NULL DEFAULT 1,
  `updateDate` datetime NOT NULL DEFAULT '2025-01-01 00:00:00',
  `updateBy` smallint(6) NOT NULL DEFAULT 1,
  PRIMARY KEY (`id`)
) ENGINE=InnoDB AUTO_INCREMENT=177 DEFAULT CHARSET=utf8mb4 COLLATE=utf8mb4_general_ci ROW_FORMAT=DYNAMIC;

-- Dumping data for table pos_resto.outlet_table_map: ~104 rows (approximately)
INSERT INTO `outlet_table_map` (`id`, `outletId`, `outletFloorPlandId`, `tableName`, `tableNameExt`, `desc1`, `desc2`, `desc3`, `class`, `seatcnt`, `posY`, `posX`, `width`, `height`, `capacity`, `shape`, `seatpos`, `seatarr`, `default`, `consume`, `icon`, `presence`, `inputDate`, `inputBy`, `updateDate`, `updateBy`) VALUES
	(1, 15, 2, 'TA5', '   ', '                    ', '                    ', '                    ', 0, 0, 1, 639, 50, 50, 4, 2, 2, 0, '  ', 0.00, 'cover4.png', 1, '2025-01-01 00:00:00', 1, '2025-08-01 17:12:27', 1),
	(2, 15, 2, 'TA4', '   ', '                    ', '                    ', '                    ', 0, 0, 1, 489, 50, 50, 4, 2, 2, 0, '  ', 0.00, 'table4.png', 1, '2025-01-01 00:00:00', 1, '2025-08-01 17:12:02', 1),
	(3, 15, 2, 'TA3', '   ', '                    ', '                    ', '                    ', 0, 0, 1, 342, 50, 50, 4, 2, 2, 0, '  ', 0.00, 'table4.png', 1, '2025-01-01 00:00:00', 1, '2025-08-01 17:12:02', 1),
	(4, 15, 2, 'TA2', '   ', '                    ', '                    ', '                    ', 0, 0, 15, 203, 50, 50, 4, 2, 2, 0, '  ', 0.00, 'table4.png', 1, '2025-01-01 00:00:00', 1, '2025-08-01 17:12:02', 1),
	(5, 15, 2, 'OC5', '   ', '                    ', '                    ', '                    ', 0, 0, 175, 643, 50, 50, 4, 1, 2, 0, '  ', 0.00, 'table4.png', 1, '2025-01-01 00:00:00', 1, '2025-08-01 17:12:02', 1),
	(6, 15, 2, 'OC4', '   ', '                    ', '                    ', '                    ', 0, 0, 181, 478, 50, 50, 4, 1, 2, 0, '  ', 0.00, 'table4.png', 1, '2025-01-01 00:00:00', 1, '2025-08-01 17:12:02', 1),
	(7, 15, 2, 'OC3', '   ', '                    ', '                    ', '                    ', 0, 0, 183, 332, 50, 50, 4, 1, 2, 0, '  ', 0.00, 'table4.png', 1, '2025-01-01 00:00:00', 1, '2025-08-01 17:12:02', 1),
	(8, 15, 2, 'OC2', '   ', '                    ', '                    ', '                    ', 0, 0, 178, 198, 50, 50, 4, 1, 2, 0, '  ', 0.00, 'table4.png', 1, '2025-01-01 00:00:00', 1, '2025-08-01 17:12:02', 1),
	(9, 15, 2, '500', '   ', '                    ', '                    ', '                    ', 0, 0, 369, 644, 50, 50, 4, 0, 2, 0, '  ', 0.00, 'table4.png', 1, '2025-01-01 00:00:00', 1, '2025-08-01 17:12:02', 1),
	(10, 15, 2, '400', '   ', '                    ', '                    ', '                    ', 0, 0, 369, 488, 50, 50, 4, 0, 2, 0, '  ', 0.00, 'table4.png', 1, '2025-01-01 00:00:00', 1, '2025-08-01 17:12:02', 1),
	(11, 15, 2, '300', '   ', '                    ', '                    ', '                    ', 0, 0, 369, 343, 50, 50, 4, 0, 2, 0, '  ', 0.00, 'table4.png', 1, '2025-01-01 00:00:00', 1, '2025-08-01 17:12:02', 1),
	(12, 15, 2, '200', '   ', '                    ', '                    ', '                    ', 0, 0, 369, 197, 50, 50, 4, 0, 2, 0, '  ', 0.00, 'table4.png', 1, '2025-01-01 00:00:00', 1, '2025-08-01 17:12:02', 1),
	(13, 15, 2, '100', '   ', '                    ', '                    ', '                    ', 0, 0, 369, 37, 50, 50, 4, 0, 2, 0, '  ', 0.00, 'table4.png', 1, '2025-01-01 00:00:00', 1, '2025-08-01 17:12:02', 1),
	(14, 15, 2, 'OC1', '   ', '                    ', '                    ', '                    ', 0, 0, 177, 41, 50, 50, 4, 1, 2, 0, '  ', 0.00, 'table4.png', 1, '2025-01-01 00:00:00', 1, '2025-08-01 17:12:02', 1),
	(15, 15, 2, 'TA1', '   ', '                    ', '                    ', '                    ', 0, 0, 1, 41, 50, 50, 4, 2, 2, 0, '  ', 0.00, 'table4.png', 1, '2025-01-01 00:00:00', 1, '2025-08-01 17:12:02', 1),
	(16, 15, 3, '1', '   ', '                    ', '                    ', '                    ', 0, 0, 1, 22, 50, 50, 4, 0, 2, 0, '  ', 0.00, 'table4.png', 1, '2025-01-01 00:00:00', 1, '2025-01-01 00:00:00', 1),
	(17, 15, 3, '2', '   ', '                    ', '                    ', '                    ', 0, 0, 37, 22, 50, 50, 4, 0, 2, 0, '  ', 0.00, 'table4.png', 1, '2025-01-01 00:00:00', 1, '2025-01-01 00:00:00', 1),
	(18, 15, 3, '3', '   ', '                    ', '                    ', '                    ', 0, 0, 88, 22, 50, 50, 4, 0, 2, 0, '  ', 0.00, 'table4.png', 1, '2025-01-01 00:00:00', 1, '2025-01-01 00:00:00', 1),
	(19, 15, 3, '4', '   ', '                    ', '                    ', '                    ', 0, 0, 124, 23, 50, 50, 4, 0, 2, 0, '  ', 0.00, 'table4.png', 1, '2025-01-01 00:00:00', 1, '2025-01-01 00:00:00', 1),
	(20, 15, 3, '5', '   ', '                    ', '                    ', '                    ', 0, 0, 177, 22, 50, 50, 4, 0, 2, 0, '  ', 0.00, 'table4.png', 1, '2025-01-01 00:00:00', 1, '2025-01-01 00:00:00', 1),
	(21, 15, 3, '6', '   ', '                    ', '                    ', '                    ', 0, 0, 214, 22, 50, 50, 4, 0, 2, 0, '  ', 0.00, 'table4.png', 1, '2025-01-01 00:00:00', 1, '2025-01-01 00:00:00', 1),
	(22, 15, 3, '7', '   ', '                    ', '                    ', '                    ', 0, 0, 267, 22, 50, 50, 4, 0, 2, 0, '  ', 0.00, 'table4.png', 1, '2025-01-01 00:00:00', 1, '2025-01-01 00:00:00', 1),
	(23, 15, 3, '8', '   ', '                    ', '                    ', '                    ', 0, 0, 304, 22, 50, 50, 4, 0, 2, 0, '  ', 0.00, 'table4.png', 1, '2025-01-01 00:00:00', 1, '2025-01-01 00:00:00', 1),
	(24, 15, 3, '9', '   ', '                    ', '                    ', '                    ', 0, 0, 275, 315, 50, 50, 4, 0, 2, 0, '  ', 0.00, 'table4.png', 1, '2025-01-01 00:00:00', 1, '2025-01-01 00:00:00', 1),
	(25, 15, 3, '10', '   ', '                    ', '                    ', '                    ', 0, 0, 321, 315, 50, 50, 4, 0, 2, 0, '  ', 0.00, 'table4.png', 1, '2025-01-01 00:00:00', 1, '2025-01-01 00:00:00', 1),
	(26, 15, 3, '11', '   ', '                    ', '                    ', '                    ', 0, 0, 389, 65, 50, 50, 4, 0, 2, 0, '  ', 0.00, 'table4.png', 1, '2025-01-01 00:00:00', 1, '2025-01-01 00:00:00', 1),
	(27, 15, 3, '12', '   ', '                    ', '                    ', '                    ', 0, 0, 389, 101, 50, 50, 4, 0, 2, 0, '  ', 0.00, 'table4.png', 1, '2025-01-01 00:00:00', 1, '2025-01-01 00:00:00', 1),
	(28, 15, 3, '13', '   ', '                    ', '                    ', '                    ', 0, 0, 202, 192, 50, 50, 4, 0, 2, 0, '  ', 0.00, 'table4.png', 1, '2025-01-01 00:00:00', 1, '2025-01-01 00:00:00', 1),
	(29, 15, 3, '16', '   ', '                    ', '                    ', '                    ', 0, 0, 202, 310, 50, 50, 4, 0, 2, 0, '  ', 0.00, 'table4.png', 1, '2025-01-01 00:00:00', 1, '2025-01-01 00:00:00', 1),
	(30, 15, 3, '14', '   ', '                    ', '                    ', '                    ', 0, 0, 275, 197, 50, 50, 4, 0, 2, 0, '  ', 0.00, 'table4.png', 1, '2025-01-01 00:00:00', 1, '2025-01-01 00:00:00', 1),
	(31, 15, 3, '15', '   ', '                    ', '                    ', '                    ', 0, 0, 321, 197, 50, 50, 4, 0, 2, 0, '  ', 0.00, 'table4.png', 1, '2025-01-01 00:00:00', 1, '2025-01-01 00:00:00', 1),
	(32, 15, 3, '29', '   ', '                    ', '                    ', '                    ', 0, 0, 140, 429, 50, 50, 4, 0, 2, 0, '  ', 0.00, 'table4.png', 1, '2025-01-01 00:00:00', 1, '2025-01-01 00:00:00', 1),
	(33, 15, 3, '30', '   ', '                    ', '                    ', '                    ', 0, 0, 140, 393, 50, 50, 4, 0, 2, 0, '  ', 0.00, 'table4.png', 1, '2025-01-01 00:00:00', 1, '2025-01-01 00:00:00', 1),
	(34, 15, 3, '31', '   ', '                    ', '                    ', '                    ', 0, 0, 140, 343, 50, 50, 4, 0, 2, 0, '  ', 0.00, 'table4.png', 1, '2025-01-01 00:00:00', 1, '2025-01-01 00:00:00', 1),
	(35, 15, 3, '32', '   ', '                    ', '                    ', '                    ', 0, 0, 140, 307, 50, 50, 4, 0, 2, 0, '  ', 0.00, 'table4.png', 1, '2025-01-01 00:00:00', 1, '2025-01-01 00:00:00', 1),
	(36, 15, 3, '33', '   ', '                    ', '                    ', '                    ', 0, 0, 140, 258, 50, 50, 4, 0, 2, 0, '  ', 0.00, 'table4.png', 1, '2025-01-01 00:00:00', 1, '2025-01-01 00:00:00', 1),
	(37, 15, 3, '00034', '   ', '                    ', '                    ', '                    ', 0, 0, 140, 223, 50, 50, 4, 0, 2, 0, '  ', 0.00, 'table4.png', 1, '2025-01-01 00:00:00', 1, '2025-01-01 00:00:00', 1),
	(38, 15, 3, '00035', '   ', '                    ', '                    ', '                    ', 0, 0, 140, 176, 50, 50, 4, 0, 2, 0, '  ', 0.00, 'table4.png', 1, '2025-01-01 00:00:00', 1, '2025-01-01 00:00:00', 1),
	(39, 15, 3, '00036', '   ', '                    ', '                    ', '                    ', 0, 0, 140, 141, 50, 50, 4, 0, 2, 0, '  ', 0.00, 'table4.png', 1, '2025-01-01 00:00:00', 1, '2025-01-01 00:00:00', 1),
	(40, 15, 3, '00041', '   ', '                    ', '                    ', '                    ', 0, 0, 56, 339, 50, 50, 4, 0, 2, 0, '  ', 0.00, 'table4.png', 1, '2025-01-01 00:00:00', 1, '2025-01-01 00:00:00', 1),
	(41, 15, 3, '00042', '   ', '                    ', '                    ', '                    ', 0, 0, 10, 338, 50, 50, 4, 0, 2, 0, '  ', 0.00, 'table4.png', 1, '2025-01-01 00:00:00', 1, '2025-01-01 00:00:00', 1),
	(42, 15, 3, '00025', '   ', '                    ', '                    ', '                    ', 0, 0, 183, 684, 50, 50, 4, 0, 2, 0, '  ', 0.00, 'table4.png', 1, '2025-01-01 00:00:00', 1, '2025-01-01 00:00:00', 1),
	(43, 15, 3, '00026', '   ', '                    ', '                    ', '                    ', 0, 0, 183, 637, 50, 50, 4, 0, 2, 0, '  ', 0.00, 'table4.png', 1, '2025-01-01 00:00:00', 1, '2025-01-01 00:00:00', 1),
	(44, 15, 3, '00027', '   ', '                    ', '                    ', '                    ', 0, 0, 184, 555, 50, 50, 4, 0, 2, 0, '  ', 0.00, 'table4.png', 1, '2025-01-01 00:00:00', 1, '2025-01-01 00:00:00', 1),
	(45, 15, 3, '00028', '   ', '                    ', '                    ', '                    ', 0, 0, 184, 508, 50, 50, 4, 0, 2, 0, '  ', 0.00, 'table4.png', 1, '2025-01-01 00:00:00', 1, '2025-01-01 00:00:00', 1),
	(46, 15, 3, '00024', '   ', '                    ', '                    ', '                    ', 0, 0, 275, 507, 50, 50, 4, 0, 2, 0, '  ', 0.00, 'table4.png', 1, '2025-01-01 00:00:00', 1, '2025-01-01 00:00:00', 1),
	(47, 15, 3, '00023', '   ', '                    ', '                    ', '                    ', 0, 0, 275, 554, 50, 50, 4, 0, 2, 0, '  ', 0.00, 'table4.png', 1, '2025-01-01 00:00:00', 1, '2025-01-01 00:00:00', 1),
	(48, 15, 3, '00022', '   ', '                    ', '                    ', '                    ', 0, 0, 276, 636, 50, 50, 4, 0, 2, 0, '  ', 0.00, 'table4.png', 1, '2025-01-01 00:00:00', 1, '2025-01-01 00:00:00', 1),
	(49, 15, 3, '00021', '   ', '                    ', '                    ', '                    ', 0, 0, 276, 683, 50, 50, 4, 0, 2, 0, '  ', 0.00, 'table4.png', 1, '2025-01-01 00:00:00', 1, '2025-01-01 00:00:00', 1),
	(50, 15, 3, '00043', '   ', '                    ', '                    ', '                    ', 0, 0, 9, 256, 50, 50, 4, 0, 2, 0, '  ', 0.00, 'table4.png', 1, '2025-01-01 00:00:00', 1, '2025-01-01 00:00:00', 1),
	(51, 15, 3, '00009', '   ', '                    ', '                    ', '                    ', 0, 0, 349, 66, 50, 50, 4, 0, 2, 0, '  ', 0.00, 'table4.png', 1, '2025-01-01 00:00:00', 1, '2025-01-01 00:00:00', 1),
	(52, 15, 3, '00010', '   ', '                    ', '                    ', '                    ', 0, 0, 349, 102, 50, 50, 4, 0, 2, 0, '  ', 0.00, 'table4.png', 1, '2025-01-01 00:00:00', 1, '2025-01-01 00:00:00', 1),
	(53, 15, 3, '00044', '   ', '                    ', '                    ', '                    ', 0, 0, 56, 256, 50, 50, 4, 0, 2, 0, '  ', 0.00, 'table4.png', 1, '2025-01-01 00:00:00', 1, '2025-01-01 00:00:00', 1),
	(54, 15, 3, '00051', '   ', '                    ', '                    ', '                    ', 0, 0, 101, 537, 50, 50, 4, 0, 2, 0, '  ', 0.00, 'table4.png', 1, '2025-01-01 00:00:00', 1, '2025-01-01 00:00:00', 1),
	(55, 15, 3, '00052', '   ', '                    ', '                    ', '                    ', 0, 0, 36, 543, 50, 50, 4, 0, 2, 0, '  ', 0.00, 'table4.png', 1, '2025-01-01 00:00:00', 1, '2025-01-01 00:00:00', 1),
	(56, 15, 3, '00059', '   ', '                    ', '                    ', '                    ', 0, 0, 1, 693, 50, 50, 4, 0, 2, 0, '  ', 0.00, 'table4.png', 1, '2025-01-01 00:00:00', 1, '2025-01-01 00:00:00', 1),
	(57, 15, 3, '00058', '   ', '                    ', '                    ', '                    ', 0, 0, 37, 693, 50, 50, 4, 0, 2, 0, '  ', 0.00, 'table4.png', 1, '2025-01-01 00:00:00', 1, '2025-01-01 00:00:00', 1),
	(58, 15, 3, '00057', '   ', '                    ', '                    ', '                    ', 0, 0, 1, 644, 50, 50, 4, 0, 2, 0, '  ', 0.00, 'table4.png', 1, '2025-01-01 00:00:00', 1, '2025-01-01 00:00:00', 1),
	(59, 15, 3, '00055', '   ', '                    ', '                    ', '                    ', 0, 0, 1, 594, 50, 50, 4, 0, 2, 0, '  ', 0.00, 'table4.png', 1, '2025-01-01 00:00:00', 1, '2025-01-01 00:00:00', 1),
	(60, 15, 3, '00053', '   ', '                    ', '                    ', '                    ', 0, 0, 1, 543, 50, 50, 4, 0, 2, 0, '  ', 0.00, 'table4.png', 1, '2025-01-01 00:00:00', 1, '2025-01-01 00:00:00', 1),
	(61, 15, 3, '00056', '   ', '                    ', '                    ', '                    ', 0, 0, 37, 645, 50, 50, 4, 0, 2, 0, '  ', 0.00, 'table4.png', 1, '2025-01-01 00:00:00', 1, '2025-01-01 00:00:00', 1),
	(62, 15, 3, '00054', '   ', '                    ', '                    ', '                    ', 0, 0, 37, 594, 50, 50, 4, 0, 2, 0, '  ', 0.00, 'table4.png', 1, '2025-01-01 00:00:00', 1, '2025-01-01 00:00:00', 1),
	(63, 1001, 4, 'DEL01', '   ', '                    ', '                    ', '                    ', 0, 0, 1, 1, 50, 50, 4, 2, 2, 0, '  ', 0.00, 'table4.png', 1, '2025-01-01 00:00:00', 1, '2025-01-01 00:00:00', 1),
	(64, 1001, 4, 'DEL02', '   ', '                    ', '                    ', '                    ', 0, 0, 1, 76, 50, 50, 4, 2, 2, 0, '  ', 0.00, 'table4.png', 1, '2025-01-01 00:00:00', 1, '2025-01-01 00:00:00', 1),
	(65, 1001, 4, 'DEL03', '   ', '                    ', '                    ', '                    ', 0, 0, 1, 151, 50, 50, 4, 2, 2, 0, '  ', 0.00, 'table4.png', 1, '2025-01-01 00:00:00', 1, '2025-01-01 00:00:00', 1),
	(66, 1001, 4, 'DEL04', '   ', '                    ', '                    ', '                    ', 0, 0, 1, 226, 50, 50, 4, 2, 2, 0, '  ', 0.00, 'table4.png', 1, '2025-01-01 00:00:00', 1, '2025-01-01 00:00:00', 1),
	(67, 1001, 4, 'DEL05', '   ', '                    ', '                    ', '                    ', 0, 0, 1, 302, 50, 50, 4, 2, 2, 0, '  ', 0.00, 'table4.png', 1, '2025-01-01 00:00:00', 1, '2025-01-01 00:00:00', 1),
	(68, 1001, 4, 'DEL06', '   ', '                    ', '                    ', '                    ', 0, 0, 1, 377, 50, 50, 4, 2, 2, 0, '  ', 0.00, 'table4.png', 1, '2025-01-01 00:00:00', 1, '2025-01-01 00:00:00', 1),
	(69, 1001, 4, 'DEL07', '   ', '                    ', '                    ', '                    ', 0, 0, 1, 451, 50, 50, 4, 2, 2, 0, '  ', 0.00, 'table4.png', 1, '2025-01-01 00:00:00', 1, '2025-01-01 00:00:00', 1),
	(70, 1001, 4, 'DEL08', '   ', '                    ', '                    ', '                    ', 0, 0, 1, 526, 50, 50, 4, 2, 2, 0, '  ', 0.00, 'table4.png', 1, '2025-01-01 00:00:00', 1, '2025-01-01 00:00:00', 1),
	(71, 1001, 4, 'DEL09', '   ', '                    ', '                    ', '                    ', 0, 0, 1, 601, 50, 50, 4, 2, 2, 0, '  ', 0.00, 'table4.png', 1, '2025-01-01 00:00:00', 1, '2025-01-01 00:00:00', 1),
	(72, 1001, 4, 'DEL10', '   ', '                    ', '                    ', '                    ', 0, 0, 1, 675, 50, 50, 4, 2, 2, 0, '  ', 0.00, 'table4.png', 1, '2025-01-01 00:00:00', 1, '2025-01-01 00:00:00', 1),
	(83, 1001, 4, 'DEL11', '   ', '                    ', '                    ', '                    ', 0, 0, 80, 1, 50, 50, 4, 2, 2, 0, '  ', 0.00, 'table4.png', 1, '2025-01-01 00:00:00', 1, '2025-01-01 00:00:00', 1),
	(84, 1001, 4, 'DEL12', '   ', '                    ', '                    ', '                    ', 0, 0, 80, 76, 50, 50, 4, 2, 2, 0, '  ', 0.00, 'table4.png', 1, '2025-01-01 00:00:00', 1, '2025-01-01 00:00:00', 1),
	(85, 1001, 4, 'DEL13', '   ', '                    ', '                    ', '                    ', 0, 0, 80, 151, 50, 50, 4, 2, 2, 0, '  ', 0.00, 'table4.png', 1, '2025-01-01 00:00:00', 1, '2025-01-01 00:00:00', 1),
	(86, 1001, 4, 'DEL14', '   ', '                    ', '                    ', '                    ', 0, 0, 80, 226, 50, 50, 4, 2, 2, 0, '  ', 0.00, 'table4.png', 1, '2025-01-01 00:00:00', 1, '2025-01-01 00:00:00', 1),
	(87, 1001, 4, 'DEL15', '   ', '                    ', '                    ', '                    ', 0, 0, 80, 301, 50, 50, 4, 2, 2, 0, '  ', 0.00, 'table4.png', 1, '2025-01-01 00:00:00', 1, '2025-01-01 00:00:00', 1),
	(88, 1001, 4, 'DEL16', '   ', '                    ', '                    ', '                    ', 0, 0, 80, 377, 50, 50, 4, 2, 2, 0, '  ', 0.00, 'table4.png', 1, '2025-01-01 00:00:00', 1, '2025-01-01 00:00:00', 1),
	(89, 1001, 4, 'DEL17', '   ', '                    ', '                    ', '                    ', 0, 0, 80, 452, 50, 50, 4, 2, 2, 0, '  ', 0.00, 'table4.png', 1, '2025-01-01 00:00:00', 1, '2025-01-01 00:00:00', 1),
	(90, 1001, 4, 'DEL18', '   ', '                    ', '                    ', '                    ', 0, 0, 80, 527, 50, 50, 4, 2, 2, 0, '  ', 0.00, 'table4.png', 1, '2025-01-01 00:00:00', 1, '2025-01-01 00:00:00', 1),
	(91, 1001, 4, 'DEL19', '   ', '                    ', '                    ', '                    ', 0, 0, 80, 602, 50, 50, 4, 2, 2, 0, '  ', 0.00, 'table4.png', 1, '2025-01-01 00:00:00', 1, '2025-01-01 00:00:00', 1),
	(92, 1001, 4, 'DEL20', '   ', '                    ', '                    ', '                    ', 0, 0, 80, 677, 50, 50, 4, 2, 2, 0, '  ', 0.00, 'table4.png', 1, '2025-01-01 00:00:00', 1, '2025-01-01 00:00:00', 1),
	(93, 1001, 4, 'DEL21', '   ', '                    ', '                    ', '                    ', 0, 0, 158, 1, 50, 50, 4, 2, 2, 0, '  ', 0.00, 'table4.png', 1, '2025-01-01 00:00:00', 1, '2025-01-01 00:00:00', 1),
	(94, 1001, 4, 'DEL22', '   ', '                    ', '                    ', '                    ', 0, 0, 158, 75, 50, 50, 4, 2, 2, 0, '  ', 0.00, 'table4.png', 1, '2025-01-01 00:00:00', 1, '2025-01-01 00:00:00', 1),
	(95, 1001, 4, 'DEL23', '   ', '                    ', '                    ', '                    ', 0, 0, 158, 150, 50, 50, 4, 2, 2, 0, '  ', 0.00, 'table4.png', 1, '2025-01-01 00:00:00', 1, '2025-01-01 00:00:00', 1),
	(96, 1001, 4, 'DEL24', '   ', '                    ', '                    ', '                    ', 0, 0, 158, 226, 50, 50, 4, 2, 2, 0, '  ', 0.00, 'table4.png', 1, '2025-01-01 00:00:00', 1, '2025-01-01 00:00:00', 1),
	(97, 1001, 4, 'DEL25', '   ', '                    ', '                    ', '                    ', 0, 0, 158, 301, 50, 50, 4, 2, 2, 0, '  ', 0.00, 'table4.png', 1, '2025-01-01 00:00:00', 1, '2025-01-01 00:00:00', 1),
	(98, 1001, 4, 'DEL26', '   ', '                    ', '                    ', '                    ', 0, 0, 158, 376, 50, 50, 4, 2, 2, 0, '  ', 0.00, 'table4.png', 1, '2025-01-01 00:00:00', 1, '2025-01-01 00:00:00', 1),
	(99, 1001, 4, 'DEL27', '   ', '                    ', '                    ', '                    ', 0, 0, 158, 451, 50, 50, 4, 2, 2, 0, '  ', 0.00, 'table4.png', 1, '2025-01-01 00:00:00', 1, '2025-01-01 00:00:00', 1),
	(100, 1001, 4, 'DEL28', '   ', '                    ', '                    ', '                    ', 0, 0, 158, 526, 50, 50, 4, 2, 2, 0, '  ', 0.00, 'table4.png', 1, '2025-01-01 00:00:00', 1, '2025-01-01 00:00:00', 1),
	(153, NULL, 5439, 'Padel Count 1', NULL, NULL, NULL, NULL, NULL, NULL, 55, 34, 80, 150, 4, NULL, NULL, NULL, NULL, NULL, 'INDOOR-PADEL-CLUB_2-removebg-preview.png', 1, '2026-02-11 17:43:51', 1, '2026-02-11 18:51:59', 1),
	(154, NULL, 5439, 'Padel Count 2', NULL, NULL, NULL, NULL, NULL, NULL, 55, 150, 80, 150, 4, NULL, NULL, NULL, NULL, NULL, 'INDOOR-PADEL-CLUB_2-removebg-preview.png', 1, '2026-02-11 17:43:51', 1, '2026-02-11 18:51:59', 1),
	(155, NULL, 5439, 'Padel Count 3', NULL, NULL, NULL, NULL, NULL, NULL, 53, 268, 80, 150, 4, NULL, NULL, NULL, NULL, NULL, 'INDOOR-PADEL-CLUB_2-removebg-preview.png', 1, '2026-02-11 17:43:51', 1, '2026-02-11 18:51:59', 1),
	(156, NULL, 5439, 'Padel Count 4', NULL, NULL, NULL, NULL, NULL, NULL, 57, 387, 80, 150, 4, NULL, NULL, NULL, NULL, NULL, 'INDOOR-PADEL-CLUB_2-removebg-preview.png', 1, '2026-02-11 17:43:51', 1, '2026-02-11 18:51:59', 1),
	(157, NULL, 5439, 'Padel Count 5', NULL, NULL, NULL, NULL, NULL, NULL, 58, 495, 80, 150, 4, NULL, NULL, NULL, NULL, NULL, 'INDOOR-PADEL-CLUB_2-removebg-preview.png', 1, '2026-02-11 17:44:47', 1, '2026-02-11 18:51:59', 1),
	(161, NULL, 5442, 'meja 4 orang 1', NULL, NULL, NULL, NULL, NULL, NULL, 28, 29, 50, 50, 1, NULL, NULL, NULL, NULL, NULL, 'table4.png', 0, '2026-02-24 16:15:15', 1, '2026-02-24 16:32:23', 1),
	(162, NULL, 5442, 'meja 4 orang 2', NULL, NULL, NULL, NULL, NULL, NULL, 32, 107, 50, 50, 1, NULL, NULL, NULL, NULL, NULL, 'table4.png', 0, '2026-02-24 16:15:15', 1, '2026-02-24 16:32:23', 1),
	(169, 1004, 5442, 'meja 4 orang 1', NULL, NULL, NULL, NULL, NULL, NULL, 114, 56, 50, 50, 1, NULL, NULL, NULL, NULL, NULL, 'table4.png', 0, '2026-02-24 16:23:06', 1, '2026-02-24 16:32:23', 1),
	(170, 1004, 5442, 'meja 4 orang 2', NULL, NULL, NULL, NULL, NULL, NULL, 54, 210, 50, 50, 1, NULL, NULL, NULL, NULL, NULL, 'table4.png', 0, '2026-02-24 16:23:06', 1, '2026-02-24 16:32:31', 1),
	(171, 1004, 5442, 'meja 4 orang 1', NULL, NULL, NULL, NULL, NULL, NULL, 130, 219, 50, 50, 1, NULL, NULL, NULL, NULL, NULL, 'table4.png', 0, '2026-02-24 16:24:03', 1, '2026-02-24 16:32:31', 1),
	(172, 1004, 5442, 'meja 4 orang 2', NULL, NULL, NULL, NULL, NULL, NULL, 198, 282, 50, 50, 1, NULL, NULL, NULL, NULL, NULL, 'table4.png', 0, '2026-02-24 16:24:03', 1, '2026-02-24 16:32:35', 1),
	(173, 1004, 5442, 'meja 4 orang 1', NULL, NULL, NULL, NULL, NULL, NULL, 198, 99, 50, 50, 1, NULL, NULL, NULL, NULL, NULL, 'table4.png', 0, '2026-02-24 16:24:15', 1, '2026-02-24 16:32:35', 1),
	(174, 1004, 5442, 'meja 4 orang 2', NULL, NULL, NULL, NULL, NULL, NULL, 62, 342, 50, 50, 1, NULL, NULL, NULL, NULL, NULL, 'table4.png', 0, '2026-02-24 16:24:15', 1, '2026-02-24 16:32:35', 1),
	(175, 1004, 5442, 'meja 4 orang 1', NULL, NULL, NULL, NULL, NULL, NULL, 128, 129, 50, 50, 1, NULL, NULL, NULL, NULL, NULL, 'table4.png', 1, '2026-02-24 16:24:35', 1, '2025-01-01 00:00:00', 1),
	(176, 1004, 5442, 'meja 4 orang 2', NULL, NULL, NULL, NULL, NULL, NULL, 132, 207, 50, 50, 1, NULL, NULL, NULL, NULL, NULL, 'table4.png', 1, '2026-02-24 16:24:35', 1, '2025-01-01 00:00:00', 1);

-- Dumping structure for table pos_resto.outlet_table_map_status
CREATE TABLE IF NOT EXISTS `outlet_table_map_status` (
  `id` tinyint(4) NOT NULL AUTO_INCREMENT,
  `name` varchar(50) NOT NULL DEFAULT '',
  `color` varchar(50) NOT NULL DEFAULT '',
  `bgn` varchar(100) NOT NULL DEFAULT '',
  `showOnUser` tinyint(4) NOT NULL DEFAULT 0,
  PRIMARY KEY (`id`)
) ENGINE=InnoDB AUTO_INCREMENT=43 DEFAULT CHARSET=utf16 COLLATE=utf16_bin;

-- Dumping data for table pos_resto.outlet_table_map_status: ~8 rows (approximately)
INSERT INTO `outlet_table_map_status` (`id`, `name`, `color`, `bgn`, `showOnUser`) VALUES
	(1, 'Avaliable', 'text-avaliable', 'bg-avaliable', 1),
	(10, 'Filled', 'text-filled', 'bg-filled', 1),
	(12, 'SendOrder', 'text-sendOrder', 'bg-sendOrder', 1),
	(13, 'Bill', 'text-bill', 'bg-bill', 1),
	(18, 'Payment', 'text-payment', 'bg-payment', 1),
	(20, 'Paid', 'text-paid', 'bg-paid', 0),
	(30, 'Overdue', 'text-overdue', 'bg-overdue', 1),
	(40, 'Void for Merger', '', '', 0),
	(41, 'Void Transaction', '', '', 0),
	(42, 'Exit without order', '', '', 0);

-- Dumping structure for table pos_resto.pantry_message
CREATE TABLE IF NOT EXISTS `pantry_message` (
  `id` mediumint(9) NOT NULL AUTO_INCREMENT,
  `desc1` varchar(200) DEFAULT NULL,
  `desc2` varchar(200) DEFAULT NULL,
  `desc3` varchar(200) DEFAULT NULL,
  `seq` smallint(6) DEFAULT NULL,
  `presence` tinyint(2) NOT NULL DEFAULT 1,
  `inputDate` datetime NOT NULL DEFAULT '2025-01-01 00:00:00',
  `inputBy` smallint(6) NOT NULL DEFAULT 1,
  `updateDate` datetime NOT NULL DEFAULT '2025-01-01 00:00:00',
  `updateBy` smallint(6) NOT NULL DEFAULT 1,
  PRIMARY KEY (`id`) USING BTREE
) ENGINE=InnoDB AUTO_INCREMENT=12 DEFAULT CHARSET=utf8mb4 COLLATE=utf8mb4_general_ci ROW_FORMAT=DYNAMIC;

-- Dumping data for table pos_resto.pantry_message: ~11 rows (approximately)
INSERT INTO `pantry_message` (`id`, `desc1`, `desc2`, `desc3`, `seq`, `presence`, `inputDate`, `inputBy`, `updateDate`, `updateBy`) VALUES
	(1, 'Immediate ', 'Immediate           ', 'Immediate           ', 1, 1, '2025-01-01 00:00:00', 1, '2025-04-30 12:50:51', 1),
	(2, 'Suspended ', 'Suspended           ', 'Suspended           ', 2, 1, '2025-01-01 00:00:00', 1, '2025-04-30 12:50:51', 1),
	(3, 'Wait For Callup ', 'Wait For Callup     ', 'Wait For Callup     ', 3, 1, '2025-01-01 00:00:00', 1, '2025-04-30 12:50:51', 1),
	(4, 'Take Away ', 'Take Away           ', 'Take Away           ', 4, 1, '2025-01-01 00:00:00', 1, '2025-04-30 12:50:51', 1),
	(5, 'BE QUICK ', 'BE QUICK            ', 'BE QUICK            ', 5, 1, '2025-01-01 00:00:00', 1, '2025-04-30 12:50:51', 1),
	(6, 'Come Together ', 'Come Together       ', 'Come Together       ', 6, 1, '2025-01-01 00:00:00', 1, '2025-04-30 12:50:51', 1),
	(7, 'Prepare ', 'Prepare             ', 'Prepare             ', 7, 1, '2025-01-01 00:00:00', 1, '2025-04-30 12:50:51', 1),
	(8, 'Add Later ', 'Add Later           ', 'Add Later           ', 8, 1, '2025-01-01 00:00:00', 1, '2025-04-30 12:50:51', 1),
	(9, 'Rice Come First ', 'Rice Come First     ', 'Rice Come First     ', 9, 1, '2025-01-01 00:00:00', 1, '2025-04-30 12:50:51', 1),
	(10, 'Noodle First ', 'Noodle First        ', 'Noodle First        ', 10, 1, '2025-01-01 00:00:00', 1, '2025-04-30 12:50:51', 1),
	(11, 'test334', NULL, NULL, 24, 0, '2025-04-30 12:50:46', 1, '2025-04-30 12:50:56', 1);

-- Dumping structure for table pos_resto.period
CREATE TABLE IF NOT EXISTS `period` (
  `id` int(11) NOT NULL AUTO_INCREMENT,
  `name` varchar(250) NOT NULL DEFAULT '',
  `startTime` time NOT NULL DEFAULT '00:00:00',
  `endTime` time NOT NULL DEFAULT '00:00:00',
  `presence` tinyint(2) NOT NULL DEFAULT 1,
  `inputDate` datetime NOT NULL DEFAULT '2025-01-01 00:00:00',
  `inputBy` smallint(6) NOT NULL DEFAULT 1,
  `updateDate` datetime NOT NULL DEFAULT '2025-01-01 00:00:00',
  `updateBy` smallint(6) NOT NULL DEFAULT 1,
  PRIMARY KEY (`id`) USING BTREE
) ENGINE=InnoDB AUTO_INCREMENT=53 DEFAULT CHARSET=utf8mb4 COLLATE=utf8mb4_general_ci;

-- Dumping data for table pos_resto.period: ~2 rows (approximately)
INSERT INTO `period` (`id`, `name`, `startTime`, `endTime`, `presence`, `inputDate`, `inputBy`, `updateDate`, `updateBy`) VALUES
	(50, 'Breakfast', '05:00:00', '10:59:00', 1, '2025-01-01 00:00:00', 1, '2025-01-01 00:00:00', 1),
	(51, 'Lunch', '11:00:00', '16:59:00', 1, '2025-01-01 00:00:00', 1, '2025-01-01 00:00:00', 1),
	(52, 'Dinner', '17:00:00', '04:59:00', 1, '2025-01-01 00:00:00', 1, '2025-01-01 00:00:00', 1);

-- Dumping structure for table pos_resto.printer
CREATE TABLE IF NOT EXISTS `printer` (
  `id` int(11) NOT NULL AUTO_INCREMENT,
  `printerGroupId` smallint(6) NOT NULL DEFAULT 0,
  `printerTypeCon` varchar(50) NOT NULL DEFAULT 'ip',
  `name` varchar(50) NOT NULL DEFAULT '',
  `ipAddress` varchar(50) NOT NULL DEFAULT '',
  `port` varchar(50) NOT NULL DEFAULT '',
  `printerId2` tinyint(4) NOT NULL DEFAULT 0,
  `presence` tinyint(2) NOT NULL DEFAULT 1,
  `inputDate` datetime NOT NULL DEFAULT '2025-01-01 00:00:00',
  `inputBy` smallint(6) NOT NULL DEFAULT 1,
  `updateDate` datetime NOT NULL DEFAULT '2025-01-01 00:00:00',
  `updateBy` smallint(6) NOT NULL DEFAULT 1,
  PRIMARY KEY (`id`) USING BTREE
) ENGINE=InnoDB AUTO_INCREMENT=19 DEFAULT CHARSET=utf8mb4 COLLATE=utf8mb4_general_ci;

-- Dumping data for table pos_resto.printer: ~8 rows (approximately)
INSERT INTO `printer` (`id`, `printerGroupId`, `printerTypeCon`, `name`, `ipAddress`, `port`, `printerId2`, `presence`, `inputDate`, `inputBy`, `updateDate`, `updateBy`) VALUES
	(1, 8, 'ip', 'Dapur', '192.168.1.238', '9100', 3, 1, '2025-05-09 18:09:20', 1, '2026-02-19 13:23:16', 1),
	(2, 9, 'ip', 'Bar', '192.168.1.238', '9100', 14, 1, '2025-05-09 18:09:23', 1, '2026-02-19 13:23:16', 1),
	(3, 10, 'ip', 'Office 1', '192.168.1.238', '9100', 14, 1, '2025-05-09 18:09:50', 1, '2026-02-19 13:23:16', 1),
	(4, 0, 'ip', 'Kasir', '192.168.1.238', '9100', 14, 1, '2025-07-11 15:09:46', 1, '2026-02-19 13:23:16', 1),
	(5, 0, 'ip', 'Office 2', '192.168.1.238', '9100', 14, 1, '2025-07-11 15:10:06', 1, '2026-02-19 13:23:16', 1),
	(15, 8, 'ip', 'dimsum', '10.51.122.20', '9100', 1, 1, '2026-02-10 12:20:25', 1, '2026-02-19 13:23:16', 1),
	(16, 0, 'ip', 'Kasir', '192.168.1.238', '9100', 14, 0, '2026-02-23 14:50:38', 1, '2026-02-23 14:50:43', 1),
	(17, 0, 'ip', 'Office 2', '192.168.1.238', '9100', 14, 0, '2026-02-23 14:50:38', 1, '2026-02-23 14:50:43', 1),
	(18, 8, 'ip', 'dimsum', '10.51.122.20', '9100', 1, 0, '2026-02-23 14:50:38', 1, '2026-02-23 14:50:43', 1);

-- Dumping structure for table pos_resto.printer_group
CREATE TABLE IF NOT EXISTS `printer_group` (
  `id` int(11) NOT NULL AUTO_INCREMENT,
  `name` varchar(200) NOT NULL DEFAULT '',
  `presence` tinyint(2) NOT NULL DEFAULT 1,
  `inputDate` datetime NOT NULL DEFAULT '2025-01-01 00:00:00',
  `inputBy` smallint(6) NOT NULL DEFAULT 1,
  `updateDate` datetime NOT NULL DEFAULT '2025-01-01 00:00:00',
  `updateBy` smallint(6) NOT NULL DEFAULT 1,
  PRIMARY KEY (`id`) USING BTREE
) ENGINE=InnoDB AUTO_INCREMENT=12 DEFAULT CHARSET=utf8mb4 COLLATE=utf8mb4_general_ci;

-- Dumping data for table pos_resto.printer_group: ~2 rows (approximately)
INSERT INTO `printer_group` (`id`, `name`, `presence`, `inputDate`, `inputBy`, `updateDate`, `updateBy`) VALUES
	(8, 'Kitchen + Dimsum', 1, '2025-08-12 13:24:16', 1, '2026-02-10 12:23:37', 1),
	(9, 'Bar', 1, '2025-08-12 13:24:20', 1, '2026-02-10 12:23:37', 1);

-- Dumping structure for table pos_resto.print_queue
CREATE TABLE IF NOT EXISTS `print_queue` (
  `id` int(11) NOT NULL AUTO_INCREMENT,
  `dailyCheckId` varchar(50) NOT NULL DEFAULT '',
  `cartId` varchar(50) NOT NULL DEFAULT '',
  `cartItemId` int(11) NOT NULL DEFAULT 0,
  `menuId` int(11) NOT NULL DEFAULT 0,
  `rushPrinting` tinyint(4) NOT NULL DEFAULT 0,
  `so` varchar(50) NOT NULL DEFAULT '',
  `message` longtext CHARACTER SET utf8mb4 COLLATE utf8mb4_bin NOT NULL DEFAULT '',
  `printerId` smallint(6) NOT NULL DEFAULT 0,
  `printerId2` smallint(6) NOT NULL DEFAULT 0,
  `consoleError` varchar(200) NOT NULL DEFAULT '',
  `status` tinyint(4) NOT NULL DEFAULT 0,
  `status2` tinyint(4) NOT NULL DEFAULT 0,
  `presence` tinyint(4) NOT NULL DEFAULT 1,
  `inputDate` datetime NOT NULL DEFAULT current_timestamp(),
  `inputBy` int(11) DEFAULT NULL,
  `updateDate` datetime NOT NULL DEFAULT current_timestamp() ON UPDATE current_timestamp(),
  `updateBy` int(11) DEFAULT NULL,
  PRIMARY KEY (`id`)
) ENGINE=InnoDB AUTO_INCREMENT=55 DEFAULT CHARSET=utf16 COLLATE=utf16_bin;

-- Dumping data for table pos_resto.print_queue: ~46 rows (approximately)
INSERT INTO `print_queue` (`id`, `dailyCheckId`, `cartId`, `cartItemId`, `menuId`, `rushPrinting`, `so`, `message`, `printerId`, `printerId2`, `consoleError`, `status`, `status2`, `presence`, `inputDate`, `inputBy`, `updateDate`, `updateBy`) VALUES
	(1, '000109', '260211000677', 6, 199, 0, 'SO001321', '{"tableName":"Padel Count 2","dateTime":"2026-02-11 18:17:22","cartId":"260211000677","sendOrder":"SO001321","menuId":199,"cartItemId":6,"qty":1,"descs":"Kentang Goreng","modifier":"","printerId":4,"printerId2":14,"printerName":"Kasir","ipAddress":"192.168.1.238","port":"9100","cover":4}', 4, 14, '', 0, 0, 1, '2026-02-11 18:17:22', 76, '2026-02-11 18:17:22', 76),
	(2, '000109', '260211000677', 6, 199, 0, 'SO001321', '{"tableName":"Padel Count 2","dateTime":"2026-02-11 18:17:22","cartId":"260211000677","sendOrder":"SO001321","menuId":199,"cartItemId":6,"qty":1,"descs":"Kentang Goreng","modifier":"","printerId":5,"printerId2":14,"printerName":"Office 2","ipAddress":"192.168.1.238","port":"9100","cover":4}', 5, 14, '', 0, 0, 1, '2026-02-11 18:17:22', 76, '2026-02-11 18:17:22', 76),
	(3, '000109', '260211000677', 7, 194, 0, 'SO001322', '{"tableName":"Padel Count 2","dateTime":"2026-02-11 18:28:16","cartId":"260211000677","sendOrder":"SO001322","menuId":194,"cartItemId":7,"qty":1,"descs":"Tahu Goreng","modifier":"","printerId":4,"printerId2":14,"printerName":"Kasir","ipAddress":"192.168.1.238","port":"9100","cover":4}', 4, 14, '', 0, 0, 1, '2026-02-11 18:28:16', 76, '2026-02-11 18:28:16', 76),
	(4, '000109', '260211000677', 7, 194, 0, 'SO001322', '{"tableName":"Padel Count 2","dateTime":"2026-02-11 18:28:16","cartId":"260211000677","sendOrder":"SO001322","menuId":194,"cartItemId":7,"qty":1,"descs":"Tahu Goreng","modifier":"","printerId":5,"printerId2":14,"printerName":"Office 2","ipAddress":"192.168.1.238","port":"9100","cover":4}', 5, 14, '', 0, 0, 1, '2026-02-11 18:28:16', 76, '2026-02-11 18:28:16', 76),
	(5, '000109', '260211000677', 8, 195, 0, 'SO001322', '{"tableName":"Padel Count 2","dateTime":"2026-02-11 18:28:16","cartId":"260211000677","sendOrder":"SO001322","menuId":195,"cartItemId":8,"qty":1,"descs":"Tempe Goreng","modifier":"","printerId":4,"printerId2":14,"printerName":"Kasir","ipAddress":"192.168.1.238","port":"9100","cover":4}', 4, 14, '', 0, 0, 1, '2026-02-11 18:28:16', 76, '2026-02-11 18:28:16', 76),
	(6, '000109', '260211000677', 8, 195, 0, 'SO001322', '{"tableName":"Padel Count 2","dateTime":"2026-02-11 18:28:16","cartId":"260211000677","sendOrder":"SO001322","menuId":195,"cartItemId":8,"qty":1,"descs":"Tempe Goreng","modifier":"","printerId":5,"printerId2":14,"printerName":"Office 2","ipAddress":"192.168.1.238","port":"9100","cover":4}', 5, 14, '', 0, 0, 1, '2026-02-11 18:28:16', 76, '2026-02-11 18:28:16', 76),
	(7, '000109', '260211000677', 9, 196, 0, 'SO001322', '{"tableName":"Padel Count 2","dateTime":"2026-02-11 18:28:16","cartId":"260211000677","sendOrder":"SO001322","menuId":196,"cartItemId":9,"qty":1,"descs":"Tahu Isi","modifier":"","printerId":4,"printerId2":14,"printerName":"Kasir","ipAddress":"192.168.1.238","port":"9100","cover":4}', 4, 14, '', 0, 0, 1, '2026-02-11 18:28:16', 76, '2026-02-11 18:28:16', 76),
	(8, '000109', '260211000677', 9, 196, 0, 'SO001322', '{"tableName":"Padel Count 2","dateTime":"2026-02-11 18:28:16","cartId":"260211000677","sendOrder":"SO001322","menuId":196,"cartItemId":9,"qty":1,"descs":"Tahu Isi","modifier":"","printerId":5,"printerId2":14,"printerName":"Office 2","ipAddress":"192.168.1.238","port":"9100","cover":4}', 5, 14, '', 0, 0, 1, '2026-02-11 18:28:16', 76, '2026-02-11 18:28:16', 76),
	(9, '000109', '260211000677', 10, 194, 0, 'SO001325', '{"tableName":"Padel Count 2","dateTime":"2026-02-11 18:56:46","cartId":"260211000677","sendOrder":"SO001325","menuId":194,"cartItemId":10,"qty":1,"descs":"Tahu Goreng","modifier":"","printerId":4,"printerId2":14,"printerName":"Kasir","ipAddress":"192.168.1.238","port":"9100","cover":4}', 4, 14, '', 0, 0, 1, '2026-02-11 18:56:46', 76, '2026-02-11 18:56:46', 76),
	(10, '000109', '260211000677', 10, 194, 0, 'SO001325', '{"tableName":"Padel Count 2","dateTime":"2026-02-11 18:56:46","cartId":"260211000677","sendOrder":"SO001325","menuId":194,"cartItemId":10,"qty":1,"descs":"Tahu Goreng","modifier":"","printerId":5,"printerId2":14,"printerName":"Office 2","ipAddress":"192.168.1.238","port":"9100","cover":4}', 5, 14, '', 0, 0, 1, '2026-02-11 18:56:46', 76, '2026-02-11 18:56:46', 76),
	(11, '000109', '260211000677', 11, 195, 0, 'SO001326', '{"tableName":"Padel Count 2","dateTime":"2026-02-11 19:15:03","cartId":"260211000677","sendOrder":"SO001326","menuId":195,"cartItemId":11,"qty":1,"descs":"Tempe Goreng","modifier":"","printerId":4,"printerId2":14,"printerName":"Kasir","ipAddress":"192.168.1.238","port":"9100","cover":4}', 4, 14, '', 0, 0, 1, '2026-02-11 19:15:03', 76, '2026-02-11 19:15:03', 76),
	(12, '000109', '260211000677', 11, 195, 0, 'SO001326', '{"tableName":"Padel Count 2","dateTime":"2026-02-11 19:15:03","cartId":"260211000677","sendOrder":"SO001326","menuId":195,"cartItemId":11,"qty":1,"descs":"Tempe Goreng","modifier":"","printerId":5,"printerId2":14,"printerName":"Office 2","ipAddress":"192.168.1.238","port":"9100","cover":4}', 5, 14, '', 0, 0, 1, '2026-02-11 19:15:03', 76, '2026-02-11 19:15:03', 76),
	(13, '000109', '260211000677', 12, 199, 0, 'SO001327', '{"tableName":"Padel Count 2","dateTime":"2026-02-11 19:15:27","cartId":"260211000677","sendOrder":"SO001327","menuId":199,"cartItemId":12,"qty":1,"descs":"Kentang Goreng","modifier":"","printerId":4,"printerId2":14,"printerName":"Kasir","ipAddress":"192.168.1.238","port":"9100","cover":4}', 4, 14, '', 0, 0, 1, '2026-02-11 19:15:27', 76, '2026-02-11 19:15:27', 76),
	(14, '000109', '260211000677', 12, 199, 0, 'SO001327', '{"tableName":"Padel Count 2","dateTime":"2026-02-11 19:15:27","cartId":"260211000677","sendOrder":"SO001327","menuId":199,"cartItemId":12,"qty":1,"descs":"Kentang Goreng","modifier":"","printerId":5,"printerId2":14,"printerName":"Office 2","ipAddress":"192.168.1.238","port":"9100","cover":4}', 5, 14, '', 0, 0, 1, '2026-02-11 19:15:27', 76, '2026-02-11 19:15:27', 76),
	(15, '000110', '260212000678', 13, 199, 0, 'SO001330', '{"tableName":"Padel Count 6","dateTime":"2026-02-12 15:08:08","cartId":"260212000678","sendOrder":"SO001330","menuId":199,"cartItemId":13,"qty":1,"descs":"Kentang Goreng","modifier":"","printerId":4,"printerId2":14,"printerName":"Kasir","ipAddress":"192.168.1.238","port":"9100","cover":4}', 4, 14, '', 0, 0, 1, '2026-02-12 15:08:08', 76, '2026-02-12 15:08:08', 76),
	(16, '000110', '260212000678', 13, 199, 0, 'SO001330', '{"tableName":"Padel Count 6","dateTime":"2026-02-12 15:08:08","cartId":"260212000678","sendOrder":"SO001330","menuId":199,"cartItemId":13,"qty":1,"descs":"Kentang Goreng","modifier":"","printerId":5,"printerId2":14,"printerName":"Office 2","ipAddress":"192.168.1.238","port":"9100","cover":4}', 5, 14, '', 0, 0, 1, '2026-02-12 15:08:08', 76, '2026-02-12 15:08:08', 76),
	(17, '000110', '260212000679', 14, 169, 0, 'SO001331', '{"tableName":"Padel Count 7","dateTime":"2026-02-12 15:08:53","cartId":"260212000679","sendOrder":"SO001331","menuId":169,"cartItemId":14,"qty":1,"descs":"Nasi Goreng Special","modifier":"","printerId":4,"printerId2":14,"printerName":"Kasir","ipAddress":"192.168.1.238","port":"9100","cover":4}', 4, 14, '', 0, 0, 1, '2026-02-12 15:08:53', 76, '2026-02-12 15:08:53', 76),
	(18, '000110', '260212000679', 14, 169, 0, 'SO001331', '{"tableName":"Padel Count 7","dateTime":"2026-02-12 15:08:53","cartId":"260212000679","sendOrder":"SO001331","menuId":169,"cartItemId":14,"qty":1,"descs":"Nasi Goreng Special","modifier":"","printerId":5,"printerId2":14,"printerName":"Office 2","ipAddress":"192.168.1.238","port":"9100","cover":4}', 5, 14, '', 0, 0, 1, '2026-02-12 15:08:53', 76, '2026-02-12 15:08:53', 76),
	(19, '000110', '260212000679', 15, 170, 0, 'SO001331', '{"tableName":"Padel Count 7","dateTime":"2026-02-12 15:08:53","cartId":"260212000679","sendOrder":"SO001331","menuId":170,"cartItemId":15,"qty":1,"descs":"Nasi Goreng Seafood","modifier":"","printerId":4,"printerId2":14,"printerName":"Kasir","ipAddress":"192.168.1.238","port":"9100","cover":4}', 4, 14, '', 0, 0, 1, '2026-02-12 15:08:53', 76, '2026-02-12 15:08:53', 76),
	(20, '000110', '260212000679', 15, 170, 0, 'SO001331', '{"tableName":"Padel Count 7","dateTime":"2026-02-12 15:08:53","cartId":"260212000679","sendOrder":"SO001331","menuId":170,"cartItemId":15,"qty":1,"descs":"Nasi Goreng Seafood","modifier":"","printerId":5,"printerId2":14,"printerName":"Office 2","ipAddress":"192.168.1.238","port":"9100","cover":4}', 5, 14, '', 0, 0, 1, '2026-02-12 15:08:53', 76, '2026-02-12 15:08:53', 76),
	(21, '000110', '260212000679', 16, 171, 0, 'SO001331', '{"tableName":"Padel Count 7","dateTime":"2026-02-12 15:08:53","cartId":"260212000679","sendOrder":"SO001331","menuId":171,"cartItemId":16,"qty":1,"descs":"Mie Goreng Jawa","modifier":"","printerId":4,"printerId2":14,"printerName":"Kasir","ipAddress":"192.168.1.238","port":"9100","cover":4}', 4, 14, '', 0, 0, 1, '2026-02-12 15:08:53', 76, '2026-02-12 15:08:53', 76),
	(22, '000110', '260212000679', 16, 171, 0, 'SO001331', '{"tableName":"Padel Count 7","dateTime":"2026-02-12 15:08:53","cartId":"260212000679","sendOrder":"SO001331","menuId":171,"cartItemId":16,"qty":1,"descs":"Mie Goreng Jawa","modifier":"","printerId":5,"printerId2":14,"printerName":"Office 2","ipAddress":"192.168.1.238","port":"9100","cover":4}', 5, 14, '', 0, 0, 1, '2026-02-12 15:08:53', 76, '2026-02-12 15:08:53', 76),
	(23, '000110', '260212000680', 17, 195, 0, 'SO001332', '{"tableName":"Padel Count 1","dateTime":"2026-02-12 16:13:43","cartId":"260212000680","sendOrder":"SO001332","menuId":195,"cartItemId":17,"qty":1,"descs":"Tempe Goreng","modifier":"","printerId":4,"printerId2":14,"printerName":"Kasir","ipAddress":"192.168.1.238","port":"9100","cover":5}', 4, 14, '', 0, 0, 1, '2026-02-12 16:13:43', 76, '2026-02-12 16:13:43', 76),
	(24, '000110', '260212000680', 17, 195, 0, 'SO001332', '{"tableName":"Padel Count 1","dateTime":"2026-02-12 16:13:43","cartId":"260212000680","sendOrder":"SO001332","menuId":195,"cartItemId":17,"qty":1,"descs":"Tempe Goreng","modifier":"","printerId":5,"printerId2":14,"printerName":"Office 2","ipAddress":"192.168.1.238","port":"9100","cover":5}', 5, 14, '', 0, 0, 1, '2026-02-12 16:13:43', 76, '2026-02-12 16:13:43', 76),
	(25, '000110', '260212000680', 18, 196, 0, 'SO001332', '{"tableName":"Padel Count 1","dateTime":"2026-02-12 16:13:43","cartId":"260212000680","sendOrder":"SO001332","menuId":196,"cartItemId":18,"qty":1,"descs":"Tahu Isi","modifier":"","printerId":4,"printerId2":14,"printerName":"Kasir","ipAddress":"192.168.1.238","port":"9100","cover":5}', 4, 14, '', 0, 0, 1, '2026-02-12 16:13:43', 76, '2026-02-12 16:13:43', 76),
	(26, '000110', '260212000680', 18, 196, 0, 'SO001332', '{"tableName":"Padel Count 1","dateTime":"2026-02-12 16:13:43","cartId":"260212000680","sendOrder":"SO001332","menuId":196,"cartItemId":18,"qty":1,"descs":"Tahu Isi","modifier":"","printerId":5,"printerId2":14,"printerName":"Office 2","ipAddress":"192.168.1.238","port":"9100","cover":5}', 5, 14, '', 0, 0, 1, '2026-02-12 16:13:43', 76, '2026-02-12 16:13:43', 76),
	(27, '000110', '260212000681', 19, 199, 0, 'SO001333', '{"tableName":"Padel Count 8","dateTime":"2026-02-12 16:17:53","cartId":"260212000681","sendOrder":"SO001333","menuId":199,"cartItemId":19,"qty":2,"descs":"Kentang Goreng","modifier":"","printerId":4,"printerId2":14,"printerName":"Kasir","ipAddress":"192.168.1.238","port":"9100","cover":4}', 4, 14, '', 0, 0, 1, '2026-02-12 16:17:53', 76, '2026-02-12 16:17:53', 76),
	(28, '000110', '260212000681', 19, 199, 0, 'SO001333', '{"tableName":"Padel Count 8","dateTime":"2026-02-12 16:17:53","cartId":"260212000681","sendOrder":"SO001333","menuId":199,"cartItemId":19,"qty":2,"descs":"Kentang Goreng","modifier":"","printerId":5,"printerId2":14,"printerName":"Office 2","ipAddress":"192.168.1.238","port":"9100","cover":4}', 5, 14, '', 0, 0, 1, '2026-02-12 16:17:53', 76, '2026-02-12 16:17:53', 76),
	(29, '000110', '260212000682', 20, 199, 0, 'SO001335', '{"tableName":"Padel Count 8","dateTime":"2026-02-12 16:21:50","cartId":"260212000682","sendOrder":"SO001335","menuId":199,"cartItemId":20,"qty":2,"descs":"Kentang Goreng","modifier":"","printerId":4,"printerId2":14,"printerName":"Kasir","ipAddress":"192.168.1.238","port":"9100","cover":4}', 4, 14, '', 0, 0, 1, '2026-02-12 16:21:50', 76, '2026-02-12 16:21:50', 76),
	(30, '000110', '260212000682', 20, 199, 0, 'SO001335', '{"tableName":"Padel Count 8","dateTime":"2026-02-12 16:21:50","cartId":"260212000682","sendOrder":"SO001335","menuId":199,"cartItemId":20,"qty":2,"descs":"Kentang Goreng","modifier":"","printerId":5,"printerId2":14,"printerName":"Office 2","ipAddress":"192.168.1.238","port":"9100","cover":4}', 5, 14, '', 0, 0, 1, '2026-02-12 16:21:50', 76, '2026-02-12 16:21:50', 76),
	(31, '000110', '260212000682', 21, 194, 0, 'SO001336', '{"tableName":"Padel Count 8","dateTime":"2026-02-12 18:08:01","cartId":"260212000682","sendOrder":"SO001336","menuId":194,"cartItemId":21,"qty":1,"descs":"Tahu Goreng","modifier":"","printerId":4,"printerId2":14,"printerName":"Kasir","ipAddress":"192.168.1.238","port":"9100","cover":4}', 4, 14, '', 0, 0, 1, '2026-02-12 18:08:01', 76, '2026-02-12 18:08:01', 76),
	(32, '000110', '260212000682', 21, 194, 0, 'SO001336', '{"tableName":"Padel Count 8","dateTime":"2026-02-12 18:08:01","cartId":"260212000682","sendOrder":"SO001336","menuId":194,"cartItemId":21,"qty":1,"descs":"Tahu Goreng","modifier":"","printerId":5,"printerId2":14,"printerName":"Office 2","ipAddress":"192.168.1.238","port":"9100","cover":4}', 5, 14, '', 0, 0, 1, '2026-02-12 18:08:01', 76, '2026-02-12 18:08:01', 76),
	(33, '000110', '260212000682', 22, 195, 0, 'SO001336', '{"tableName":"Padel Count 8","dateTime":"2026-02-12 18:08:01","cartId":"260212000682","sendOrder":"SO001336","menuId":195,"cartItemId":22,"qty":1,"descs":"Tempe Goreng","modifier":"","printerId":4,"printerId2":14,"printerName":"Kasir","ipAddress":"192.168.1.238","port":"9100","cover":4}', 4, 14, '', 0, 0, 1, '2026-02-12 18:08:01', 76, '2026-02-12 18:08:01', 76),
	(34, '000110', '260212000682', 22, 195, 0, 'SO001336', '{"tableName":"Padel Count 8","dateTime":"2026-02-12 18:08:01","cartId":"260212000682","sendOrder":"SO001336","menuId":195,"cartItemId":22,"qty":1,"descs":"Tempe Goreng","modifier":"","printerId":5,"printerId2":14,"printerName":"Office 2","ipAddress":"192.168.1.238","port":"9100","cover":4}', 5, 14, '', 0, 0, 1, '2026-02-12 18:08:01', 76, '2026-02-12 18:08:01', 76),
	(35, '000111', '260213000683', 23, 199, 0, 'SO001348', '{"tableName":"Padel Count 7","dateTime":"2026-02-13 14:47:59","cartId":"260213000683","sendOrder":"SO001348","menuId":199,"cartItemId":23,"qty":1,"descs":"Kentang Goreng","modifier":"","printerId":4,"printerId2":14,"printerName":"Kasir","ipAddress":"192.168.1.238","port":"9100","cover":4}', 4, 14, '', 0, 0, 1, '2026-02-13 14:47:59', 76, '2026-02-13 14:47:59', 76),
	(36, '000111', '260213000683', 23, 199, 0, 'SO001348', '{"tableName":"Padel Count 7","dateTime":"2026-02-13 14:47:59","cartId":"260213000683","sendOrder":"SO001348","menuId":199,"cartItemId":23,"qty":1,"descs":"Kentang Goreng","modifier":"","printerId":5,"printerId2":14,"printerName":"Office 2","ipAddress":"192.168.1.238","port":"9100","cover":4}', 5, 14, '', 0, 0, 1, '2026-02-13 14:47:59', 76, '2026-02-13 14:47:59', 76),
	(37, '000111', '260213000684', 24, 199, 0, 'SO001349', '{"tableName":"Padel Count 6","dateTime":"2026-02-13 14:50:02","cartId":"260213000684","sendOrder":"SO001349","menuId":199,"cartItemId":24,"qty":1,"descs":"Kentang Goreng","modifier":"","printerId":4,"printerId2":14,"printerName":"Kasir","ipAddress":"192.168.1.238","port":"9100","cover":4}', 4, 14, '', 0, 0, 1, '2026-02-13 14:50:02', 76, '2026-02-13 14:50:02', 76),
	(38, '000111', '260213000684', 24, 199, 0, 'SO001349', '{"tableName":"Padel Count 6","dateTime":"2026-02-13 14:50:02","cartId":"260213000684","sendOrder":"SO001349","menuId":199,"cartItemId":24,"qty":1,"descs":"Kentang Goreng","modifier":"","printerId":5,"printerId2":14,"printerName":"Office 2","ipAddress":"192.168.1.238","port":"9100","cover":4}', 5, 14, '', 0, 0, 1, '2026-02-13 14:50:02', 76, '2026-02-13 14:50:02', 76),
	(39, '000111', '260213000684', 25, 201, 0, 'SO001350', '{"tableName":"Padel Count 6","dateTime":"2026-02-13 14:51:34","cartId":"260213000684","sendOrder":"SO001350","menuId":201,"cartItemId":25,"qty":3,"descs":"Es batu","modifier":"","printerId":4,"printerId2":14,"printerName":"Kasir","ipAddress":"192.168.1.238","port":"9100","cover":4}', 4, 14, '', 0, 0, 1, '2026-02-13 14:51:34', 76, '2026-02-13 14:51:34', 76),
	(40, '000111', '260213000684', 25, 201, 0, 'SO001350', '{"tableName":"Padel Count 6","dateTime":"2026-02-13 14:51:34","cartId":"260213000684","sendOrder":"SO001350","menuId":201,"cartItemId":25,"qty":3,"descs":"Es batu","modifier":"","printerId":5,"printerId2":14,"printerName":"Office 2","ipAddress":"192.168.1.238","port":"9100","cover":4}', 5, 14, '', 0, 0, 1, '2026-02-13 14:51:34', 76, '2026-02-13 14:51:34', 76),
	(41, '000112', '260223000685', 26, 194, 0, 'SO001356', '{"tableName":"Padel Count 6","dateTime":"2026-02-23 15:27:50","cartId":"260223000685","sendOrder":"SO001356","menuId":194,"cartItemId":26,"qty":10,"descs":"Tahu Goreng","modifier":"Jgn Asin, Tidak Pedas3","printerId":4,"printerId2":14,"printerName":"Kasir","ipAddress":"192.168.1.238","port":"9100","cover":4}', 4, 14, '', 0, 0, 1, '2026-02-23 15:27:50', 76, '2026-02-23 15:27:50', 76),
	(42, '000112', '260223000685', 26, 194, 0, 'SO001356', '{"tableName":"Padel Count 6","dateTime":"2026-02-23 15:27:50","cartId":"260223000685","sendOrder":"SO001356","menuId":194,"cartItemId":26,"qty":10,"descs":"Tahu Goreng","modifier":"Jgn Asin, Tidak Pedas3","printerId":5,"printerId2":14,"printerName":"Office 2","ipAddress":"192.168.1.238","port":"9100","cover":4}', 5, 14, '', 0, 0, 1, '2026-02-23 15:27:50', 76, '2026-02-23 15:27:50', 76),
	(43, '000112', '260223000685', 27, 195, 0, 'SO001356', '{"tableName":"Padel Count 6","dateTime":"2026-02-23 15:27:50","cartId":"260223000685","sendOrder":"SO001356","menuId":195,"cartItemId":27,"qty":5,"descs":"Tempe Goreng","modifier":"Jgn Asin, Tidak Pedas3","printerId":4,"printerId2":14,"printerName":"Kasir","ipAddress":"192.168.1.238","port":"9100","cover":4}', 4, 14, '', 0, 0, 1, '2026-02-23 15:27:50', 76, '2026-02-23 15:27:50', 76),
	(44, '000112', '260223000685', 27, 195, 0, 'SO001356', '{"tableName":"Padel Count 6","dateTime":"2026-02-23 15:27:50","cartId":"260223000685","sendOrder":"SO001356","menuId":195,"cartItemId":27,"qty":5,"descs":"Tempe Goreng","modifier":"Jgn Asin, Tidak Pedas3","printerId":5,"printerId2":14,"printerName":"Office 2","ipAddress":"192.168.1.238","port":"9100","cover":4}', 5, 14, '', 0, 0, 1, '2026-02-23 15:27:50', 76, '2026-02-23 15:27:50', 76),
	(45, '000112', '260223000685', 28, 196, 0, 'SO001356', '{"tableName":"Padel Count 6","dateTime":"2026-02-23 15:27:50","cartId":"260223000685","sendOrder":"SO001356","menuId":196,"cartItemId":28,"qty":1,"descs":"Tahu Isi","modifier":"Jgn Asin, Tidak Pedas3","printerId":4,"printerId2":14,"printerName":"Kasir","ipAddress":"192.168.1.238","port":"9100","cover":4}', 4, 14, '', 0, 0, 1, '2026-02-23 15:27:50', 76, '2026-02-23 15:27:50', 76),
	(46, '000112', '260223000685', 28, 196, 0, 'SO001356', '{"tableName":"Padel Count 6","dateTime":"2026-02-23 15:27:50","cartId":"260223000685","sendOrder":"SO001356","menuId":196,"cartItemId":28,"qty":1,"descs":"Tahu Isi","modifier":"Jgn Asin, Tidak Pedas3","printerId":5,"printerId2":14,"printerName":"Office 2","ipAddress":"192.168.1.238","port":"9100","cover":4}', 5, 14, '', 0, 0, 1, '2026-02-23 15:27:50', 76, '2026-02-23 15:27:50', 76),
	(47, '000112', '260223000685', 29, 197, 0, 'SO001356', '{"tableName":"Padel Count 6","dateTime":"2026-02-23 15:27:50","cartId":"260223000685","sendOrder":"SO001356","menuId":197,"cartItemId":29,"qty":1,"descs":"Lumpia Goreng","modifier":"Jgn Asin, Tidak Pedas3","printerId":4,"printerId2":14,"printerName":"Kasir","ipAddress":"192.168.1.238","port":"9100","cover":4}', 4, 14, '', 0, 0, 1, '2026-02-23 15:27:50', 76, '2026-02-23 15:27:50', 76),
	(48, '000112', '260223000685', 29, 197, 0, 'SO001356', '{"tableName":"Padel Count 6","dateTime":"2026-02-23 15:27:50","cartId":"260223000685","sendOrder":"SO001356","menuId":197,"cartItemId":29,"qty":1,"descs":"Lumpia Goreng","modifier":"Jgn Asin, Tidak Pedas3","printerId":5,"printerId2":14,"printerName":"Office 2","ipAddress":"192.168.1.238","port":"9100","cover":4}', 5, 14, '', 0, 0, 1, '2026-02-23 15:27:50', 76, '2026-02-23 15:27:50', 76),
	(49, '000112', '260223000685', 30, 198, 0, 'SO001356', '{"tableName":"Padel Count 6","dateTime":"2026-02-23 15:27:50","cartId":"260223000685","sendOrder":"SO001356","menuId":198,"cartItemId":30,"qty":1,"descs":"Kentang Goreng","modifier":"Jgn Asin, Tidak Pedas3","printerId":4,"printerId2":14,"printerName":"Kasir","ipAddress":"192.168.1.238","port":"9100","cover":4}', 4, 14, '', 0, 0, 1, '2026-02-23 15:27:50', 76, '2026-02-23 15:27:50', 76),
	(50, '000112', '260223000685', 30, 198, 0, 'SO001356', '{"tableName":"Padel Count 6","dateTime":"2026-02-23 15:27:50","cartId":"260223000685","sendOrder":"SO001356","menuId":198,"cartItemId":30,"qty":1,"descs":"Kentang Goreng","modifier":"Jgn Asin, Tidak Pedas3","printerId":5,"printerId2":14,"printerName":"Office 2","ipAddress":"192.168.1.238","port":"9100","cover":4}', 5, 14, '', 0, 0, 1, '2026-02-23 15:27:50', 76, '2026-02-23 15:27:50', 76),
	(51, '000113', '260226000686', 32, 195, 0, 'SO001360', '{"tableName":"Padel Count 1","dateTime":"2026-02-26 17:05:46","cartId":"260226000686","sendOrder":"SO001360","menuId":195,"cartItemId":32,"qty":1,"descs":"Tempe Goreng","modifier":"","printerId":4,"printerId2":14,"printerName":"Kasir","ipAddress":"192.168.1.238","port":"9100","cover":4}', 4, 14, '', 0, 0, 1, '2026-02-26 17:05:46', 76, '2026-02-26 17:50:17', 76),
	(52, '000113', '260226000686', 32, 195, 0, 'SO001360', '{"tableName":"Padel Count 1","dateTime":"2026-02-26 17:05:46","cartId":"260226000686","sendOrder":"SO001360","menuId":195,"cartItemId":32,"qty":1,"descs":"Tempe Goreng","modifier":"","printerId":5,"printerId2":14,"printerName":"Office 2","ipAddress":"192.168.1.238","port":"9100","cover":4}', 5, 14, '', 0, 0, 1, '2026-02-26 17:05:46', 76, '2026-02-26 17:05:46', 76),
	(53, '000113', '260226000686', 33, 194, 0, 'SO001360', '{"tableName":"Padel Count 1","dateTime":"2026-02-26 17:05:46","cartId":"260226000686","sendOrder":"SO001360","menuId":194,"cartItemId":33,"qty":1,"descs":"Tahu Goreng","modifier":"","printerId":4,"printerId2":14,"printerName":"Kasir","ipAddress":"192.168.1.238","port":"9100","cover":4}', 4, 14, '', 0, 0, 1, '2026-02-26 17:05:46', 76, '2026-02-26 17:05:46', 76),
	(54, '000113', '260226000686', 33, 194, 0, 'SO001360', '{"tableName":"Padel Count 1","dateTime":"2026-02-26 17:05:46","cartId":"260226000686","sendOrder":"SO001360","menuId":194,"cartItemId":33,"qty":1,"descs":"Tahu Goreng","modifier":"","printerId":5,"printerId2":14,"printerName":"Office 2","ipAddress":"192.168.1.238","port":"9100","cover":4}', 5, 14, '', 0, 0, 1, '2026-02-26 17:05:46', 76, '2026-02-26 17:05:46', 76);

-- Dumping structure for table pos_resto.print_queue_status
CREATE TABLE IF NOT EXISTS `print_queue_status` (
  `id` tinyint(4) NOT NULL AUTO_INCREMENT,
  `name` varchar(50) NOT NULL DEFAULT '',
  PRIMARY KEY (`id`) USING BTREE
) ENGINE=InnoDB AUTO_INCREMENT=4 DEFAULT CHARSET=utf16 COLLATE=utf16_bin;

-- Dumping data for table pos_resto.print_queue_status: ~4 rows (approximately)
INSERT INTO `print_queue_status` (`id`, `name`) VALUES
	(-1, 'FAILED'),
	(0, 'PENDING'),
	(1, 'PRINTING'),
	(2, 'DONE');

-- Dumping structure for table pos_resto.reports
CREATE TABLE IF NOT EXISTS `reports` (
  `id` smallint(6) NOT NULL AUTO_INCREMENT,
  `parentId` smallint(6) NOT NULL DEFAULT 0,
  `name` varchar(250) NOT NULL DEFAULT '',
  `label` varchar(250) NOT NULL DEFAULT '',
  `startDate` tinyint(4) NOT NULL DEFAULT 1,
  `endDate` tinyint(4) NOT NULL DEFAULT 1,
  `employeeId` tinyint(4) NOT NULL DEFAULT 0,
  `outletId` tinyint(4) NOT NULL DEFAULT 0,
  `mapId` varchar(10) NOT NULL DEFAULT '',
  `sorting` smallint(6) NOT NULL DEFAULT 0,
  `presence` tinyint(2) NOT NULL DEFAULT 1,
  `inputDate` datetime NOT NULL DEFAULT '2025-01-01 00:00:00',
  `inputBy` smallint(6) NOT NULL DEFAULT 1,
  `updateDate` datetime NOT NULL DEFAULT '2025-01-01 00:00:00',
  `updateBy` smallint(6) NOT NULL DEFAULT 1,
  PRIMARY KEY (`id`) USING BTREE
) ENGINE=InnoDB AUTO_INCREMENT=22 DEFAULT CHARSET=utf16 COLLATE=utf16_bin;

-- Dumping data for table pos_resto.reports: ~20 rows (approximately)
INSERT INTO `reports` (`id`, `parentId`, `name`, `label`, `startDate`, `endDate`, `employeeId`, `outletId`, `mapId`, `sorting`, `presence`, `inputDate`, `inputBy`, `updateDate`, `updateBy`) VALUES
	(2, 0, 'salesSummaryReport', '1. Sales Summary Report', 1, 1, 1, 0, '', 1, 1, '2025-01-01 00:00:00', 1, '2025-01-01 00:00:00', 1),
	(3, 20, 'cashierReports', '2a. Cashier Report - POS Printer Paper', 1, 1, 1, 0, '', 2, 1, '2025-01-01 00:00:00', 1, '2025-01-01 00:00:00', 1),
	(4, 20, 'cashierReports', '2b. Cashier Report - Desktop Printer Paper', 1, 1, 1, 0, '', 3, 1, '2025-01-01 00:00:00', 1, '2025-01-01 00:00:00', 1),
	(5, 21, 'itemizedSalesDetail', '3a. Itemized Sales Report - Detail', 1, 1, 1, 0, '', 4, 1, '2025-01-01 00:00:00', 1, '2025-01-01 00:00:00', 1),
	(6, 21, 'itemizedSalesSummary', '3b. Itemized Sales Report - Summary', 1, 1, 1, 0, '', 5, 1, '2025-01-01 00:00:00', 1, '2025-01-01 00:00:00', 1),
	(7, 0, 'checkDiscountListing', '4. Check Discount Listing Report', 1, 1, 1, 0, '', 6, 1, '2025-01-01 00:00:00', 1, '2025-01-01 00:00:00', 1),
	(8, 0, 'salesHistoryReport', '5. Sales History Report', 1, 1, 1, 0, '', 7, 1, '2025-01-01 00:00:00', 1, '2025-01-01 00:00:00', 1),
	(9, 0, 'salesReportPerHour', '6. Sales Report by Hour', 1, 1, 1, 0, '', 8, 1, '2025-01-01 00:00:00', 1, '2025-01-01 00:00:00', 1),
	(10, 0, 'closeCheckReports', '7. Close Check Report', 1, 1, 1, 0, '', 9, 1, '2025-01-01 00:00:00', 1, '2025-01-01 00:00:00', 1),
	(11, 0, 'ccPayment', '8. Credit Card Payment Report', 1, 1, 1, 0, '', 10, 1, '2025-01-01 00:00:00', 1, '2025-01-01 00:00:00', 1),
	(12, 0, 'scHistory', '9. Service Charge History Report', 1, 1, 1, 0, '', 11, 1, '2025-01-01 00:00:00', 1, '2025-01-01 00:00:00', 1),
	(13, 0, 'taxHistory', '10. Tax History Report', 1, 1, 1, 0, '', 12, 1, '2025-01-01 00:00:00', 1, '2025-01-01 00:00:00', 1),
	(14, 0, 'itemizedSales', '11. Itemized Sales Simple Report', 1, 1, 1, 0, '', 13, 1, '2025-01-01 00:00:00', 1, '2025-01-01 00:00:00', 1),
	(15, 0, 'itemCount', '12. Item Count Report', 1, 1, 1, 0, '', 14, 1, '2025-01-01 00:00:00', 1, '2025-01-01 00:00:00', 1),
	(16, 0, 'employeeItemizedSales', '13. Employee Itemized Sales Report', 1, 1, 1, 0, '', 15, 1, '2025-01-01 00:00:00', 1, '2025-01-01 00:00:00', 1),
	(17, 0, 'managerClose', '14. Manager Close Report', 1, 1, 1, 0, '', 16, 1, '2025-01-01 00:00:00', 1, '2025-01-01 00:00:00', 1),
	(18, 0, 'serverCloseReport', '15. Server Close Report', 1, 1, 1, 0, '', 17, 1, '2025-01-01 00:00:00', 1, '2025-01-01 00:00:00', 1),
	(19, 0, 'dailyStartCloseHistory', '16. Daily Start-Close History Report', 1, 1, 1, 0, '', 18, 1, '2025-01-01 00:00:00', 1, '2025-01-01 00:00:00', 1),
	(20, 0, 'Cashier Report', '2. Cashier Report', 1, 1, 1, 0, '', 2, 1, '2025-01-01 00:00:00', 1, '2025-01-01 00:00:00', 1),
	(21, 0, 'Itemized Sales Report', '3. Itemized Sales Report', 1, 1, 1, 0, '', 3, 1, '2025-01-01 00:00:00', 1, '2025-01-01 00:00:00', 1);

-- Dumping structure for table pos_resto.reports_token
CREATE TABLE IF NOT EXISTS `reports_token` (
  `id` smallint(6) NOT NULL AUTO_INCREMENT,
  `token` varchar(50) NOT NULL DEFAULT '',
  `expTime` varchar(50) NOT NULL DEFAULT '',
  `createdName` varchar(50) NOT NULL DEFAULT '',
  `presence` tinyint(2) NOT NULL DEFAULT 1,
  `inputDate` datetime NOT NULL DEFAULT '2025-01-01 00:00:00',
  `inputBy` smallint(6) NOT NULL DEFAULT 1,
  `updateDate` datetime NOT NULL DEFAULT '2025-01-01 00:00:00',
  `updateBy` smallint(6) NOT NULL DEFAULT 1,
  PRIMARY KEY (`id`) USING BTREE
) ENGINE=InnoDB AUTO_INCREMENT=90 DEFAULT CHARSET=utf16 COLLATE=utf16_bin;

-- Dumping data for table pos_resto.reports_token: ~59 rows (approximately)
INSERT INTO `reports_token` (`id`, `token`, `expTime`, `createdName`, `presence`, `inputDate`, `inputBy`, `updateDate`, `updateBy`) VALUES
	(22, 'e0a918f5206ef532c38a6299eb964d42', '1768897544', 'System', 1, '2026-01-20 08:10:44', 0, '2025-01-01 00:00:00', 1),
	(23, '0f43cf3ae7a40a2b4c3ba0169a55991c', '1768897570', 'System', 1, '2026-01-20 08:11:10', 0, '2025-01-01 00:00:00', 1),
	(24, 'fe98c4500bf7cd15e2480b3ff316400b', '1768897651', 'System', 1, '2026-01-20 08:12:31', 0, '2025-01-01 00:00:00', 1),
	(25, 'a2d261c6d08169327c065ffb412e91db', '1768897654', 'System', 1, '2026-01-20 08:12:34', 0, '2025-01-01 00:00:00', 1),
	(26, '519784fb22524062809310603c84a66f', '1768897681', 'System', 1, '2026-01-20 08:13:01', 0, '2025-01-01 00:00:00', 1),
	(27, 'b66ea62a41c82ba2d9aa571819212166', '1768897684', 'System', 1, '2026-01-20 08:13:04', 0, '2025-01-01 00:00:00', 1),
	(28, '600d7014f8e8ed522903989aa1933246', '1768897734', 'sa ', 1, '2026-01-20 08:13:54', 76, '2025-01-01 00:00:00', 1),
	(29, '87edc97c9b111bc15d4d23c40fc9c1f4', '1768897735', 'sa ', 1, '2026-01-20 08:13:55', 76, '2025-01-01 00:00:00', 1),
	(30, 'f3faf91f18432ef04679ff7f689cf5e7', '1768897852', 'sa ', 1, '2026-01-20 08:15:52', 76, '2025-01-01 00:00:00', 1),
	(31, 'bb0bb713525009ca8cffa4c80c8f333b', '1768900536', 'sa ', 1, '2026-01-20 09:00:36', 76, '2025-01-01 00:00:00', 1),
	(32, '1ca6f003eb2eca9d04cb0680ffc0d33d', '1768900566', 'sa ', 1, '2026-01-20 09:01:06', 76, '2025-01-01 00:00:00', 1),
	(33, '48c621bfe0ac29f7acc8886a057f5edc', '1768901528', 'sa ', 1, '2026-01-20 09:17:08', 76, '2025-01-01 00:00:00', 1),
	(34, '66a530b9a8afc345f0d8abce69202216', '1768987198', 'sa ', 1, '2026-01-20 09:19:58', 76, '2025-01-01 00:00:00', 1),
	(35, '8ce9cd252c2bd55a0a136692896c7113', '1768987211', 'sa ', 1, '2026-01-20 09:20:11', 76, '2025-01-01 00:00:00', 1),
	(36, '6c26b574aa5fd4257b66cb68265bccf2', '1768987704', 'sa ', 1, '2026-01-20 09:28:24', 76, '2025-01-01 00:00:00', 1),
	(37, '8f235a7668f4fd4d79e29683c8c1ebfc', '1768987749', 'sa ', 1, '2026-01-20 09:29:09', 76, '2025-01-01 00:00:00', 1),
	(38, '0523efe820bf57a8dd74b8108e73b4b9', '1768987749', 'sa ', 1, '2026-01-20 09:29:09', 76, '2025-01-01 00:00:00', 1),
	(39, '686770086001bc5c50550f92eae58550', '1768987810', 'sa ', 1, '2026-01-20 09:30:10', 76, '2025-01-01 00:00:00', 1),
	(40, '243e4fbaec4b3d2fbb8491da5b412b4d', '1768988547', 'sa ', 1, '2026-01-20 09:42:27', 76, '2025-01-01 00:00:00', 1),
	(41, '2b0cdc62917abb455998d3006035f1be', '1768990102', 'sa ', 1, '2026-01-20 10:08:22', 76, '2025-01-01 00:00:00', 1),
	(42, '204a266110b42c92515ae438f807c09a', '1768990113', 'sa ', 1, '2026-01-20 10:08:33', 76, '2025-01-01 00:00:00', 1),
	(43, '37412bf4e7a33d0d74d76f9e76765da7', '1768990656', 'sa ', 1, '2026-01-20 10:17:36', 76, '2025-01-01 00:00:00', 1),
	(44, '7835db32e409f61cd72a1d703f672e74', '1768991008', 'sa ', 1, '2026-01-20 10:23:28', 76, '2025-01-01 00:00:00', 1),
	(45, 'a9bca8d065389cbc8e47d8658d8b0f14', '1768991796', 'sa ', 1, '2026-01-20 10:36:36', 76, '2025-01-01 00:00:00', 1),
	(46, '25d8365015c5927ee2d299f57ec0bdcb', '1768991805', 'sa ', 1, '2026-01-20 10:36:45', 76, '2025-01-01 00:00:00', 1),
	(47, 'a9e4b992581d2dac8ade6c80ee65a00b', '1768991811', 'sa ', 1, '2026-01-20 10:36:51', 76, '2025-01-01 00:00:00', 1),
	(48, '35787be9508e2a5dfe648e37dbc3ad65', '1768991827', 'sa ', 1, '2026-01-20 10:37:07', 76, '2025-01-01 00:00:00', 1),
	(49, '2055a818701f85394f58a9ef4e5ac4ef', '1768992185', 'sa ', 1, '2026-01-20 10:43:05', 76, '2025-01-01 00:00:00', 1),
	(50, 'e9aaa5974795bef8fe6fd07f6fa6161e', '1768992195', 'sa ', 1, '2026-01-20 10:43:15', 76, '2025-01-01 00:00:00', 1),
	(51, '7bb4f738fd8b29de86f39033aef0cb5c', '1768992347', 'sa ', 1, '2026-01-20 10:45:47', 76, '2025-01-01 00:00:00', 1),
	(52, '84793b85d2762aed4dfd10f5d2852992', '1768992364', 'sa ', 1, '2026-01-20 10:46:04', 76, '2025-01-01 00:00:00', 1),
	(53, 'c1138261c59779abc3724da109473563', '1768992369', 'sa ', 1, '2026-01-20 10:46:09', 76, '2025-01-01 00:00:00', 1),
	(54, '06862d4308d57277feb196ff2341d94a', '1768992411', 'sa ', 1, '2026-01-20 10:46:51', 76, '2025-01-01 00:00:00', 1),
	(55, 'b7c1bb252fbe21e19d420aaaf342b811', '1768993053', 'sa ', 1, '2026-01-20 10:57:33', 76, '2025-01-01 00:00:00', 1),
	(56, '1bfb9930c76af3f5bde9bd8fa6564650', '1768993116', 'sa ', 1, '2026-01-20 10:58:36', 76, '2025-01-01 00:00:00', 1),
	(57, 'd9450b6a375a7415498bbef9a5baa99b', '1768993126', 'sa ', 1, '2026-01-20 10:58:46', 76, '2025-01-01 00:00:00', 1),
	(58, 'f8509e52aaeaf00e0c57f88f18d43fbf', '1768993142', 'sa ', 1, '2026-01-20 10:59:02', 76, '2025-01-01 00:00:00', 1),
	(59, 'fc3b6d4d6775142a0728f1d393954621', '1768993250', 'sa ', 1, '2026-01-20 11:00:50', 76, '2025-01-01 00:00:00', 1),
	(60, '5b5822dc46d6ba95bc9e36913e639362', '1768994205', 'sa ', 1, '2026-01-20 11:16:45', 76, '2025-01-01 00:00:00', 1),
	(61, '926e9919714676de96fb0e18b81f353b', '1768994211', 'sa ', 1, '2026-01-20 11:16:51', 76, '2025-01-01 00:00:00', 1),
	(62, 'df9398b592fa5ec73eb69429a0c92b09', '1768994214', 'sa ', 1, '2026-01-20 11:16:54', 76, '2025-01-01 00:00:00', 1),
	(63, 'd4bf3e9d9b4d1e8326a7f76f41e99f65', '1768994467', 'sa ', 1, '2026-01-20 11:21:07', 76, '2025-01-01 00:00:00', 1),
	(64, 'd243b2a971aee7510237de7784100632', '1768994472', 'sa ', 1, '2026-01-20 11:21:12', 76, '2025-01-01 00:00:00', 1),
	(65, '52d586963d8986a5888a407c53156fde', '1768994478', 'sa ', 1, '2026-01-20 11:21:18', 76, '2025-01-01 00:00:00', 1),
	(66, '24dc6b0f0fc0b1cfc8320724e364e576', '1768994568', 'sa ', 1, '2026-01-20 11:22:48', 76, '2025-01-01 00:00:00', 1),
	(67, 'b1d12c925b30c01ec2356248119acc51', '1768994928', 'sa ', 1, '2026-01-20 11:28:48', 76, '2025-01-01 00:00:00', 1),
	(68, 'ba087dc95d4535eff53b1bd3e9eb42cf', '1768994932', 'sa ', 1, '2026-01-20 11:28:52', 76, '2025-01-01 00:00:00', 1),
	(69, '6ccc4c4c8e535d3f7909abaac57b1e19', '1768994938', 'sa ', 1, '2026-01-20 11:28:58', 76, '2025-01-01 00:00:00', 1),
	(70, '68b82fa3b72781168f64fc0dc37fa0de', '1768994993', 'sa ', 1, '2026-01-20 11:29:53', 76, '2025-01-01 00:00:00', 1),
	(71, '7dad7c2737b2565738aab424c2686d3c', '1768995028', 'sa ', 1, '2026-01-20 11:30:28', 76, '2025-01-01 00:00:00', 1),
	(72, '44908aa0e941bdbdf7a2c9516cba6ffd', '1768995066', 'sa ', 1, '2026-01-20 11:31:06', 76, '2025-01-01 00:00:00', 1),
	(73, 'ab87c1d49bff412509131f47fa08835c', '1768995808', 'sa ', 1, '2026-01-20 11:43:28', 76, '2025-01-01 00:00:00', 1),
	(74, '5cbe644878d2ba158234b2cefda7c210', '1768995817', 'sa ', 1, '2026-01-20 11:43:37', 76, '2025-01-01 00:00:00', 1),
	(75, 'cb3ab5aeb791787e890569cd7976c0c5', '1768996000', 'sa ', 1, '2026-01-20 11:46:40', 76, '2025-01-01 00:00:00', 1),
	(76, '656fbbb708efb52fa76d2f2bfff0124c', '1768996036', 'sa ', 1, '2026-01-20 11:47:16', 76, '2025-01-01 00:00:00', 1),
	(77, 'bf8b58133ddb6cfefd92549b5fb85f9a', '1768996074', 'sa ', 1, '2026-01-20 11:47:54', 76, '2025-01-01 00:00:00', 1),
	(78, 'a00b60fec4a939c84f0aeb896b910b89', '1768996110', 'sa ', 1, '2026-01-20 11:48:30', 76, '2025-01-01 00:00:00', 1),
	(79, '9c9b4cc93598939eb21ae0672ac9af22', '1768996207', 'sa ', 1, '2026-01-20 11:50:07', 76, '2025-01-01 00:00:00', 1),
	(80, 'b9e5f9a62395bc690d31f675414d71e9', '1768996449', 'sa ', 1, '2026-01-20 11:54:09', 76, '2025-01-01 00:00:00', 1),
	(81, 'b4321e6aaa7abe0e1e834cc859098253', '1769574725', 'sa ', 1, '2026-01-27 04:32:05', 76, '2025-01-01 00:00:00', 1),
	(82, 'e1227ccf32b539cfb95d9472d68e751b', '1769574730', 'sa ', 1, '2026-01-27 04:32:10', 76, '2025-01-01 00:00:00', 1),
	(83, 'f4a9cae921abc387eede1ac19008aa44', '1769587957', 'sa ', 1, '2026-01-27 08:12:37', 76, '2025-01-01 00:00:00', 1),
	(84, '942ee97c46493386d2bea935b4620b1f', '1769591234', 'sa ', 1, '2026-01-27 09:07:14', 76, '2025-01-01 00:00:00', 1),
	(85, '69161d7077a7fc3fc8713d044530f11f', '1769591397', 'sa ', 1, '2026-01-27 09:09:57', 76, '2025-01-01 00:00:00', 1),
	(86, 'dd4136d832b7f6718950a63cda219304', '1769592675', 'sa ', 1, '2026-01-27 09:31:15', 76, '2025-01-01 00:00:00', 1),
	(87, '5dbbbb22ffd7a62117cd5b99f5d68baa', '1770782715', 'sa ', 1, '2026-02-10 04:05:15', 76, '2025-01-01 00:00:00', 1),
	(88, '649dffbea4afb408918be4ec616519c6', '1770783783', 'sa ', 1, '2026-02-10 04:23:03', 76, '2025-01-01 00:00:00', 1),
	(89, '109a38bb4c5390d0601e669fdb495912', '1771921807', 'sa   ', 1, '2026-02-23 08:30:07', 76, '2025-01-01 00:00:00', 1);

-- Dumping structure for table pos_resto.send_order
CREATE TABLE IF NOT EXISTS `send_order` (
  `id` varchar(50) CHARACTER SET utf8mb4 COLLATE utf8mb4_general_ci NOT NULL DEFAULT '',
  `cartId` varchar(50) CHARACTER SET utf8mb4 COLLATE utf8mb4_general_ci NOT NULL DEFAULT '',
  `sendOrderDate` datetime NOT NULL DEFAULT '2025-01-01 00:00:00',
  `presence` tinyint(2) NOT NULL DEFAULT 1,
  `inputDate` datetime NOT NULL DEFAULT '2025-01-01 00:00:00',
  `inputBy` smallint(6) NOT NULL DEFAULT 1,
  `updateDate` datetime NOT NULL DEFAULT '2025-01-01 00:00:00',
  `updateBy` smallint(6) NOT NULL DEFAULT 1,
  PRIMARY KEY (`id`)
) ENGINE=InnoDB DEFAULT CHARSET=utf16 COLLATE=utf16_bin;

-- Dumping data for table pos_resto.send_order: ~14 rows (approximately)
INSERT INTO `send_order` (`id`, `cartId`, `sendOrderDate`, `presence`, `inputDate`, `inputBy`, `updateDate`, `updateBy`) VALUES
	('SO001321', '260211000677', '2026-02-11 18:17:22', 1, '2026-02-11 18:17:22', 76, '2026-02-11 18:17:22', 76),
	('SO001322', '260211000677', '2026-02-11 18:28:16', 1, '2026-02-11 18:28:16', 76, '2026-02-11 18:28:16', 76),
	('SO001325', '260211000677', '2026-02-11 18:56:46', 1, '2026-02-11 18:56:46', 76, '2026-02-11 18:56:46', 76),
	('SO001326', '260211000677', '2026-02-11 19:15:03', 1, '2026-02-11 19:15:03', 76, '2026-02-11 19:15:03', 76),
	('SO001327', '260211000677', '2026-02-11 19:15:27', 1, '2026-02-11 19:15:27', 76, '2026-02-11 19:15:27', 76),
	('SO001330', '260212000678', '2026-02-12 15:08:08', 1, '2026-02-12 15:08:08', 76, '2026-02-12 15:08:08', 76),
	('SO001331', '260212000679', '2026-02-12 15:08:53', 1, '2026-02-12 15:08:53', 76, '2026-02-12 15:08:53', 76),
	('SO001332', '260212000680', '2026-02-12 16:13:43', 1, '2026-02-12 16:13:43', 76, '2026-02-12 16:13:43', 76),
	('SO001333', '260212000681', '2026-02-12 16:17:53', 1, '2026-02-12 16:17:53', 76, '2026-02-12 16:17:53', 76),
	('SO001335', '260212000682', '2026-02-12 16:21:50', 1, '2026-02-12 16:21:50', 76, '2026-02-12 16:21:50', 76),
	('SO001336', '260212000682', '2026-02-12 18:08:01', 1, '2026-02-12 18:08:01', 76, '2026-02-12 18:08:01', 76),
	('SO001348', '260213000683', '2026-02-13 14:47:59', 1, '2026-02-13 14:47:59', 76, '2026-02-13 14:47:59', 76),
	('SO001349', '260213000684', '2026-02-13 14:50:02', 1, '2026-02-13 14:50:02', 76, '2026-02-13 14:50:02', 76),
	('SO001350', '260213000684', '2026-02-13 14:51:34', 1, '2026-02-13 14:51:34', 76, '2026-02-13 14:51:34', 76),
	('SO001356', '260223000685', '2026-02-23 15:27:50', 1, '2026-02-23 15:27:50', 76, '2026-02-23 15:27:50', 76),
	('SO001360', '260226000686', '2026-02-26 17:05:46', 1, '2026-02-26 17:05:46', 76, '2026-02-26 17:05:46', 76);

-- Dumping structure for table pos_resto.template_table_map
CREATE TABLE IF NOT EXISTS `template_table_map` (
  `id` int(11) NOT NULL AUTO_INCREMENT,
  `name` varchar(100) NOT NULL DEFAULT '',
  `capacity` tinyint(4) NOT NULL DEFAULT 4,
  `image` varchar(250) NOT NULL DEFAULT '',
  `icon` varchar(250) NOT NULL DEFAULT '',
  `width` smallint(6) NOT NULL DEFAULT 50,
  `height` smallint(6) NOT NULL DEFAULT 50,
  `presence` tinyint(4) NOT NULL DEFAULT 1,
  `inputDate` datetime NOT NULL DEFAULT '2025-01-01 00:00:00',
  `inputBy` smallint(6) NOT NULL DEFAULT 1,
  `updateDate` datetime NOT NULL DEFAULT '2025-01-01 00:00:00',
  `updateBy` smallint(6) NOT NULL DEFAULT 1,
  PRIMARY KEY (`id`)
) ENGINE=InnoDB AUTO_INCREMENT=8 DEFAULT CHARSET=utf16 COLLATE=utf16_bin;

-- Dumping data for table pos_resto.template_table_map: ~6 rows (approximately)
INSERT INTO `template_table_map` (`id`, `name`, `capacity`, `image`, `icon`, `width`, `height`, `presence`, `inputDate`, `inputBy`, `updateDate`, `updateBy`) VALUES
	(1, '4 Dine In', 4, '', 'cover4.png', 80, 80, 1, '2025-01-01 00:00:00', 1, '2025-08-04 16:29:54', 1),
	(2, '6 Dine In', 6, '', 'cover4.png', 50, 100, 1, '2025-01-01 00:00:00', 1, '2025-08-04 16:29:54', 1),
	(3, 'Single Bar', 1, '', 'table4.png', 50, 50, 1, '2025-01-01 00:00:00', 1, '2025-08-04 16:29:54', 1),
	(4, 'test3', 1, '', 'table4.png', 80, 80, 0, '2025-08-04 16:00:32', 1, '2025-08-04 16:11:13', 1),
	(5, 'test3', 1, '', 'table4.png', 80, 80, 0, '2025-08-04 16:00:36', 1, '2025-08-04 16:11:13', 1),
	(6, 'Kapasitas 6', 6, '', 'cover4.png', 50, 50, 1, '2025-08-04 16:15:08', 1, '2025-08-04 16:29:54', 1),
	(7, 'Kapasitas 6', 6, '', 'cover4.png', 50, 50, 0, '2026-02-24 15:46:01', 1, '2026-02-24 15:46:05', 1);

-- Dumping structure for table pos_resto.terminal
CREATE TABLE IF NOT EXISTS `terminal` (
  `id` int(11) NOT NULL AUTO_INCREMENT,
  `terminalId` varchar(200) NOT NULL DEFAULT '',
  `exp` date NOT NULL DEFAULT '2000-01-01',
  `priceNo` tinyint(4) NOT NULL DEFAULT 0,
  `printerId` tinyint(4) NOT NULL DEFAULT 0,
  `presence` tinyint(2) NOT NULL DEFAULT 1,
  `inputDate` datetime NOT NULL DEFAULT '2025-01-01 00:00:00',
  `inputBy` smallint(6) NOT NULL DEFAULT 1,
  `updateDate` datetime NOT NULL DEFAULT '2025-01-01 00:00:00',
  `updateBy` smallint(6) NOT NULL DEFAULT 1,
  PRIMARY KEY (`id`) USING BTREE
) ENGINE=InnoDB AUTO_INCREMENT=5105 DEFAULT CHARSET=utf16 COLLATE=utf16_bin;

-- Dumping data for table pos_resto.terminal: ~4 rows (approximately)
INSERT INTO `terminal` (`id`, `terminalId`, `exp`, `priceNo`, `printerId`, `presence`, `inputDate`, `inputBy`, `updateDate`, `updateBy`) VALUES
	(1, '0001', '2026-08-20', 0, 0, 1, '2025-07-03 18:32:53', 1, '2025-12-04 13:09:25', 1),
	(5102, '0002', '2025-08-20', 0, 0, 1, '2025-07-11 17:04:44', 1, '2025-12-04 13:09:25', 1),
	(5103, '0003', '2027-01-01', 0, 0, 1, '2025-07-11 17:04:44', 1, '2025-12-04 13:09:25', 1),
	(5104, '0005', '2027-01-01', 0, 0, 1, '2025-07-30 12:51:53', 1, '2025-12-04 13:09:25', 1);

-- Dumping structure for table pos_resto.terminal_token
CREATE TABLE IF NOT EXISTS `terminal_token` (
  `id` int(11) NOT NULL AUTO_INCREMENT,
  `terminalId` varchar(200) NOT NULL DEFAULT '',
  `presence` tinyint(2) NOT NULL DEFAULT 1,
  `inputDate` datetime NOT NULL DEFAULT '2025-01-01 00:00:00',
  `inputBy` smallint(6) NOT NULL DEFAULT 1,
  `updateDate` datetime NOT NULL DEFAULT '2025-01-01 00:00:00',
  `updateBy` smallint(6) NOT NULL DEFAULT 1,
  PRIMARY KEY (`id`) USING BTREE
) ENGINE=InnoDB AUTO_INCREMENT=5183 DEFAULT CHARSET=utf16 COLLATE=utf16_bin;

-- Dumping data for table pos_resto.terminal_token: ~4 rows (approximately)
INSERT INTO `terminal_token` (`id`, `terminalId`, `presence`, `inputDate`, `inputBy`, `updateDate`, `updateBy`) VALUES
	(5169, '0002', 1, '2025-07-10 18:17:14', 1, '2025-07-10 18:17:14', 1),
	(5178, '0001', 1, '2025-09-02 13:59:40', 1, '2025-09-02 13:59:40', 1),
	(5181, '0003', 1, '2025-11-10 16:59:44', 1, '2025-11-10 16:59:44', 1),
	(5182, '0005', 1, '2025-11-10 16:59:49', 1, '2025-11-10 16:59:49', 1);

-- Dumping structure for table pos_resto.ux
CREATE TABLE IF NOT EXISTS `ux` (
  `id` smallint(6) NOT NULL AUTO_INCREMENT,
  `name` varchar(50) NOT NULL,
  `pos1Sorting` smallint(6) NOT NULL DEFAULT 99,
  `pos2Sorting` smallint(6) NOT NULL DEFAULT 99,
  `pos3Sorting` smallint(6) NOT NULL DEFAULT 99,
  `pos1Status` tinyint(4) NOT NULL DEFAULT 1,
  `pos2Status` tinyint(4) NOT NULL DEFAULT 1,
  `pos3Status` tinyint(4) NOT NULL DEFAULT 1,
  `pos1Class` varchar(50) NOT NULL DEFAULT '',
  `pos2Class` varchar(50) NOT NULL DEFAULT '',
  `pos3Class` varchar(50) NOT NULL DEFAULT '',
  PRIMARY KEY (`id`)
) ENGINE=InnoDB AUTO_INCREMENT=16 DEFAULT CHARSET=utf16 COLLATE=utf16_bin;

-- Dumping data for table pos_resto.ux: ~14 rows (approximately)
INSERT INTO `ux` (`id`, `name`, `pos1Sorting`, `pos2Sorting`, `pos3Sorting`, `pos1Status`, `pos2Status`, `pos3Status`, `pos1Class`, `pos2Class`, `pos3Class`) VALUES
	(1, 'Send Order', 1, 11, 99, 1, 1, 1, '', 'primary', ''),
	(2, 'Table Checker', 2, 3, 99, 1, 1, 1, '', 'primary', ''),
	(3, 'info', 3, 1, 99, 1, 0, 1, '', 'success', ''),
	(4, 'Bill', 4, 15, 99, 1, 1, 1, '', 'success', ''),
	(5, 'Payment', 5, 12, 99, 1, 1, 1, '', 'success', ''),
	(6, 'Exit Without Order', 6, 14, 99, 1, 1, 1, '', 'warning', ''),
	(7, 'Transfer Items', 7, 2, 99, 1, 1, 1, '', 'warning', ''),
	(8, 'Take Out', 99, 13, 99, 1, 1, 1, '', 'warning', ''),
	(9, 'Merger', 99, 10, 99, 1, 1, 1, '', 'primary', ''),
	(10, 'Change Cover', 99, 9, 99, 1, 1, 1, '', 'primary', ''),
	(11, 'Change Table', 99, 6, 99, 1, 1, 1, '', 'primary', ''),
	(12, 'Transfer Log', 99, 5, 99, 1, 1, 1, '', 'primary', ''),
	(13, 'Merger Log', 99, 4, 99, 1, 1, 1, '', 'primary', ''),
	(14, 'Void Transaction', 99, 7, 99, 1, 1, 1, '', 'info', ''),
	(15, 'Void Item', 99, 8, 99, 1, 1, 1, '', 'danger', '');

-- Dumping structure for view pos_resto.view_cart
-- Creating temporary table to overcome VIEW dependency errors
CREATE TABLE `view_cart` (
	`id` VARCHAR(1) NULL COLLATE 'utf8mb4_general_ci',
	`cartMenuId` BIGINT(16) NOT NULL,
	`inputDate` DATETIME NULL,
	`sendOrder` VARCHAR(1) NOT NULL COLLATE 'utf8mb4_general_ci',
	`name` VARCHAR(1) NOT NULL COLLATE 'utf8mb4_general_ci',
	`type` VARCHAR(1) NOT NULL COLLATE 'utf8mb4_general_ci',
	`price` DOUBLE(22,5) NOT NULL,
	`total` SMALLINT(6) NULL,
	`totalAmount` DOUBLE(22,5) NULL,
	`employeeName` VARCHAR(1) NULL COLLATE 'utf8mb4_general_ci'
);

-- Dumping structure for view pos_resto.view_discount
-- Creating temporary table to overcome VIEW dependency errors
CREATE TABLE `view_discount` (
	`id` VARCHAR(1) NOT NULL COLLATE 'utf8mb4_general_ci',
	`sendOrder` VARCHAR(1) NOT NULL COLLATE 'utf8mb4_general_ci',
	`menu` VARCHAR(1) NOT NULL COLLATE 'utf8mb4_general_ci',
	`discountId` TINYINT(4) NOT NULL,
	`discountName` VARCHAR(1) NOT NULL COLLATE 'utf8mb4_general_ci',
	`discountAmount` FLOAT(10,5) NOT NULL,
	`qty` SMALLINT(6) NOT NULL,
	`TotalDiscountAmount` DOUBLE(22,5) NOT NULL,
	`inputDate` DATETIME NOT NULL
);

-- Dumping structure for table pos_resto.void_reason
CREATE TABLE IF NOT EXISTS `void_reason` (
  `id` int(11) NOT NULL AUTO_INCREMENT,
  `name` varchar(250) NOT NULL,
  `status` tinyint(4) NOT NULL DEFAULT 1,
  `presence` tinyint(4) NOT NULL DEFAULT 1,
  `inputDate` datetime NOT NULL DEFAULT '2025-01-01 00:00:00',
  `inputBy` varchar(50) NOT NULL DEFAULT '',
  `updateDate` datetime NOT NULL DEFAULT '2025-01-01 00:00:00',
  `updateBy` varchar(50) NOT NULL DEFAULT '',
  PRIMARY KEY (`id`)
) ENGINE=InnoDB AUTO_INCREMENT=4 DEFAULT CHARSET=utf16 COLLATE=utf16_bin;

-- Dumping data for table pos_resto.void_reason: ~2 rows (approximately)
INSERT INTO `void_reason` (`id`, `name`, `status`, `presence`, `inputDate`, `inputBy`, `updateDate`, `updateBy`) VALUES
	(1, 'Sala Pilih', 1, 1, '2025-01-01 00:00:00', '', '2025-01-01 00:00:00', ''),
	(2, 'Kelebihan', 1, 1, '2025-01-01 00:00:00', '', '2025-01-01 00:00:00', ''),
	(3, 'tidak cocok', 1, 1, '2025-01-01 00:00:00', '', '2025-01-01 00:00:00', '');

-- Removing temporary table and create final VIEW structure
DROP TABLE IF EXISTS `view_cart`;
CREATE ALGORITHM=UNDEFINED SQL SECURITY DEFINER VIEW `view_cart` AS SELECT t1.* FROM (

 SELECT  
	c.cartId AS 'id',  (c.id * 1000) AS 'cartMenuId',  c.inputDate, c.sendOrder,  m.name,
	'menu' AS 'type',
	 c.debit AS 'price',c.qty AS 'total', 
	c.debit * c.qty  AS 'totalAmount', 
	e.name AS 'employeeName'
FROM cart_item AS c
JOIN menu AS m ON m.id = c.menuId
left join employee as e on e.id = c.inputBy
WHERE  c.presence = 1 AND c.void  = 0 

        
        UNION ALL
        
        SELECT d.cartId AS 'id', (c.id * 1000) + 30 AS 'cartMenuId', d.inputDate,  d.sendOrder, 
 concat(d.note,' - ',m.name) AS 'name', 	'discount' AS 'type',
d.credit  * -1 AS 'price', 
c.qty, d.credit * c.qty * -1 AS 'totalAmount' , 	e.name AS 'employeeName'
FROM cart_item_discount AS d
JOIN cart_item AS c ON c.id = d.cartItemId
JOIN menu AS m ON m.id = c.menuId
left join employee as e on e.id = c.inputBy
WHERE d.presence = 1 AND d.void = 0 AND c.presence = 1 AND c.void = 0
	
	
	UNION ALL 
	
	SELECT  i.cartId AS 'id',   (r.cartItemId * 1000 ) + 20 AS 'cartMenuId', i.inputDate,  
	r.sendOrder, CONCAT('+ ', m.descl,' ',r.remark) AS 'name',  	'modifier' AS 'type',
 r.debit AS 'price',   i.qty AS 'total',
(r.debit - r.credit) * i.qty AS totalAmount, '' AS 'employeeName'
FROM cart_item  AS i 
RIGHT JOIN cart_item_modifier AS r ON r.cartItemId = i.id
JOIN modifier AS m ON m.id = r.modifierId  
WHERE   r.void = 0 AND r.presence = 1 
AND i.presence = 1 AND i.void = 0 

	UNION ALL
	
	SELECT  i.cartId AS 'id',  (r.cartItemId * 1000 ) + 90 AS 'cartMenuId',  r.inputDate, i.sendOrder, 
	r.note AS  'name', 	'sc' AS 'type',
	r.debit AS 'price' ,i.qty, 
	(r.debit - r.credit) * i.qty AS totalAmount, '' AS employeeName
	FROM cart_item AS i
	JOIN cart_item_sc AS r ON r.cartItemId = i.id
	WHERE    r.void = 0 AND r.presence = 1 
	AND i.void = 0  AND i.void = 0
	
	
	UNION ALL
	SELECT r.cartId AS 'id', (r.cartItemId * 1000 ) + 90 AS 'cartMenuId', r.inputDate, r.sendOrder,  
	r.note AS  'name', 'tax' AS 'type',
		 r.debit AS 'price',   i.qty AS 'total',
		(r.debit - r.credit) * i.qty AS totalAmount, '' AS employeeName
	FROM cart_item AS i
	JOIN cart_item_tax AS r ON r.cartItemId = i.id
	WHERE   r.void = 0 AND r.presence = 1 
	AND i.presence = 1 AND i.void = 0 

) AS t1 
ORDER BY t1.cartMenuId ASC 
;

-- Removing temporary table and create final VIEW structure
DROP TABLE IF EXISTS `view_discount`;
CREATE ALGORITHM=UNDEFINED SQL SECURITY DEFINER VIEW `view_discount` AS SELECT d.cartId AS 'id',  d.sendOrder, 
 m.name AS 'menu',
 d.discountId AS 'discountId',
 d.note AS 'discountName',
d.credit AS 'discountAmount', 
i.qty, d.credit * i.qty AS 'TotalDiscountAmount', d.inputDate
FROM cart_item_discount AS d
JOIN cart_item AS i ON i.id = d.cartItemId
JOIN menu AS m ON m.id = i.menuId
WHERE d.presence = 1 AND d.void = 0 AND i.presence = 1 AND i.void = 0 
;

/*!40103 SET TIME_ZONE=IFNULL(@OLD_TIME_ZONE, 'system') */;
/*!40101 SET SQL_MODE=IFNULL(@OLD_SQL_MODE, '') */;
/*!40014 SET FOREIGN_KEY_CHECKS=IFNULL(@OLD_FOREIGN_KEY_CHECKS, 1) */;
/*!40101 SET CHARACTER_SET_CLIENT=@OLD_CHARACTER_SET_CLIENT */;
/*!40111 SET SQL_NOTES=IFNULL(@OLD_SQL_NOTES, 1) */;
